Date,US - SPX,PE_RATIO,PX_TO_BOOK_RATIO,PX_TO_SALES_RATIO,EARN_YLD,DIV_YLD,earnings,sales
2016-01-31,100.0,100.0,100.0,100.0,100.0,100.0,100.0,100.0
2016-02-07,96.897809461242,92.75484414490313,100.0,100.0,92.16152019002375,100.0,100.0,100.0
2016-02-14,96.11079241138697,92.75484414490313,100.0,100.0,92.16152019002375,100.0,100.0,100.0
2016-02-21,98.84241325554851,92.75484414490313,100.0,100.0,92.16152019002375,100.0,100.0,100.0
2016-02-28,100.40253054431719,92.75484414490313,100.0,100.0,92.16152019002375,100.0,100.0,100.0
2016-03-06,103.07951595167269,98.5256950294861,100.0,100.0,98.33729216152018,90.99526066350711,99.6795412379828,100.0
2016-03-13,104.22370178866254,98.5256950294861,100.0,100.0,98.33729216152018,90.99526066350711,99.6795412379828,100.0
2016-03-20,105.6353898714054,98.5256950294861,100.0,100.0,98.33729216152018,90.99526066350711,99.6795412379828,100.0
2016-03-27,104.93237700766672,98.5256950294861,100.0,100.0,98.33729216152018,90.99526066350711,99.6795412379828,100.0
2016-04-03,106.83111572432283,100.96882898062343,100.0,100.0,100.95011876484561,97.15639810426539,99.21571934558948,100.0745255649304
2016-04-10,105.53333535500387,100.96882898062343,100.0,100.0,100.95011876484561,97.15639810426539,99.21571934558948,100.0745255649304
2016-04-17,107.2408563343447,100.96882898062343,100.0,100.0,100.95011876484561,97.15639810426539,99.21571934558948,100.0745255649304
2016-04-24,107.8000705403636,100.96882898062343,100.0,100.0,100.95011876484561,97.15639810426539,99.21571934558948,100.0745255649304
2016-05-01,106.44559741182549,100.96882898062343,100.0,100.0,100.95011876484561,97.15639810426539,99.21571934558948,100.0745255649304
2016-05-08,106.02502282872899,100.96882898062343,100.0,100.0,100.95011876484561,97.15639810426539,99.21571934558948,100.0745255649304
2016-05-15,105.48231124255605,100.96882898062343,100.0,100.0,100.95011876484561,97.15639810426539,99.21571934558948,100.0745255649304
2016-05-22,105.77660901172649,100.96882898062343,100.0,100.0,100.95011876484561,97.15639810426539,99.21571934558948,100.0745255649304
2016-05-29,108.18558885286093,100.96882898062343,100.0,100.0,100.95011876484561,97.15639810426539,99.21571934558948,100.0745255649304
2016-06-05,108.18918759420744,100.96882898062343,100.0,100.0,100.95011876484561,98.5781990521327,98.71816495193119,100.0745255649304
2016-06-12,108.03148470855794,100.96882898062343,100.0,100.0,100.95011876484561,98.5781990521327,98.71816495193119,100.0745255649304
2016-06-19,106.75071027955299,100.96882898062343,100.0,100.0,100.95011876484561,98.5781990521327,98.71816495193119,100.0745255649304
2016-06-26,105.00814561262469,100.96882898062343,100.0,100.0,100.95011876484561,98.5781990521327,98.71816495193119,100.0745255649304
2016-07-03,108.38607397829405,103.28559393428813,100.0,100.0,103.08788598574822,99.0521327014218,98.57480182155507,100.36198131537621
2016-07-10,109.77507489093989,103.28559393428813,100.0,100.0,103.08788598574822,99.0521327014218,98.57480182155507,100.36198131537621
2016-07-17,111.41611352795813,103.28559393428813,100.0,100.0,103.08788598574822,99.0521327014218,98.57480182155507,100.36198131537621
2016-07-24,112.10108235291749,103.28559393428813,100.0,100.0,103.08788598574822,99.0521327014218,98.57480182155507,100.36198131537621
2016-07-31,112.02738365338433,103.28559393428813,100.0,100.0,103.08788598574822,99.0521327014218,98.57480182155507,100.36198131537621
2016-08-07,112.5051606076739,103.49620893007582,100.0,100.0,103.32541567695961,99.0521327014218,98.57480182155507,100.36198131537621
2016-08-14,112.56597430322518,103.49620893007582,100.0,100.0,103.32541567695961,99.0521327014218,98.57480182155507,100.36198131537621
2016-08-21,112.55670062360149,103.49620893007582,100.0,100.0,103.32541567695961,99.0521327014218,98.57480182155507,100.36198131537621
2016-08-28,111.79235816083177,103.49620893007582,100.0,100.0,103.32541567695961,99.0521327014218,98.57480182155507,100.36198131537621
2016-09-04,112.35620291515664,102.02190395956193,100.0,100.0,101.90023752969122,101.89573459715639,100.28672626075223,100.36198131537621
2016-09-11,109.66736431077875,102.02190395956193,100.0,100.0,101.90023752969122,101.89573459715639,100.28672626075223,100.36198131537621
2016-09-18,110.25233594174972,102.02190395956193,100.0,100.0,101.90023752969122,101.89573459715639,100.28672626075223,100.36198131537621
2016-09-25,111.56815405834215,102.02190395956193,100.0,100.0,101.90023752969122,101.89573459715639,100.28672626075223,100.36198131537621
2016-10-02,111.75267134192661,102.02190395956193,100.0,100.0,101.90023752969122,100.9478672985782,100.86861190757294,101.00254629013511
2016-10-09,111.00379340053752,102.02190395956193,100.0,100.0,101.90023752969122,100.9478672985782,100.86861190757294,101.00254629013511
2016-10-16,109.93382216656057,102.02190395956193,100.0,100.0,101.90023752969122,100.9478672985782,100.86861190757294,101.00254629013511
2016-10-23,110.35541597360488,102.02190395956193,100.0,100.0,101.90023752969122,100.9478672985782,100.86861190757294,101.00254629013511
2016-10-30,109.59520073867313,102.02190395956193,100.0,100.0,101.90023752969122,100.9478672985782,100.86861190757294,101.00254629013511
2016-11-06,107.47020688862008,98.35720303285595,100.0,100.0,98.33729216152018,100.0,102.79979760499242,101.00254629013511
2016-11-13,111.55578495784,98.35720303285595,100.0,100.0,98.33729216152018,100.0,102.79979760499242,101.00254629013511
2016-11-20,112.45515571917386,98.35720303285595,100.0,100.0,98.33729216152018,100.0,102.79979760499242,101.00254629013511
2016-11-27,114.07609928650548,98.35720303285595,100.0,100.0,98.33729216152018,100.0,102.79979760499242,101.00254629013511
2016-12-04,112.97313539584835,100.0842459983151,100.0,100.0,100.0,100.4739336492891,105.01770956316412,101.00254629013511
2016-12-11,116.45621369879768,100.0842459983151,100.0,100.0,100.0,100.4739336492891,105.01770956316412,101.00254629013511
2016-12-18,116.3809672888253,100.0842459983151,100.0,100.0,100.0,100.4739336492891,105.01770956316412,101.00254629013511
2016-12-25,116.67577466996963,100.0842459983151,100.0,100.0,100.0,100.4739336492891,105.01770956316412,101.00254629013511
2017-01-01,115.38933788569918,100.0842459983151,100.0,100.0,100.0,100.4739336492891,105.01770956316412,101.00254629013511
2017-01-08,117.35558446013155,100.0842459983151,100.0,100.0,100.0,100.4739336492891,105.01770956316412,101.00254629013511
2017-01-15,117.23497629297681,100.0842459983151,100.0,100.0,100.0,100.4739336492891,105.01770956316412,101.00254629013511
2017-01-22,117.06335659638594,100.0842459983151,100.0,100.0,100.0,100.4739336492891,105.01770956316412,101.00254629013511
2017-01-29,118.26835612892705,100.0842459983151,100.0,100.0,100.0,100.4739336492891,105.01770956316412,101.00254629013511
2017-02-05,118.4090593657684,99.74726200505476,100.0,100.0,99.7624703087886,104.26540284360189,108.57648844661831,101.00254629013511
2017-02-12,119.37183592306395,99.74726200505476,100.0,100.0,99.7624703087886,104.26540284360189,108.57648844661831,101.00254629013511
2017-02-19,121.17881931839587,99.74726200505476,100.0,100.0,99.7624703087886,104.26540284360189,108.57648844661831,101.00254629013511
2017-02-26,122.01274583587247,99.74726200505476,100.0,100.0,99.7624703087886,104.26540284360189,108.57648844661831,101.00254629013511
2017-03-05,122.82604879717103,99.41027801179445,100.0,100.0,99.2874109263658,106.1611374407583,110.38117726429412,101.00254629013511
2017-03-12,122.283846822972,99.41027801179445,100.0,100.0,99.2874109263658,106.1611374407583,110.38117726429412,101.00254629013511
2017-03-19,122.57504287975813,99.41027801179445,100.0,100.0,99.2874109263658,106.1611374407583,110.38117726429412,101.00254629013511
2017-03-26,120.80876552727915,99.41027801179445,100.0,100.0,99.2874109263658,106.1611374407583,110.38117726429412,101.00254629013511
2017-04-02,121.77462492244146,99.41027801179445,100.0,100.0,99.2874109263658,107.10900473933648,112.43885984145724,103.75200731060303
2017-04-09,121.40457113132474,99.41027801179445,100.0,100.0,99.2874109263658,107.10900473933648,112.43885984145724,103.75200731060303
2017-04-16,120.03411757792628,99.41027801179445,100.0,100.0,99.2874109263658,107.10900473933648,112.43885984145724,103.75200731060303
2017-04-23,121.05151698901618,99.41027801179445,100.0,100.0,99.2874109263658,107.10900473933648,112.43885984145724,103.75200731060303
2017-04-30,122.88170345792486,99.41027801179445,100.0,100.0,99.2874109263658,107.10900473933648,112.43885984145724,103.75200731060303
2017-05-07,123.65944682815619,98.18871103622578,100.0,100.0,98.09976247030878,107.10900473933648,112.43885984145724,103.75200731060303
2017-05-14,123.22701904803728,98.18871103622578,100.0,100.0,98.09976247030878,107.10900473933648,112.43885984145724,103.75200731060303
2017-05-21,122.75440112854514,98.18871103622578,100.0,100.0,98.09976247030878,107.10900473933648,112.43885984145724,103.75200731060303
2017-05-28,124.51140480140043,98.18871103622578,100.0,100.0,98.09976247030878,107.10900473933648,112.43885984145724,103.75200731060303
2017-06-04,125.7097101717166,98.56781802864364,100.0,100.0,98.5748218527316,107.10900473933648,114.79170180468883,103.75200731060303
2017-06-11,125.33346553884294,98.56781802864364,100.0,100.0,98.5748218527316,107.10900473933648,114.79170180468883,103.75200731060303
2017-06-18,125.40458472097737,98.56781802864364,100.0,100.0,98.5748218527316,107.10900473933648,114.79170180468883,103.75200731060303
2017-06-25,125.67002335281141,98.56781802864364,100.0,100.0,98.5748218527316,107.10900473933648,114.79170180468883,103.75200731060303
2017-07-02,124.90258546916326,98.56781802864364,100.0,100.0,98.5748218527316,108.05687203791469,116.07353685275763,105.2061430358521
2017-07-09,124.993812303996,98.56781802864364,100.0,100.0,98.5748218527316,108.05687203791469,116.07353685275763,105.2061430358521
2017-07-16,126.7508159768513,98.56781802864364,100.0,100.0,98.5748218527316,108.05687203791469,116.07353685275763,105.2061430358521
2017-07-23,127.43475299485117,98.56781802864364,100.0,100.0,98.5748218527316,108.05687203791469,116.07353685275763,105.2061430358521
2017-07-30,127.41207840776583,98.56781802864364,100.0,100.0,98.5748218527316,108.05687203791469,116.07353685275763,105.2061430358521
2017-08-06,127.65586167646232,97.55686604886269,100.0,100.0,97.38717339667457,108.05687203791469,117.28790689829651,105.2061430358521
2017-08-13,125.82567520755363,97.55686604886269,100.0,100.0,97.38717339667457,108.05687203791469,117.28790689829651,105.2061430358521
2017-08-20,125.0128881497348,97.55686604886269,100.0,100.0,97.38717339667457,108.05687203791469,117.28790689829651,105.2061430358521
2017-08-27,125.9148384284674,97.55686604886269,100.0,100.0,97.38717339667457,108.05687203791469,117.28790689829651,105.2061430358521
2017-09-03,127.6414289620412,98.06234203875317,100.0,100.0,97.86223277909738,107.58293838862559,118.0806206780233,105.2061430358521
2017-09-10,126.86213788137064,98.06234203875317,100.0,100.0,97.86223277909738,107.58293838862559,118.0806206780233,105.2061430358521
2017-09-17,128.86189301596295,98.06234203875317,100.0,100.0,97.86223277909738,107.58293838862559,118.0806206780233,105.2061430358521
2017-09-24,128.96445714433835,98.06234203875317,100.0,100.0,97.86223277909738,107.58293838862559,118.0806206780233,105.2061430358521
2017-10-01,129.84786006382356,98.06234203875317,100.0,100.0,97.86223277909738,107.58293838862559,118.0806206780233,105.2061430358521
2017-10-08,131.3925128312116,98.06234203875317,100.0,100.0,97.86223277909738,107.58293838862559,118.0806206780233,105.2061430358521
2017-10-15,131.590418439246,98.06234203875317,100.0,100.0,97.86223277909738,107.58293838862559,118.0806206780233,105.2061430358521
2017-10-22,132.72636240357164,98.06234203875317,100.0,100.0,97.86223277909738,107.58293838862559,118.0806206780233,105.2061430358521
2017-10-29,133.0283924334324,98.06234203875317,100.0,100.0,97.86223277909738,107.58293838862559,118.0806206780233,105.2061430358521
2017-11-05,133.37731934790304,100.29486099410279,100.0,100.0,100.23752969121139,110.42654028436019,119.69134761342555,105.2061430358521
2017-11-12,133.0917856463824,100.29486099410279,100.0,100.0,100.23752969121139,110.42654028436019,119.69134761342555,105.2061430358521
2017-11-19,132.9139751080346,100.29486099410279,100.0,100.0,100.23752969121139,110.42654028436019,119.69134761342555,105.2061430358521
2017-11-26,134.12876422367916,100.29486099410279,100.0,100.0,100.23752969121139,110.42654028436019,119.69134761342555,105.2061430358521
2017-12-03,136.180059374199,102.14827295703455,100.0,100.0,102.1377672209026,110.9004739336493,120.72862202732333,105.2061430358521
2017-12-10,136.6583522319683,102.14827295703455,100.0,100.0,102.1377672209026,110.9004739336493,120.72862202732333,105.2061430358521
2017-12-17,137.9112930390905,102.14827295703455,100.0,100.0,102.1377672209026,110.9004739336493,120.72862202732333,105.2061430358521
2017-12-24,138.29939086898656,102.14827295703455,100.0,100.0,102.1377672209026,110.9004739336493,120.72862202732333,105.2061430358521
2017-12-31,137.7979075206522,102.14827295703455,100.0,100.0,102.1377672209026,110.9004739336493,120.72862202732333,105.2061430358521
2018-01-07,141.381989658526,102.14827295703455,100.0,100.0,102.1377672209026,110.9004739336493,120.72862202732333,105.2061430358521
2018-01-14,143.60285347472947,102.14827295703455,100.0,100.0,102.1377672209026,110.9004739336493,120.72862202732333,105.2061430358521
2018-01-21,144.84290927786975,102.14827295703455,100.0,100.0,102.1377672209026,110.9004739336493,120.72862202732333,105.2061430358521
2018-01-28,148.0677715977015,102.14827295703455,100.0,100.0,102.1377672209026,110.9004739336493,120.72862202732333,105.2061430358521
2018-02-04,142.36021815419048,100.33698399326032,100.0,100.0,100.23752969121139,116.11374407582937,123.2163939956148,105.2061430358521
2018-02-11,135.0116512396846,100.33698399326032,100.0,100.0,100.23752969121139,116.11374407582937,123.2163939956148,105.2061430358521
2018-02-18,140.81866080768086,100.33698399326032,100.0,100.0,100.23752969121139,116.11374407582937,123.2163939956148,105.2061430358521
2018-02-25,141.59588827443247,100.33698399326032,100.0,100.0,100.23752969121139,116.11374407582937,123.2163939956148,105.2061430358521
2018-03-04,138.70706786508947,98.60994102780118,100.0,100.0,98.5748218527316,112.79620853080567,124.69219092595718,105.2061430358521
2018-03-11,143.61986570654932,98.60994102780118,100.0,100.0,98.5748218527316,112.79620853080567,124.69219092595718,105.2061430358521
2018-03-18,141.83863973616948,98.60994102780118,100.0,100.0,98.5748218527316,112.79620853080567,124.69219092595718,105.2061430358521
2018-03-25,133.39896212802887,98.60994102780118,100.0,100.0,98.5748218527316,112.79620853080567,124.69219092595718,105.2061430358521
2018-04-01,136.1104879025038,98.60994102780118,100.0,100.0,98.5748218527316,112.79620853080567,124.69219092595718,105.2061430358521
2018-04-08,134.234423772933,98.60994102780118,100.0,100.0,98.5748218527316,112.79620853080567,124.69219092595718,105.2061430358521
2018-04-15,136.90574682502304,98.60994102780118,100.0,100.0,98.5748218527316,112.79620853080567,124.69219092595718,105.2061430358521
2018-04-22,137.6190525923332,98.60994102780118,100.0,100.0,98.5748218527316,112.79620853080567,124.69219092595718,105.2061430358521
2018-04-29,137.60719939531077,98.60994102780118,100.0,100.0,98.5748218527316,112.79620853080567,124.69219092595718,105.2061430358521
2018-05-06,137.2727051952613,94.7346251053075,100.0,100.0,94.29928741092637,109.95260663507109,128.50396356889863,105.2061430358521
2018-05-13,140.58673073600679,94.7346251053075,100.0,100.0,94.29928741092637,109.95260663507109,128.50396356889863,105.2061430358521
2018-05-20,139.82651550107502,94.7346251053075,100.0,100.0,94.29928741092637,109.95260663507109,128.50396356889863,105.2061430358521
2018-05-27,140.2573955707547,94.7346251053075,100.0,100.0,94.29928741092637,109.95260663507109,128.50396356889863,105.2061430358521
2018-06-03,140.9423643957141,94.7346251053075,100.0,100.0,94.29928741092637,110.9004739336493,130.5194805194805,105.2061430358521
2018-06-10,143.23125197317353,94.7346251053075,100.0,100.0,94.29928741092637,110.9004739336493,130.5194805194805,105.2061430358521
2018-06-17,143.26371614336227,94.7346251053075,100.0,100.0,94.29928741092637,110.9004739336493,130.5194805194805,105.2061430358521
2018-06-24,141.98655303871556,94.7346251053075,100.0,100.0,94.29928741092637,110.9004739336493,130.5194805194805,105.2061430358521
2018-07-01,140.10483913689094,94.7346251053075,100.0,100.0,94.29928741092637,110.9004739336493,130.5194805194805,105.2061430358521
2018-07-08,142.24117028048667,94.7346251053075,100.0,100.0,94.29928741092637,110.9004739336493,130.5194805194805,105.2061430358521
2018-07-15,144.37956503800135,94.7346251053075,100.0,100.0,94.29928741092637,110.9004739336493,130.5194805194805,105.2061430358521
2018-07-22,144.4063668529246,94.7346251053075,100.0,100.0,94.29928741092637,110.9004739336493,130.5194805194805,105.2061430358521
2018-07-29,145.28203122021367,94.7346251053075,100.0,100.0,94.29928741092637,110.9004739336493,130.5194805194805,105.2061430358521
2018-08-05,146.39168927309578,94.22914911541703,100.0,100.0,93.82422802850357,112.79620853080567,135.70585258896946,105.2061430358521
2018-08-12,146.02729783724453,94.22914911541703,100.0,100.0,93.82422802850357,112.79620853080567,135.70585258896946,105.2061430358521
2018-08-19,146.89573955581716,94.22914911541703,100.0,100.0,93.82422802850357,112.79620853080567,135.70585258896946,105.2061430358521
2018-08-26,148.16156536692125,94.22914911541703,100.0,100.0,93.82422802850357,112.79620853080567,135.70585258896946,105.2061430358521
2018-09-02,149.54438802082186,94.22914911541703,100.0,100.0,93.82422802850357,113.74407582938387,138.4887839433294,105.2061430358521
2018-09-09,148.00642941565877,94.22914911541703,100.0,100.0,93.82422802850357,113.74407582938387,138.4887839433294,105.2061430358521
2018-09-16,149.7227144626494,94.22914911541703,100.0,100.0,93.82422802850357,113.74407582938387,138.4887839433294,105.2061430358521
2018-09-23,150.99523443597846,94.22914911541703,100.0,100.0,93.82422802850357,113.74407582938387,138.4887839433294,105.2061430358521
2018-09-30,150.1865746059976,94.22914911541703,100.0,100.0,93.82422802850357,113.74407582938387,138.4887839433294,105.2061430358521
2018-10-07,148.72232728337937,89.51137320977254,100.0,100.0,88.12351543942994,113.74407582938387,138.4887839433294,105.2061430358521
2018-10-14,142.61791823382833,89.51137320977254,100.0,100.0,88.12351543942994,113.74407582938387,138.4887839433294,105.2061430358521
2018-10-21,142.6514267939883,89.51137320977254,100.0,100.0,88.12351543942994,113.74407582938387,138.4887839433294,105.2061430358521
2018-10-28,137.0289219265648,89.51137320977254,100.0,100.0,88.12351543942994,113.74407582938387,138.4887839433294,105.2061430358521
2018-11-04,140.34655879166849,87.06823925863523,100.0,100.0,85.03562945368171,109.95260663507109,141.65120593692023,105.2061430358521
2018-11-11,143.33330019806917,87.06823925863523,100.0,100.0,85.03562945368171,109.95260663507109,141.65120593692023,105.2061430358521
2018-11-18,141.02740038878989,87.06823925863523,100.0,100.0,85.03562945368171,109.95260663507109,141.65120593692023,105.2061430358521
2018-11-25,135.68218735022285,87.06823925863523,100.0,100.0,85.03562945368171,109.95260663507109,141.65120593692023,105.2061430358521
2018-12-02,142.25920173625428,87.06823925863523,100.0,100.0,85.03562945368171,107.10900473933648,142.85714285714286,105.2061430358521
2018-12-09,135.7089891651461,87.06823925863523,100.0,100.0,85.03562945368171,107.10900473933648,142.85714285714286,105.2061430358521
2018-12-16,134.0014618942994,87.06823925863523,100.0,100.0,85.03562945368171,107.10900473933648,142.85714285714286,105.2061430358521
2018-12-23,124.55263933074482,87.06823925863523,100.0,100.0,85.03562945368171,107.10900473933648,142.85714285714286,105.2061430358521
2018-12-30,128.11507868849284,87.06823925863523,100.0,100.0,85.03562945368171,107.10900473933648,142.85714285714286,105.2061430358521
2019-01-06,130.4962249077445,87.06823925863523,106.5217391304348,103.31491712707184,85.03562945368171,100.9478672985782,144.03778040141677,119.15307018711239
2019-01-13,133.8112822554495,87.06823925863523,106.5217391304348,103.31491712707184,85.03562945368171,100.9478672985782,144.03778040141677,119.15307018711239
2019-01-20,137.6484339246552,87.06823925863523,106.5217391304348,103.31491712707184,85.03562945368171,100.9478672985782,144.03778040141677,119.15307018711239
2019-01-27,137.34177334648845,87.06823925863523,106.5217391304348,103.31491712707184,85.03562945368171,100.9478672985782,144.03778040141677,119.15307018711239
2019-02-03,139.49460081842423,86.77337826453244,106.5217391304348,103.31491712707184,84.79809976247033,101.4218009478673,144.48473604317763,119.15307018711239
2019-02-10,139.56417229011947,86.77337826453244,106.5217391304348,103.31491712707184,84.79809976247033,101.4218009478673,144.48473604317763,119.15307018711239
2019-02-17,143.05447324178522,86.77337826453244,106.5217391304348,103.31491712707184,84.79809976247033,101.4218009478673,144.48473604317763,119.15307018711239
2019-02-24,143.9342522539005,86.77337826453244,106.5217391304348,103.31491712707184,84.79809976247033,101.4218009478673,144.48473604317763,119.15307018711239
2019-03-03,144.50222423606334,87.86857624262848,106.5217391304348,103.31491712707184,86.22327790973871,106.1611374407583,144.602799797605,119.15307018711239
2019-03-10,141.37787501369976,87.86857624262848,106.5217391304348,103.31491712707184,86.22327790973871,106.1611374407583,144.602799797605,119.15307018711239
2019-03-17,145.47066314862437,87.86857624262848,106.5217391304348,103.31491712707184,86.22327790973871,106.1611374407583,144.602799797605,119.15307018711239
2019-03-24,144.3486359952401,87.86857624262848,106.5217391304348,103.31491712707184,86.22327790973871,106.1611374407583,144.602799797605,119.15307018711239
2019-03-31,146.08501611191733,87.86857624262848,106.5217391304348,103.31491712707184,86.22327790973871,106.1611374407583,144.602799797605,119.15307018711239
2019-04-07,149.09186517101634,90.81718618365628,106.5217391304348,103.31491712707184,89.78622327790976,106.1611374407583,144.602799797605,119.15307018711239
2019-04-14,149.84795317811015,90.81718618365628,106.5217391304348,103.31491712707184,89.78622327790976,106.1611374407583,144.602799797605,119.15307018711239
2019-04-21,149.72529398004812,90.81718618365628,106.5217391304348,103.31491712707184,89.78622327790976,106.1611374407583,144.602799797605,119.15307018711239
2019-04-28,151.52145598531715,90.81718618365628,106.5217391304348,103.31491712707184,89.78622327790976,106.1611374407583,144.602799797605,119.15307018711239
2019-05-05,151.81832698038045,89.09014321819714,106.5217391304348,103.31491712707184,87.64845605700711,109.95260663507109,144.05464665204926,119.15307018711239
2019-05-12,148.5073968605134,89.09014321819714,106.5217391304348,103.31491712707184,87.64845605700711,109.95260663507109,144.05464665204926,119.15307018711239
2019-05-19,147.38022325534342,89.09014321819714,106.5217391304348,103.31491712707184,87.64845605700711,109.95260663507109,144.05464665204926,119.15307018711239
2019-05-26,145.65518043220885,89.09014321819714,106.5217391304348,103.31491712707184,87.64845605700711,109.95260663507109,144.05464665204926,119.15307018711239
2019-06-02,141.8412192535682,89.09014321819714,106.5217391304348,103.31491712707184,87.64845605700711,107.58293838862559,144.0630797773655,119.15307018711239
2019-06-09,148.09199389522604,89.09014321819714,106.5217391304348,103.31491712707184,87.64845605700711,107.58293838862559,144.0630797773655,119.15307018711239
2019-06-16,148.79499417595304,89.09014321819714,106.5217391304348,103.31491712707184,87.64845605700711,107.58293838862559,144.0630797773655,119.15307018711239
2019-06-23,152.06675338039463,89.09014321819714,106.5217391304348,103.31491712707184,87.64845605700711,107.58293838862559,144.0630797773655,119.15307018711239
2019-06-30,151.61835775842707,89.09014321819714,106.5217391304348,103.31491712707184,87.64845605700711,107.58293838862559,144.0630797773655,119.15307018711239
2019-07-07,154.12577450009897,93.85004212299917,106.5217391304348,103.31491712707184,93.34916864608076,107.58293838862559,144.0630797773655,119.15307018711239
2019-07-14,155.3297548086923,93.85004212299917,106.5217391304348,103.31491712707184,93.34916864608076,107.58293838862559,144.0630797773655,119.15307018711239
2019-07-21,153.41453234670777,93.85004212299917,106.5217391304348,103.31491712707184,93.34916864608076,107.58293838862559,144.0630797773655,119.15307018711239
2019-07-28,155.9528781311409,93.85004212299917,106.5217391304348,103.31491712707184,93.34916864608076,107.58293838862559,144.0630797773655,119.15307018711239
2019-08-04,151.11790621705217,91.28053917438923,106.5217391304348,103.31491712707184,90.49881235154393,110.9004739336493,143.27036599763872,119.15307018711239
2019-08-11,150.42726245381564,91.28053917438923,106.5217391304348,103.31491712707184,90.49881235154393,110.9004739336493,143.27036599763872,119.15307018711239
2019-08-18,148.88260968642757,91.28053917438923,106.5217391304348,103.31491712707184,90.49881235154393,110.9004739336493,143.27036599763872,119.15307018711239
2019-08-25,146.74010028408665,91.28053917438923,106.5217391304348,103.31491712707184,90.49881235154393,110.9004739336493,143.27036599763872,119.15307018711239
2019-09-01,150.8297929981328,91.28053917438923,106.5217391304348,103.31491712707184,90.49881235154393,110.9004739336493,143.27036599763872,119.15307018711239
2019-09-08,153.52275883034866,91.28053917438923,106.5217391304348,103.31491712707184,90.49881235154393,110.9004739336493,143.27036599763872,119.15307018711239
2019-09-15,155.0009229639083,91.28053917438923,106.5217391304348,103.31491712707184,90.49881235154393,110.9004739336493,143.27036599763872,119.15307018711239
2019-09-22,154.21133897966624,91.28053917438923,106.5217391304348,103.31491712707184,90.49881235154393,110.9004739336493,143.27036599763872,119.15307018711239
2019-09-29,152.65070578741782,91.28053917438923,106.5217391304348,103.31491712707184,90.49881235154393,110.9004739336493,143.27036599763872,119.15307018711239
2019-10-06,152.1466429216847,92.8390901432182,106.5217391304348,103.31491712707184,92.16152019002375,109.00473933649289,141.4825434305954,123.54209363604906
2019-10-13,153.08776411584273,92.8390901432182,106.5217391304348,103.31491712707184,92.16152019002375,109.00473933649289,141.4825434305954,123.54209363604906
2019-10-20,153.90879304632574,92.8390901432182,106.5217391304348,103.31491712707184,92.16152019002375,109.00473933649289,141.4825434305954,123.54209363604906
2019-10-27,155.7822776584978,92.8390901432182,106.5217391304348,103.31491712707184,92.16152019002375,109.00473933649289,141.4825434305954,123.54209363604906
2019-11-03,158.06858571855855,95.28222409435553,106.5217391304348,103.31491712707184,95.01187648456057,108.5308056872038,143.48119413054476,123.54209363604906
2019-11-10,159.41739649183117,95.28222409435553,106.5217391304348,103.31491712707184,95.01187648456057,108.5308056872038,143.48119413054476,123.54209363604906
2019-11-17,160.8285560880826,95.28222409435553,106.5217391304348,103.31491712707184,95.01187648456057,108.5308056872038,143.48119413054476,123.54209363604906
2019-11-24,160.30439815266288,95.28222409435553,106.5217391304348,103.31491712707184,95.01187648456057,108.5308056872038,143.48119413054476,123.54209363604906
2019-12-01,161.8861582215574,95.28222409435553,106.5217391304348,103.31491712707184,95.01187648456057,108.5308056872038,143.48119413054476,123.54209363604906
2019-12-08,162.14024697683706,95.28222409435553,106.5217391304348,103.31491712707184,95.01187648456057,108.5308056872038,143.48119413054476,123.54209363604906
2019-12-15,163.32000498790583,95.28222409435553,106.5217391304348,103.31491712707184,95.01187648456057,108.5308056872038,143.48119413054476,123.54209363604906
2019-12-22,166.02172859626566,95.28222409435553,106.5217391304348,103.31491712707184,95.01187648456057,108.5308056872038,143.48119413054476,123.54209363604906
2019-12-29,166.9906834123064,95.28222409435553,106.5217391304348,103.31491712707184,95.01187648456057,108.5308056872038,143.48119413054476,123.54209363604906
2020-01-05,166.7242255565246,95.28222409435553,127.89855072463769,125.96685082872926,95.01187648456057,113.27014218009478,148.34710743801654,125.54097575257511
2020-01-12,168.29619604231567,95.28222409435553,127.89855072463769,125.96685082872926,95.01187648456057,113.27014218009478,148.34710743801654,125.54097575257511
2020-01-19,171.60867387262192,95.28222409435553,127.89855072463769,125.96685082872926,95.01187648456057,113.27014218009478,148.34710743801654,125.54097575257511
2020-01-26,169.84857477888818,95.28222409435553,127.89855072463769,125.96685082872926,95.01187648456057,113.27014218009478,148.34710743801654,125.54097575257511
2020-02-02,166.24335318135655,95.28222409435553,127.89855072463769,125.96685082872926,95.01187648456057,115.16587677725117,139.60195648507337,125.54097575257511
2020-02-09,171.51022438907276,95.28222409435553,127.89855072463769,125.96685082872926,95.01187648456057,115.16587677725117,139.60195648507337,125.54097575257511
2020-02-16,174.2134957078718,95.28222409435553,127.89855072463769,125.96685082872926,95.01187648456057,115.16587677725117,139.60195648507337,125.54097575257511
2020-02-23,172.0276881622675,95.28222409435553,127.89855072463769,125.96685082872926,95.01187648456057,115.16587677725117,139.60195648507337,125.54097575257511
2020-03-01,152.2605443436028,95.28222409435553,127.89855072463769,125.96685082872926,95.01187648456057,115.16587677725117,139.60195648507337,125.54097575257511
2020-03-08,153.1960031824953,95.28222409435553,127.89855072463769,125.96685082872926,95.01187648456057,115.16587677725117,139.60195648507337,125.54097575257511
2020-03-15,139.7260149866186,95.28222409435553,127.89855072463769,125.96685082872926,95.01187648456057,115.16587677725117,139.60195648507337,125.54097575257511
2020-03-22,118.79560948522521,95.28222409435553,127.89855072463769,125.96685082872926,95.01187648456057,115.16587677725117,139.60195648507337,125.54097575257511
2020-03-29,130.98740276949573,95.28222409435553,127.89855072463769,125.96685082872926,95.01187648456057,115.16587677725117,139.60195648507337,125.54097575257511
2020-04-05,128.26505560495787,105.18112889637743,127.89855072463769,125.96685082872926,104.75059382422803,93.36492890995261,123.19109461966606,124.98469564291608
2020-04-12,143.78737075831393,105.18112889637743,127.89855072463769,125.96685082872926,104.75059382422803,93.36492890995261,123.19109461966606,124.98469564291608
2020-04-19,148.1548712046963,105.18112889637743,127.89855072463769,125.96685082872926,104.75059382422803,93.36492890995261,123.19109461966606,124.98469564291608
2020-04-26,146.20562427907205,105.18112889637743,127.89855072463769,125.96685082872926,104.75059382422803,93.36492890995261,123.19109461966606,124.98469564291608
2020-05-03,145.8948364730674,117.18618365627633,127.89855072463769,125.96685082872926,114.7268408551069,97.63033175355449,117.94569067296341,124.98469564291608
2020-05-10,151.00194118121513,117.18618365627633,127.89855072463769,125.96685082872926,114.7268408551069,97.63033175355449,117.94569067296341,124.98469564291608
2020-05-17,147.59514109519765,117.18618365627633,127.89855072463769,125.96685082872926,114.7268408551069,97.63033175355449,117.94569067296341,124.98469564291608
2020-05-24,152.32393755655278,117.18618365627633,127.89855072463769,125.96685082872926,114.7268408551069,97.63033175355449,117.94569067296341,124.98469564291608
2020-05-31,156.90378890840236,117.18618365627633,127.89855072463769,125.96685082872926,114.7268408551069,97.63033175355449,117.94569067296341,124.98469564291608
2020-06-07,164.6151995483202,131.80286436394272,127.89855072463769,125.96685082872926,123.99049881235153,97.63033175355449,117.94569067296341,124.98469564291608
2020-06-14,156.74916886061962,131.80286436394272,127.89855072463769,125.96685082872926,123.99049881235153,97.63033175355449,117.94569067296341,124.98469564291608
2020-06-21,159.65756843616947,131.80286436394272,127.89855072463769,125.96685082872926,123.99049881235153,97.63033175355449,117.94569067296341,124.98469564291608
2020-06-28,155.08648744347553,131.80286436394272,127.89855072463769,125.96685082872926,123.99049881235153,97.63033175355449,117.94569067296341,124.98469564291608
2020-07-05,161.3207657567933,136.64700926705981,127.89855072463769,125.96685082872926,126.84085510688836,109.00473933649289,105.21167144543769,121.76412658699529
2020-07-12,164.15701434324922,136.64700926705981,127.89855072463769,125.96685082872926,126.84085510688836,109.00473933649289,105.21167144543769,121.76412658699529
2020-07-19,166.2026345554919,136.64700926705981,127.89855072463769,125.96685082872926,126.84085510688836,109.00473933649289,105.21167144543769,121.76412658699529
2020-07-26,165.73361537734627,136.64700926705981,127.89855072463769,125.96685082872926,126.84085510688836,109.00473933649289,105.21167144543769,121.76412658699529
2020-08-02,168.5935829408587,136.64700926705981,127.89855072463769,125.96685082872926,126.84085510688836,112.32227488151658,104.32619328723224,121.76412658699529
2020-08-09,172.72502608772902,136.64700926705981,127.89855072463769,125.96685082872926,126.84085510688836,112.32227488151658,104.32619328723224,121.76412658699529
2020-08-16,173.8367477545301,136.64700926705981,127.89855072463769,125.96685082872926,126.84085510688836,112.32227488151658,104.32619328723224,121.76412658699529
2020-08-23,175.08967597864057,136.64700926705981,127.89855072463769,125.96685082872926,126.84085510688836,112.32227488151658,104.32619328723224,121.76412658699529
2020-08-30,180.80289177741707,136.64700926705981,127.89855072463769,125.96685082872926,126.84085510688836,112.32227488151658,104.32619328723224,121.76412658699529
2020-09-06,176.6255709698847,144.35551811288968,127.89855072463769,125.96685082872926,130.6413301662708,117.53554502369667,103.64311013661664,121.76412658699529
2020-09-13,172.19364550359288,144.35551811288968,127.89855072463769,125.96685082872926,130.6413301662708,117.53554502369667,103.64311013661664,121.76412658699529
2020-09-20,171.08553516115,144.35551811288968,127.89855072463769,125.96685082872926,130.6413301662708,117.53554502369667,103.64311013661664,121.76412658699529
2020-09-27,170.00267892319116,144.35551811288968,127.89855072463769,125.96685082872926,130.6413301662708,117.53554502369667,103.64311013661664,121.76412658699529
2020-10-04,172.57761610565097,148.69418702611625,127.89855072463769,125.96685082872926,132.7790973871734,117.06161137440758,103.14555574295834,121.02685581964813
2020-10-11,179.2118454458872,148.69418702611625,127.89855072463769,125.96685082872926,132.7790973871734,117.06161137440758,103.14555574295834,121.02685581964813
2020-10-18,179.55562590857207,148.69418702611625,127.89855072463769,125.96685082872926,132.7790973871734,117.06161137440758,103.14555574295834,121.02685581964813
2020-10-25,178.60625025873819,148.69418702611625,127.89855072463769,125.96685082872926,132.7790973871734,117.06161137440758,103.14555574295834,121.02685581964813
2020-11-01,168.53378846925523,148.69418702611625,127.89855072463769,125.96685082872926,132.7790973871734,117.06161137440758,103.14555574295834,121.02685581964813
2020-11-08,180.87659047695027,148.69418702611625,127.89855072463769,125.96685082872926,132.7790973871734,117.06161137440758,103.14555574295834,121.02685581964813
2020-11-15,184.77868306954517,148.69418702611625,127.89855072463769,125.96685082872926,132.7790973871734,117.06161137440758,103.14555574295834,121.02685581964813
2020-11-22,183.35567027627135,148.69418702611625,127.89855072463769,125.96685082872926,132.7790973871734,117.06161137440758,103.14555574295834,121.02685581964813
2020-11-29,187.5206219833016,148.69418702611625,127.89855072463769,125.96685082872926,132.7790973871734,117.06161137440758,103.14555574295834,121.02685581964813
2020-12-06,190.65270975786132,165.3748946925021,127.89855072463769,125.96685082872926,139.42992874109265,121.80094786729858,100.30359251138472,121.02685581964813
2020-12-13,188.81478473675648,165.3748946925021,127.89855072463769,125.96685082872926,139.42992874109265,121.80094786729858,100.30359251138472,121.02685581964813
2020-12-20,191.18304595202628,165.3748946925021,127.89855072463769,125.96685082872926,139.42992874109265,121.80094786729858,100.30359251138472,121.02685581964813
2020-12-27,190.85577440069318,165.3748946925021,127.89855072463769,125.96685082872926,139.42992874109265,121.80094786729858,100.30359251138472,121.02685581964813
2021-01-03,193.58791114833446,165.3748946925021,146.73913043478262,152.48618784530385,139.42992874109265,125.11848341232226,98.77719682914487,120.87248143514944
2021-01-10,197.12406459463892,165.3748946925021,146.73913043478262,152.48618784530385,139.42992874109265,125.11848341232226,98.77719682914487,120.87248143514944
2021-01-17,194.21566501908907,165.3748946925021,146.73913043478262,152.48618784530385,139.42992874109265,125.11848341232226,98.77719682914487,120.87248143514944
2021-01-24,197.98942347534478,165.3748946925021,146.73913043478262,152.48618784530385,139.42992874109265,125.11848341232226,98.77719682914487,120.87248143514944
2021-01-31,191.4319882555202,165.3748946925021,146.73913043478262,152.48618784530385,139.42992874109265,125.11848341232226,98.77719682914487,120.87248143514944
2021-02-07,200.32728413434478,140.01684919966303,146.73913043478262,152.48618784530385,128.50356294536817,125.11848341232226,98.77719682914487,120.87248143514944
2021-02-14,202.80120489886846,140.01684919966303,146.73913043478262,152.48618784530385,128.50356294536817,125.11848341232226,98.77719682914487,120.87248143514944
2021-02-21,201.35189361113942,140.01684919966303,146.73913043478262,152.48618784530385,128.50356294536817,125.11848341232226,98.77719682914487,120.87248143514944
2021-02-28,196.4267266691774,140.01684919966303,146.73913043478262,152.48618784530385,128.50356294536817,125.11848341232226,98.77719682914487,120.87248143514944
2021-03-07,198.01364577286935,128.47514743049706,146.73913043478262,152.48618784530385,122.09026128266034,125.11848341232226,98.77719682914487,120.87248143514944
2021-03-14,203.2398109377326,128.47514743049706,146.73913043478262,152.48618784530385,122.09026128266034,125.11848341232226,98.77719682914487,120.87248143514944
2021-03-21,201.68124135940317,128.47514743049706,146.73913043478262,152.48618784530385,122.09026128266034,125.11848341232226,98.77719682914487,120.87248143514944
2021-03-28,204.84785691807065,128.47514743049706,146.73913043478262,152.48618784530385,122.09026128266034,125.11848341232226,98.77719682914487,120.87248143514944
2021-04-04,207.1841698666314,126.03201347935975,146.73913043478262,152.48618784530385,120.66508313539192,130.33175355450237,132.2904368358914,123.66364128361411
2021-04-11,212.79840769536727,126.03201347935975,146.73913043478262,152.48618784530385,120.66508313539192,130.33175355450237,132.2904368358914,123.66364128361411
2021-04-18,215.71920153744267,126.03201347935975,146.73913043478262,152.48618784530385,120.66508313539192,130.33175355450237,132.2904368358914,123.66364128361411
2021-04-25,215.44602435341253,126.03201347935975,146.73913043478262,152.48618784530385,120.66508313539192,130.33175355450237,132.2904368358914,123.66364128361411
2021-05-02,215.49756436934007,126.03201347935975,146.73913043478262,152.48618784530385,120.66508313539192,134.12322274881518,141.64277281160398,123.66364128361411
2021-05-09,218.14827644826374,126.03201347935975,146.73913043478262,152.48618784530385,120.66508313539192,134.12322274881518,141.64277281160398,123.66364128361411
2021-05-16,215.12030051251867,126.03201347935975,146.73913043478262,152.48618784530385,120.66508313539192,134.12322274881518,141.64277281160398,123.66364128361411
2021-05-23,214.19308354629032,126.03201347935975,146.73913043478262,152.48618784530385,120.66508313539192,134.12322274881518,141.64277281160398,123.66364128361411
2021-05-30,216.67988931479587,126.03201347935975,146.73913043478262,152.48618784530385,120.66508313539192,134.12322274881518,141.64277281160398,123.66364128361411
2021-06-06,218.0086050183819,112.46840775063185,146.73913043478262,152.48618784530385,110.92636579572446,134.12322274881518,141.64277281160398,123.66364128361411
2021-06-13,218.9131222315015,112.46840775063185,146.73913043478262,152.48618784530385,110.92636579572446,134.12322274881518,141.64277281160398,123.66364128361411
2021-06-20,214.73890942785926,112.46840775063185,146.73913043478262,152.48618784530385,110.92636579572446,134.12322274881518,141.64277281160398,123.66364128361411
2021-06-27,220.62735624758486,112.46840775063185,146.73913043478262,152.48618784530385,110.92636579572446,134.12322274881518,141.64277281160398,123.66364128361411
2021-07-04,224.31966486909957,111.87868576242627,146.73913043478262,152.48618784530385,110.45130641330167,135.07109004739334,159.714960364311,129.7765120261194
2021-07-11,225.20666652993125,111.87868576242627,146.73913043478262,152.48618784530385,110.45130641330167,135.07109004739334,159.714960364311,129.7765120261194
2021-07-18,223.02190337429818,111.87868576242627,146.73913043478262,152.48618784530385,110.45130641330167,135.07109004739334,159.714960364311,129.7765120261194
2021-07-25,227.38372888240335,111.87868576242627,146.73913043478262,152.48618784530385,110.45130641330167,135.07109004739334,159.714960364311,129.7765120261194
2021-08-01,226.53175832614738,111.87868576242627,146.73913043478262,152.48618784530385,110.45130641330167,135.07109004739334,159.714960364311,129.7765120261194
2021-08-08,228.65831246965135,111.87868576242627,146.73913043478262,152.48618784530385,110.45130641330167,135.07109004739334,159.714960364311,129.7765120261194
2021-08-15,230.28079116441052,111.87868576242627,146.73913043478262,152.48618784530385,110.45130641330167,135.07109004739334,159.714960364311,129.7765120261194
2021-08-22,228.9237385184737,111.87868576242627,146.73913043478262,152.48618784530385,110.45130641330167,135.07109004739334,159.714960364311,129.7765120261194
2021-08-29,232.41300766317994,111.87868576242627,146.73913043478262,152.48618784530385,110.45130641330167,135.07109004739334,159.714960364311,129.7765120261194
2021-09-05,233.75614349817542,106.78180286436397,146.73913043478262,152.48618784530385,106.41330166270784,137.44075829383885,169.69134761342553,129.7765120261194
2021-09-12,229.79528824093646,106.78180286436397,146.73913043478262,152.48618784530385,106.41330166270784,137.44075829383885,169.69134761342553,129.7765120261194
2021-09-19,228.47638728647732,106.78180286436397,146.73913043478262,152.48618784530385,106.41330166270784,137.44075829383885,169.69134761342553,129.7765120261194
2021-09-26,229.6355091583563,106.78180286436397,146.73913043478262,152.48618784530385,106.41330166270784,137.44075829383885,169.69134761342553,129.7765120261194
2021-10-03,224.56191301036853,102.73799494524012,146.73913043478262,152.48618784530385,102.61282660332543,136.96682464454975,174.75122280317086,134.0661680551489
2021-10-10,226.32972549027502,102.73799494524012,146.73913043478262,152.48618784530385,102.61282660332543,136.96682464454975,174.75122280317086,134.0661680551489
2021-10-17,230.45448705793206,102.73799494524012,146.73913043478262,152.48618784530385,102.61282660332543,136.96682464454975,174.75122280317086,134.0661680551489
2021-10-24,234.24421335603643,102.73799494524012,146.73913043478262,152.48618784530385,102.61282660332543,136.96682464454975,174.75122280317086,134.0661680551489
2021-10-31,237.36135251269533,102.73799494524012,146.73913043478262,152.48618784530385,102.61282660332543,136.96682464454975,174.75122280317086,134.0661680551489
2021-11-07,242.1107599472168,103.28559393428813,146.73913043478262,152.48618784530385,103.08788598574822,136.96682464454975,174.75122280317086,134.0661680551489
2021-11-14,241.35416861965493,103.28559393428813,146.73913043478262,152.48618784530385,103.08788598574822,136.96682464454975,174.75122280317086,134.0661680551489
2021-11-21,242.13293121383407,103.28559393428813,146.73913043478262,152.48618784530385,103.08788598574822,136.96682464454975,174.75122280317086,134.0661680551489
2021-11-28,236.80679402100583,103.28559393428813,146.73913043478262,152.48618784530385,103.08788598574822,136.96682464454975,174.75122280317086,134.0661680551489
2021-12-05,233.91076354595813,99.53664700926707,146.73913043478262,152.48618784530385,99.5249406175772,138.86255924170615,187.21538202057684,134.0661680551489
2021-12-12,242.85758685769858,99.53664700926707,146.73913043478262,152.48618784530385,99.5249406175772,138.86255924170615,187.21538202057684,134.0661680551489
2021-12-19,238.1478662420823,99.53664700926707,146.73913043478262,152.48618784530385,99.5249406175772,138.86255924170615,187.21538202057684,134.0661680551489
2021-12-26,243.56729388366224,99.53664700926707,146.73913043478262,152.48618784530385,99.5249406175772,138.86255924170615,187.21538202057684,134.0661680551489
2022-01-02,245.6490021734636,99.53664700926707,171.37681159420293,167.95580110497238,99.5249406175772,138.86255924170615,193.9871816495193,139.00792277731938
2022-01-09,241.05418962070146,99.53664700926707,171.37681159420293,167.95580110497238,99.5249406175772,138.86255924170615,193.9871816495193,139.00792277731938
2022-01-16,240.32336830110341,99.53664700926707,171.37681159420293,167.95580110497238,99.5249406175772,138.86255924170615,193.9871816495193,139.00792277731938
2022-01-23,226.6698946286017,99.53664700926707,171.37681159420293,167.95580110497238,99.5249406175772,138.86255924170615,193.9871816495193,139.00792277731938
2022-01-30,228.41762462183334,99.53664700926707,171.37681159420293,167.95580110497238,99.5249406175772,138.86255924170615,193.9871816495193,139.00792277731938
2022-02-06,231.95737680948426,94.43976411120472,171.37681159420293,167.95580110497238,94.06175771971496,136.96682464454975,192.38488783943328,139.00792277731938
2022-02-13,227.73678302471188,94.43976411120472,171.37681159420293,167.95580110497238,94.06175771971496,136.96682464454975,192.38488783943328,139.00792277731938
2022-02-20,224.140835106804,94.43976411120472,171.37681159420293,167.95580110497238,94.06175771971496,136.96682464454975,192.38488783943328,139.00792277731938
2022-02-27,225.98492580364234,94.43976411120472,171.37681159420293,167.95580110497238,94.06175771971496,136.96682464454975,192.38488783943328,139.00792277731938
2022-03-06,223.11003478825248,93.47093513058131,171.37681159420293,167.95580110497238,92.87410926365796,134.12322274881518,190.65609714960365,139.00792277731938
2022-03-13,216.69020738439073,93.47093513058131,171.37681159420293,167.95580110497238,92.87410926365796,134.12322274881518,190.65609714960365,139.00792277731938
2022-03-20,230.02928192652953,93.47093513058131,171.37681159420293,167.95580110497238,92.87410926365796,134.12322274881518,190.65609714960365,139.00792277731938
2022-03-27,234.1493877798572,93.47093513058131,171.37681159420293,167.95580110497238,92.87410926365796,134.12322274881518,190.65609714960365,139.00792277731938
2022-04-03,234.29368975804502,94.35551811288964,171.37681159420293,167.95580110497238,94.06175771971496,133.17535545023696,188.15989205599595,143.41557761748865
2022-04-10,231.32601161437148,94.35551811288964,171.37681159420293,167.95580110497238,94.06175771971496,133.17535545023696,188.15989205599595,143.41557761748865
2022-04-17,226.39415051018452,94.35551811288964,171.37681159420293,167.95580110497238,94.06175771971496,133.17535545023696,188.15989205599595,143.41557761748865
2022-04-24,220.16759816605122,94.35551811288964,171.37681159420293,167.95580110497238,94.06175771971496,133.17535545023696,188.15989205599595,143.41557761748865
2022-05-01,212.95974707139843,94.35551811288964,171.37681159420293,167.95580110497238,94.06175771971496,133.17535545023696,188.15989205599595,143.41557761748865
2022-05-08,212.5170012216846,94.35551811288964,171.37681159420293,167.95580110497238,94.06175771971496,133.17535545023696,188.15989205599595,143.41557761748865
2022-05-15,207.3913491542895,94.35551811288964,171.37681159420293,167.95580110497238,94.06175771971496,133.17535545023696,188.15989205599595,143.41557761748865
2022-05-22,201.0761620757339,94.35551811288964,171.37681159420293,167.95580110497238,94.06175771971496,133.17535545023696,188.15989205599595,143.41557761748865
2022-05-29,214.3157679103757,94.35551811288964,171.37681159420293,167.95580110497238,94.06175771971496,133.17535545023696,188.15989205599595,143.41557761748865
2022-06-05,211.75421905236584,85.42544229149117,171.37681159420293,167.95580110497238,82.8978622327791,125.59241706161137,181.54832180806207,143.41557761748865
2022-06-12,201.05039206777008,85.42544229149117,171.37681159420293,167.95580110497238,82.8978622327791,125.59241706161137,181.54832180806207,143.41557761748865
2022-06-19,189.40131666117838,85.42544229149117,171.37681159420293,167.95580110497238,82.8978622327791,125.59241706161137,181.54832180806207,143.41557761748865
2022-06-26,201.61114140121649,85.42544229149117,171.37681159420293,167.95580110497238,82.8978622327791,125.59241706161137,181.54832180806207,143.41557761748865
2022-07-03,197.15757315479885,86.47851727042966,171.37681159420293,167.95580110497238,84.3230403800475,122.27488151658767,177.3570585258897,147.57481390788993
2022-07-10,200.9741012678265,86.47851727042966,171.37681159420293,167.95580110497238,84.3230403800475,122.27488151658767,177.3570585258897,147.57481390788993
2022-07-17,199.1073234008911,86.47851727042966,171.37681159420293,167.95580110497238,84.3230403800475,122.27488151658767,177.3570585258897,147.57481390788993
2022-07-24,204.18246725931812,86.47851727042966,171.37681159420293,167.95580110497238,84.3230403800475,122.27488151658767,177.3570585258897,147.57481390788993
2022-07-31,212.8752143987906,86.47851727042966,171.37681159420293,167.95580110497238,84.3230403800475,122.27488151658767,177.3570585258897,147.57481390788993
2022-08-07,213.6431556029068,92.79696714406067,171.37681159420293,167.95580110497238,92.16152019002375,122.27488151658767,177.3570585258897,147.57481390788993
2022-08-14,220.59899413921062,92.79696714406067,171.37681159420293,167.95580110497238,92.16152019002375,122.27488151658767,177.3570585258897,147.57481390788993
2022-08-21,217.93592554279653,92.79696714406067,171.37681159420293,167.95580110497238,92.16152019002375,122.27488151658767,177.3570585258897,147.57481390788993
2022-08-28,209.13185649880467,92.79696714406067,171.37681159420293,167.95580110497238,92.16152019002375,122.27488151658767,177.3570585258897,147.57481390788993
2022-09-04,202.2564234072707,86.68913226621736,171.37681159420293,167.95580110497238,84.5605700712589,126.06635071090047,174.25366840951258,147.57481390788993
2022-09-11,209.6318047197115,86.68913226621736,171.37681159420293,167.95580110497238,84.5605700712589,126.06635071090047,174.25366840951258,147.57481390788993
2022-09-18,199.6314939193225,86.68913226621736,171.37681159420293,167.95580110497238,84.5605700712589,126.06635071090047,174.25366840951258,147.57481390788993
2022-09-25,190.34913201756137,86.68913226621736,171.37681159420293,167.95580110497238,84.5605700712589,126.06635071090047,174.25366840951258,147.57481390788993
2022-10-02,184.80291795008142,86.68913226621736,171.37681159420293,167.95580110497238,84.5605700712589,119.43127962085308,172.28875021082814,152.12353499596318
2022-10-09,187.58812984107783,86.68913226621736,171.37681159420293,167.95580110497238,84.5605700712589,119.43127962085308,172.28875021082814,152.12353499596318
2022-10-16,184.67148839286378,86.68913226621736,171.37681159420293,167.95580110497238,84.5605700712589,119.43127962085308,172.28875021082814,152.12353499596318
2022-10-23,193.41679477221163,86.68913226621736,171.37681159420293,167.95580110497238,84.5605700712589,119.43127962085308,172.28875021082814,152.12353499596318
2022-10-30,201.06069755435328,86.68913226621736,171.37681159420293,167.95580110497238,84.5605700712589,119.43127962085308,172.28875021082814,152.12353499596318
2022-11-06,194.33420957232482,92.96545914069083,171.37681159420293,167.95580110497238,92.39904988123516,116.11374407582937,167.21200877045032,152.12353499596318
2022-11-13,205.7956722744536,92.96545914069083,171.37681159420293,167.95580110497238,92.39904988123516,116.11374407582937,167.21200877045032,152.12353499596318
2022-11-20,204.37369128813927,92.96545914069083,171.37681159420293,167.95580110497238,92.39904988123516,116.11374407582937,167.21200877045032,152.12353499596318
2022-11-27,207.50629496617873,92.96545914069083,171.37681159420293,167.95580110497238,92.39904988123516,116.11374407582937,167.21200877045032,152.12353499596318
2022-12-04,209.85548033570973,95.40859309182814,171.37681159420293,167.95580110497238,95.01187648456057,119.90521327014217,162.99544611232923,152.12353499596318
2022-12-11,202.77800182529168,95.40859309182814,171.37681159420293,167.95580110497238,95.01187648456057,119.90521327014217,162.99544611232923,152.12353499596318
2022-12-18,198.55070129528264,95.40859309182814,171.37681159420293,167.95580110497238,95.01187648456057,119.90521327014217,162.99544611232923,152.12353499596318
2022-12-25,198.16208756190684,95.40859309182814,171.37681159420293,167.95580110497238,95.01187648456057,119.90521327014217,162.99544611232923,152.12353499596318
2023-01-01,197.88789115392888,95.40859309182814,171.37681159420293,167.95580110497238,95.01187648456057,119.90521327014217,162.99544611232923,152.12353499596318
2023-01-08,200.7524892657473,95.40859309182814,171.37681159420293,167.95580110497238,95.01187648456057,119.90521327014217,162.99544611232923,152.12353499596318
2023-01-15,206.11316682569498,95.40859309182814,171.37681159420293,167.95580110497238,95.01187648456057,119.90521327014217,162.99544611232923,152.12353499596318
2023-01-22,204.74838821057367,95.40859309182814,171.37681159420293,167.95580110497238,95.01187648456057,119.90521327014217,162.99544611232923,152.12353499596318
2023-01-29,209.79673025407743,95.40859309182814,171.37681159420293,167.95580110497238,95.01187648456057,119.90521327014217,162.99544611232923,152.12353499596318
2023-02-05,213.1942440774595,98.56781802864364,171.37681159420293,167.95580110497238,98.5748218527316,119.43127962085308,158.56805532130207,152.12353499596318
2023-02-12,210.8223715378315,98.56781802864364,171.37681159420293,167.95580110497238,98.5748218527316,119.43127962085308,158.56805532130207,152.12353499596318
2023-02-19,210.23636809990106,98.56781802864364,171.37681159420293,167.95580110497238,98.5748218527316,119.43127962085308,158.56805532130207,152.12353499596318
2023-02-26,204.61592684639652,98.56781802864364,171.37681159420293,167.95580110497238,98.5748218527316,119.43127962085308,158.56805532130207,152.12353499596318
2023-03-05,208.51234450071425,95.4507160909857,171.37681159420293,167.95580110497238,95.24940617577198,121.32701421800948,158.42469219092595,152.12353499596318
2023-03-12,199.02641463565323,95.4507160909857,171.37681159420293,167.95580110497238,95.24940617577198,121.32701421800948,158.42469219092595,152.12353499596318
2023-03-19,201.86368244605694,95.4507160909857,171.37681159420293,167.95580110497238,95.24940617577198,121.32701421800948,158.42469219092595,152.12353499596318
2023-03-26,204.6648873449254,95.4507160909857,171.37681159420293,167.95580110497238,95.24940617577198,121.32701421800948,158.42469219092595,152.12353499596318
2023-04-02,211.793905871271,95.4507160909857,171.37681159420293,167.95580110497238,95.24940617577198,118.48341232227487,158.62708719851577,158.86366257663266
2023-04-09,211.57279718965984,95.4507160909857,171.37681159420293,167.95580110497238,95.24940617577198,118.48341232227487,158.62708719851577,158.86366257663266
2023-04-16,213.25403854906298,95.4507160909857,171.37681159420293,167.95580110497238,95.24940617577198,118.48341232227487,158.62708719851577,158.86366257663266
2023-04-23,213.04168764359574,95.4507160909857,171.37681159420293,167.95580110497238,95.24940617577198,118.48341232227487,158.62708719851577,158.86366257663266
2023-04-30,214.89506460306953,95.4507160909857,171.37681159420293,167.95580110497238,95.24940617577198,118.48341232227487,158.62708719851577,158.86366257663266
2023-05-07,213.1823908804371,97.51474304970515,171.37681159420293,167.95580110497238,97.38717339667457,118.48341232227487,158.62708719851577,158.86366257663266
2023-05-14,212.55515291316223,97.51474304970515,171.37681159420293,167.95580110497238,97.38717339667457,118.48341232227487,158.62708719851577,158.86366257663266
2023-05-21,216.05471496143997,97.51474304970515,171.37681159420293,167.95580110497238,97.38717339667457,118.48341232227487,158.62708719851577,158.86366257663266
2023-05-28,216.74897004903474,97.51474304970515,171.37681159420293,167.95580110497238,97.38717339667457,118.48341232227487,158.62708719851577,158.86366257663266
2023-06-04,220.71342404762015,101.13732097725358,171.37681159420293,167.95580110497238,100.95011876484561,121.80094786729858,160.93776353516614,158.86366257663266
2023-06-11,221.56330582393372,101.13732097725358,171.37681159420293,167.95580110497238,100.95011876484561,121.80094786729858,160.93776353516614,158.86366257663266
2023-06-18,227.2703307809533,101.13732097725358,171.37681159420293,167.95580110497238,100.95011876484561,121.80094786729858,160.93776353516614,158.86366257663266
2023-06-25,224.11300148492123,101.13732097725358,171.37681159420293,167.95580110497238,100.95011876484561,121.80094786729858,160.93776353516614,158.86366257663266
2023-07-02,229.372650043921,101.13732097725358,171.37681159420293,167.95580110497238,100.95011876484561,125.11848341232226,162.16056670602123,161.59183057854904
2023-07-09,226.72196313102074,101.13732097725358,171.37681159420293,167.95580110497238,100.95011876484561,125.11848341232226,162.16056670602123,161.59183057854904
2023-07-16,232.2094145338567,101.13732097725358,171.37681159420293,167.95580110497238,100.95011876484561,125.11848341232226,162.16056670602123,161.59183057854904
2023-07-23,233.8030277997736,101.13732097725358,171.37681159420293,167.95580110497238,100.95011876484561,125.11848341232226,162.16056670602123,161.59183057854904
2023-07-30,236.1682061771766,101.13732097725358,171.37681159420293,167.95580110497238,100.95011876484561,125.11848341232226,162.16056670602123,161.59183057854904
2023-08-06,230.79772645111382,101.76916596461669,171.37681159420293,167.95580110497238,101.66270783847982,127.48815165876776,162.81835048068814,161.59183057854904
2023-08-13,230.0771980350872,101.76916596461669,171.37681159420293,167.95580110497238,101.66270783847982,127.48815165876776,162.81835048068814,161.59183057854904
2023-08-20,225.2149209856072,101.76916596461669,171.37681159420293,167.95580110497238,101.66270783847982,127.48815165876776,162.81835048068814,161.59183057854904
2023-08-27,227.0703615589999,101.76916596461669,171.37681159420293,167.95580110497238,101.66270783847982,127.48815165876776,162.81835048068814,161.59183057854904
2023-09-03,232.74285873191175,100.80033698399326,171.37681159420293,167.95580110497238,100.7125890736342,126.06635071090047,163.07134424017542,161.59183057854904
2023-09-10,229.73911767670293,100.80033698399326,171.37681159420293,167.95580110497238,100.7125890736342,126.06635071090047,163.07134424017542,161.59183057854904
2023-09-17,229.36955462304255,100.80033698399326,171.37681159420293,167.95580110497238,100.7125890736342,126.06635071090047,163.07134424017542,161.59183057854904
2023-09-24,222.65596422800772,100.80033698399326,171.37681159420293,167.95580110497238,100.7125890736342,126.06635071090047,163.07134424017542,161.59183057854904
2023-10-01,221.00615523183382,100.80033698399326,171.37681159420293,167.95580110497238,100.7125890736342,126.06635071090047,163.07134424017542,161.59183057854904
2023-10-08,222.0601586239621,100.80033698399326,171.37681159420293,167.95580110497238,100.7125890736342,126.06635071090047,163.07134424017542,161.59183057854904
2023-10-15,223.05383905799548,100.80033698399326,171.37681159420293,167.95580110497238,100.7125890736342,126.06635071090047,163.07134424017542,161.59183057854904
2023-10-22,217.71328173375784,100.80033698399326,171.37681159420293,167.95580110497238,100.7125890736342,126.06635071090047,163.07134424017542,161.59183057854904
2023-10-29,212.20932141957007,100.80033698399326,171.37681159420293,167.95580110497238,100.7125890736342,126.06635071090047,163.07134424017542,161.59183057854904
2023-11-05,224.62890496466503,99.0311710193766,171.37681159420293,167.95580110497238,99.04988123515439,122.27488151658767,166.1072693540226,161.59183057854904
2023-11-12,227.5615520037628,99.0311710193766,171.37681159420293,167.95580110497238,99.04988123515439,122.27488151658767,166.1072693540226,161.59183057854904
2023-11-19,232.65266370403853,99.0311710193766,171.37681159420293,167.95580110497238,99.04988123515439,122.27488151658767,166.1072693540226,161.59183057854904
2023-11-26,234.98844816610784,99.0311710193766,171.37681159420293,167.95580110497238,99.04988123515439,122.27488151658767,166.1072693540226,161.59183057854904
2023-12-03,236.80729734147388,102.56950294860997,171.37681159420293,167.95580110497238,102.37529691211401,125.59241706161137,168.87333445775005,161.59183057854904
2023-12-10,237.3093091762997,102.56950294860997,171.37681159420293,167.95580110497238,102.37529691211401,125.59241706161137,168.87333445775005,161.59183057854904
2023-12-17,243.22712474533557,102.56950294860997,171.37681159420293,167.95580110497238,102.37529691211401,125.59241706161137,168.87333445775005,161.59183057854904
2023-12-24,245.05369988988605,102.56950294860997,171.37681159420293,167.95580110497238,102.37529691211401,125.59241706161137,168.87333445775005,161.59183057854904
2023-12-31,245.8371181983946,102.56950294860997,171.37681159420293,167.95580110497238,102.37529691211401,125.59241706161137,168.87333445775005,161.59183057854904
2024-01-07,242.0958364953393,102.56950294860997,171.37681159420293,167.95580110497238,102.37529691211401,125.59241706161137,168.87333445775005,161.59183057854904
2024-01-14,246.55867842138065,102.56950294860997,171.37681159420293,167.95580110497238,102.37529691211401,125.59241706161137,168.87333445775005,161.59183057854904
2024-01-21,249.4438875063654,102.56950294860997,171.37681159420293,167.95580110497238,102.37529691211401,125.59241706161137,168.87333445775005,161.59183057854904
2024-01-28,252.0806827743477,102.56950294860997,171.37681159420293,167.95580110497238,102.37529691211401,125.59241706161137,168.87333445775005,161.59183057854904
2024-02-04,255.56683133215213,110.10951979780961,171.37681159420293,167.95580110497238,109.02612826603325,130.33175355450237,170.23106763366505,161.59183057854904
2024-02-11,259.0715524152273,110.10951979780961,171.37681159420293,167.95580110497238,109.02612826603325,130.33175355450237,170.23106763366505,161.59183057854904
2024-02-18,257.98714846682924,110.10951979780961,171.37681159420293,167.95580110497238,109.02612826603325,130.33175355450237,170.23106763366505,161.59183057854904
2024-02-25,262.27682298584045,110.10951979780961,171.37681159420293,167.95580110497238,109.02612826603325,130.33175355450237,170.23106763366505,161.59183057854904
2024-03-03,264.7651890477969,113.81634372367313,171.37681159420293,167.95580110497238,112.11401425178147,133.17535545023696,168.88176758306628,161.59183057854904
2024-03-10,264.07506118804014,113.81634372367313,171.37681159420293,167.95580110497238,112.11401425178147,133.17535545023696,168.88176758306628,161.59183057854904
2024-03-17,263.7348920497135,113.81634372367313,171.37681159420293,167.95580110497238,112.11401425178147,133.17535545023696,168.88176758306628,161.59183057854904
2024-03-24,269.7697296275693,113.81634372367313,171.37681159420293,167.95580110497238,112.11401425178147,133.17535545023696,168.88176758306628,161.59183057854904
2024-03-31,270.80928772226474,113.81634372367313,171.37681159420293,167.95580110497238,112.11401425178147,133.17535545023696,168.88176758306628,161.59183057854904
2024-04-07,268.2317584393945,111.24684077506319,171.37681159420293,167.95580110497238,109.97624703087887,133.17535545023696,168.88176758306628,161.59183057854904
2024-04-14,264.06064105663074,111.24684077506319,171.37681159420293,167.95580110497238,109.97624703087887,133.17535545023696,168.88176758306628,161.59183057854904
2024-04-21,256.0111123092935,111.24684077506319,171.37681159420293,167.95580110497238,109.97624703087887,133.17535545023696,168.88176758306628,161.59183057854904
2024-04-28,262.8520176167197,111.24684077506319,171.37681159420293,167.95580110497238,109.97624703087887,133.17535545023696,168.88176758306628,161.59183057854904
2024-05-05,264.28638028654785,113.43723673125527,171.37681159420293,167.95580110497238,111.87648456057006,133.64928909952607,168.1649519311857,161.59183057854904
2024-05-12,269.1770194444021,113.43723673125527,171.37681159420293,167.95580110497238,111.87648456057006,133.64928909952607,168.1649519311857,161.59183057854904
2024-05-19,273.330621274878,113.43723673125527,171.37681159420293,167.95580110497238,111.87648456057006,133.64928909952607,168.1649519311857,161.59183057854904
2024-05-26,273.40536436438236,113.43723673125527,171.37681159420293,167.95580110497238,111.87648456057006,133.64928909952607,168.1649519311857,161.59183057854904
2024-06-02,272.0029373782515,113.43723673125527,171.37681159420293,167.95580110497238,111.87648456057006,135.07109004739334,169.2022263450835,161.59183057854904
2024-06-09,275.58396184428193,113.43723673125527,171.37681159420293,167.95580110497238,111.87648456057006,135.07109004739334,169.2022263450835,161.59183057854904
2024-06-16,279.9447555454276,113.43723673125527,171.37681159420293,167.95580110497238,111.87648456057006,135.07109004739334,169.2022263450835,161.59183057854904
2024-06-23,281.6466078779971,113.43723673125527,171.37681159420293,167.95580110497238,111.87648456057006,135.07109004739334,169.2022263450835,161.59183057854904
2024-06-30,281.43322516557043,113.43723673125527,171.37681159420293,167.95580110497238,111.87648456057006,135.07109004739334,169.2022263450835,161.59183057854904
2024-07-07,286.9330582519202,118.28138163437237,171.37681159420293,167.95580110497238,115.43942992874109,135.07109004739334,169.2022263450835,161.59183057854904
2024-07-14,289.4152334721197,118.28138163437237,171.37681159420293,167.95580110497238,115.43942992874109,135.07109004739334,169.2022263450835,161.59183057854904
2024-07-21,283.72778768130706,118.28138163437237,171.37681159420293,167.95580110497238,115.43942992874109,135.07109004739334,169.2022263450835,161.59183057854904
2024-07-28,281.362105983436,118.28138163437237,171.37681159420293,167.95580110497238,115.43942992874109,135.07109004739334,169.2022263450835,161.59183057854904
2024-08-04,275.5617905776647,116.55433866891325,171.37681159420293,167.95580110497238,114.25178147268409,137.91469194312796,171.5213358070501,161.59183057854904
2024-08-11,275.4380995726432,116.55433866891325,171.37681159420293,167.95580110497238,114.25178147268409,137.91469194312796,171.5213358070501,161.59183057854904
2024-08-18,286.2661334657402,116.55433866891325,171.37681159420293,167.95580110497238,114.25178147268409,137.91469194312796,171.5213358070501,161.59183057854904
2024-08-25,290.4078820991936,116.55433866891325,171.37681159420293,167.95580110497238,114.25178147268409,137.91469194312796,171.5213358070501,161.59183057854904
2024-09-01,291.11862093211676,116.55433866891325,171.37681159420293,167.95580110497238,114.25178147268409,137.91469194312796,171.5213358070501,161.59183057854904
2024-09-08,278.750048916458,116.55433866891325,171.37681159420293,167.95580110497238,114.25178147268409,137.91469194312796,171.5213358070501,161.59183057854904
2024-09-15,289.96516141550325,116.55433866891325,171.37681159420293,167.95580110497238,114.25178147268409,137.91469194312796,171.5213358070501,161.59183057854904
2024-09-22,293.9095077613904,116.55433866891325,171.37681159420293,167.95580110497238,114.25178147268409,137.91469194312796,171.5213358070501,161.59183057854904
2024-09-29,295.74536916857625,116.55433866891325,171.37681159420293,167.95580110497238,114.25178147268409,137.91469194312796,171.5213358070501,161.59183057854904
2024-10-06,296.4102303408373,119.83993260320136,171.37681159420293,167.95580110497238,116.6270783847981,138.38862559241704,173.61275088547816,173.20184894377755
2024-10-13,299.7067277462832,119.83993260320136,171.37681159420293,167.95580110497238,116.6270783847981,138.38862559241704,173.61275088547816,173.20184894377755
2024-10-20,302.26518118341465,119.83993260320136,171.37681159420293,167.95580110497238,116.6270783847981,138.38862559241704,173.61275088547816,173.20184894377755
2024-10-27,299.3506033491196,119.83993260320136,171.37681159420293,167.95580110497238,116.6270783847981,138.38862559241704,173.61275088547816,173.20184894377755
2024-11-03,295.2624331794893,120.72451558550969,171.37681159420293,167.95580110497238,117.1021377672209,139.33649289099526,176.26918536009447,173.20184894377755
2024-11-10,309.0102291077022,120.72451558550969,171.37681159420293,167.95580110497238,117.1021377672209,139.33649289099526,176.26918536009447,173.20184894377755
2024-11-17,302.5718543445931,120.72451558550969,171.37681159420293,167.95580110497238,117.1021377672209,139.33649289099526,176.26918536009447,173.20184894377755
2024-11-24,307.6598706239903,120.72451558550969,171.37681159420293,167.95580110497238,117.1021377672209,139.33649289099526,176.26918536009447,173.20184894377755
2024-12-01,310.9089552413466,120.72451558550969,171.37681159420293,167.95580110497238,117.1021377672209,139.33649289099526,176.26918536009447,173.20184894377755
2024-12-08,313.8926138098805,120.72451558550969,171.37681159420293,167.95580110497238,117.1021377672209,139.33649289099526,176.26918536009447,173.20184894377755
2024-12-15,311.8732669260696,120.72451558550969,171.37681159420293,167.95580110497238,117.1021377672209,139.33649289099526,176.26918536009447,173.20184894377755
2024-12-22,305.6761084972701,120.72451558550969,171.37681159420293,167.95580110497238,117.1021377672209,139.33649289099526,176.26918536009447,173.20184894377755
2024-12-29,307.73718064788164,120.72451558550969,171.37681159420293,167.95580110497238,117.1021377672209,139.33649289099526,176.26918536009447,173.20184894377755
2025-01-05,306.27500952219407,120.72451558550969,180.79710144927537,164.64088397790056,117.1021377672209,141.23222748815164,182.02057682577163,174.83342649028947
2025-01-12,300.32573642390554,120.72451558550969,180.79710144927537,164.64088397790056,117.1021377672209,141.23222748815164,182.02057682577163,174.83342649028947
2025-01-19,309.06795996538665,120.72451558550969,180.79710144927537,164.64088397790056,117.1021377672209,141.23222748815164,182.02057682577163,174.83342649028947
2025-01-26,314.4580188576563,120.72451558550969,180.79710144927537,164.64088397790056,117.1021377672209,141.23222748815164,182.02057682577163,174.83342649028947
2025-02-02,311.32900133795164,120.72451558550969,180.79710144927537,164.64088397790056,117.1021377672209,140.28436018957345,182.7120931017035,174.83342649028947
2025-02-09,310.5796326591062,120.72451558550969,180.79710144927537,164.64088397790056,117.1021377672209,140.28436018957345,182.7120931017035,174.83342649028947
2025-02-16,315.1481215513897,120.72451558550969,180.79710144927537,164.64088397790056,117.1021377672209,140.28436018957345,182.7120931017035,174.83342649028947
2025-02-23,309.91680993474074,120.72451558550969,180.79710144927537,164.64088397790056,117.1021377672209,140.28436018957345,182.7120931017035,174.83342649028947
2025-03-02,306.8950248407525,120.72451558550969,180.79710144927537,164.64088397790056,117.1021377672209,140.75829383886256,183.76623376623377,174.83342649028947
2025-03-09,297.3962099717096,120.72451558550969,180.79710144927537,164.64088397790056,117.1021377672209,140.75829383886256,183.76623376623377,174.83342649028947
2025-03-16,290.6310543947238,120.72451558550969,180.79710144927537,164.64088397790056,117.1021377672209,140.75829383886256,183.76623376623377,174.83342649028947
2025-03-23,292.10613569041664,120.72451558550969,180.79710144927537,164.64088397790056,117.1021377672209,140.75829383886256,183.76623376623377,174.83342649028947
2025-03-30,287.6417334709244,120.72451558550969,180.79710144927537,164.64088397790056,117.1021377672209,140.75829383886256,183.76623376623377,174.83342649028947
2025-04-06,261.51816804435964,103.4540859309183,180.79710144927537,164.64088397790056,103.32541567695961,136.49289099526067,185.2082981953112,176.29465988838908
2025-04-13,276.4276527788386,103.4540859309183,180.79710144927537,164.64088397790056,103.32541567695961,136.49289099526067,185.2082981953112,176.29465988838908
2025-04-20,272.2704522070162,103.4540859309183,180.79710144927537,164.64088397790056,103.32541567695961,136.49289099526067,185.2082981953112,176.29465988838908
2025-04-27,284.76940938992146,103.4540859309183,180.79710144927537,164.64088397790056,103.32541567695961,136.49289099526067,185.2082981953112,176.29465988838908
2025-05-04,293.0910583483061,110.95197978096041,180.79710144927537,164.64088397790056,109.73871733966746,132.22748815165875,186.2877382357902,176.29465988838908
2025-05-11,291.71185960177536,110.95197978096041,180.79710144927537,164.64088397790056,109.73871733966746,132.22748815165875,186.2877382357902,176.29465988838908
2025-05-18,307.09499406270595,110.95197978096041,180.79710144927537,164.64088397790056,109.73871733966746,132.22748815165875,186.2877382357902,176.29465988838908
2025-05-25,299.0774261650893,110.95197978096041,180.79710144927537,164.64088397790056,109.73871733966746,132.22748815165875,186.2877382357902,176.29465988838908
2025-06-01,304.6885937389702,110.95197978096041,180.79710144927537,164.64088397790056,109.73871733966746,132.22748815165875,186.2877382357902,176.29465988838908
2025-06-08,309.25864292470465,110.95197978096041,180.79710144927537,164.64088397790056,109.73871733966746,132.22748815165875,186.2877382357902,176.29465988838908
2025-06-15,308.0531400716955,110.95197978096041,180.79710144927537,164.64088397790056,109.73871733966746,132.22748815165875,186.2877382357902,176.29465988838908
2025-06-22,307.58256060009893,110.95197978096041,180.79710144927537,164.64088397790056,109.73871733966746,132.22748815165875,186.2877382357902,176.29465988838908
2025-06-29,318.1601170622744,110.95197978096041,180.79710144927537,164.64088397790056,109.73871733966746,132.22748815165875,186.2877382357902,176.29465988838908
2025-07-06,323.6378040480304,119.20808761583825,180.79710144927537,164.64088397790056,116.15201900237531,139.33649289099526,188.5731151964918,178.51090823596212
2025-07-13,322.6276147026452,119.20808761583825,180.79710144927537,164.64088397790056,116.15201900237531,139.33649289099526,188.5731151964918,178.51090823596212
2025-07-20,324.5366589058845,119.20808761583825,180.79710144927537,164.64088397790056,116.15201900237531,139.33649289099526,188.5731151964918,178.51090823596212
2025-07-27,329.27061440203704,119.20808761583825,180.79710144927537,164.64088397790056,116.15201900237531,139.33649289099526,188.5731151964918,178.51090823596212
2025-08-03,321.5071226766884,121.31423757371526,180.79710144927537,164.64088397790056,117.5771971496437,141.70616113744074,188.5731151964918,178.51090823596212
2025-08-10,329.31236483486117,121.31423757371526,180.79710144927537,164.64088397790056,117.5771971496437,141.70616113744074,188.5731151964918,178.51090823596212
2025-08-17,332.42278466327167,121.31423757371526,180.79710144927537,164.64088397790056,117.5771971496437,141.70616113744074,188.5731151964918,178.51090823596212
2025-08-24,333.30465245532935,121.31423757371526,180.79710144927537,164.64088397790056,117.5771971496437,141.70616113744074,188.5731151964918,178.51090823596212
2025-08-31,332.9618912165923,121.31423757371526,180.79710144927537,164.64088397790056,117.5771971496437,141.70616113744074,188.5731151964918,178.51090823596212
2025-09-07,334.0566132345852,121.31423757371526,180.79710144927537,164.64088397790056,117.5771971496437,141.70616113744074,188.5731151964918,178.51090823596212
2025-09-14,339.35441348506265,121.31423757371526,180.79710144927537,164.64088397790056,117.5771971496437,141.70616113744074,188.5731151964918,178.51090823596212
2025-09-21,343.48121350061524,121.31423757371526,180.79710144927537,164.64088397790056,117.5771971496437,141.70616113744074,188.5731151964918,178.51090823596212
2025-09-28,342.4164138844474,121.31423757371526,180.79710144927537,164.64088397790056,117.5771971496437,141.70616113744074,188.5731151964918,178.51090823596212
2025-10-05,346.1319255795389,127.50631844987363,180.79710144927537,164.64088397790056,121.61520190023754,143.60189573459715,188.5731151964918,178.51090823596212
2025-10-12,337.71645768591117,127.50631844987363,180.79710144927537,164.64088397790056,121.61520190023754,143.60189573459715,188.5731151964918,178.51090823596212
2025-10-19,343.46316946183595,127.50631844987363,180.79710144927537,164.64088397790056,121.61520190023754,143.60189573459715,188.5731151964918,178.51090823596212
2025-10-26,350.0438077552373,127.50631844987363,180.79710144927537,164.64088397790056,121.61520190023754,143.60189573459715,188.5731151964918,178.51090823596212
2025-11-02,352.54402701421617,127.50631844987363,180.79710144927537,164.64088397790056,121.61520190023754,144.54976303317537,188.5731151964918,178.51090823596212
2025-11-09,346.80244910706546,127.50631844987363,180.79710144927537,164.64088397790056,121.61520190023754,144.54976303317537,188.5731151964918,178.51090823596212
2025-11-16,347.0761296115637,127.50631844987363,180.79710144927537,164.64088397790056,121.61520190023754,144.54976303317537,188.5731151964918,178.51090823596212
2025-11-23,340.31822184931764,127.50631844987363,180.79710144927537,164.64088397790056,121.61520190023754,144.54976303317537,188.5731151964918,178.51090823596212
2025-11-30,353.00219963627546,127.50631844987363,180.79710144927537,164.64088397790056,121.61520190023754,144.54976303317537,188.5731151964918,178.51090823596212
2025-12-07,354.1005203956149,129.73883740522328,180.79710144927537,164.64088397790056,122.80285035629454,144.54976303317537,188.5731151964918,178.51090823596212
2025-12-14,351.8848281972206,129.73883740522328,180.79710144927537,164.64088397790056,122.80285035629454,144.54976303317537,188.5731151964918,178.51090823596212
2025-12-21,352.2502388570196,129.73883740522328,180.79710144927537,164.64088397790056,122.80285035629454,144.54976303317537,188.5731151964918,178.51090823596212
2025-12-28,357.16921495722465,129.73883740522328,180.79710144927537,164.64088397790056,122.80285035629454,144.54976303317537,188.5731151964918,178.51090823596212
2026-01-04,353.4856641118539,129.73883740522328,200.36231884057975,187.8453038674033,122.80285035629454,145.49763033175356,188.5731151964918,178.51090823596212
2026-01-11,359.0421710829053,129.73883740522328,200.36231884057975,187.8453038674033,122.80285035629454,145.49763033175356,188.5731151964918,178.51090823596212
2026-01-18,357.68821385784696,129.73883740522328,200.36231884057975,187.8453038674033,122.80285035629454,145.49763033175356,188.5731151964918,178.51090823596212
2026-01-25,356.4306425024188,129.73883740522328,200.36231884057975,187.8453038674033,122.80285035629454,145.49763033175356,188.5731151964918,178.51090823596212
2026-02-01,359.67716018538806,132.2240943555181,204.34782608695653,191.71270718232046,124.22802850356295,146.44549763033177,188.5731151964918,178.51090823596212
