Date,US - SPX,EU - STOXX 600,EM - MSCI EM,DM - NADSAQ DM Index,HK - HSI,CN - CSI 300,TW - TAIEX,KR - KOSPI,JP - NIKKEI 225,IN - NIFTY,VN - VN30,TUR - XU100,UK - FTSE,GR - DAX,BR - IBOV Index,MX - ME
2005-02-28,100.0,100.0,100.0,,100.0,,100.0,100.0,100.0,100.0,,100.0,100.0,100.0,100.0,100.0
2005-03-31,98.08823444397103,99.2054145368567,92.08972797567476,,95.22047712807363,,96.74684717933889,95.48330861414333,99.38972454559392,96.78592654225604,,90.00563794776781,98.50860219382108,99.96046422357023,94.98616540636516,91.93180878729117
2005-04-30,96.11581913025205,96.88599277740389,90.94087476091613,,97.9825788022134,,93.72147282188023,90.1063904049992,93.76778018159207,90.45524783073814,,83.0821260970607,96.64285398007448,96.19238292698064,88.5676935240691,89.36528333959416
2005-05-31,98.99468462683816,101.13511668488717,93.81528011639503,,97.6874117228529,,96.8383477505288,95.93122330327479,96.04781697698584,99.2535361939855,,88.87167495409248,99.90942940525309,102.53166884649775,89.81047146500826,94.01666200126763
2005-06-30,98.98055668161038,104.40046901507931,97.53981053113404,,100.04022443969328,,100.38370573318365,99.68359436797975,98.6662521506567,105.57946511351481,,94.93239027582268,102.9123518164436,105.4198492583594,89.25516018638426,97.80027644302243
2005-07-31,102.54071774221438,107.84743623113108,105.03239280051004,,104.82996192415122,,101.67771827389411,109.88075462743237,101.35427490928915,109.93937953167719,,104.29285913741731,106.31578544832443,112.32068111867859,92.78652932891453,104.4976380510912
2005-08-31,101.38999508209574,107.7679818469113,106.42191561360774,,104.98895765162534,,97.19129072169677,107.11616041765541,105.73224537076469,113.37928919529298,,108.84631492656547,106.60963872396097,111.01485120066934,99.92114928295943,103.2904116622406
2005-09-30,102.09455662339472,112.52789691142698,115.63097709699042,,108.68714050727878,,98.56277960957726,120.72951273532668,115.61845220857536,123.68476881017472,,117.38625038554224,110.24856999094294,115.94372128197054,112.5301346305359,116.90145952053234
2005-10-31,100.28331956205196,109.83389042968366,108.3018709846169,,101.34565192122773,,93.40478245369506,114.51016453092863,115.89271417133706,112.72792107452752,,112.56515856566578,107.02022340746704,113.29919158531567,107.40261476830358,114.28823173641318
2005-11-30,103.81189812341738,113.31491871372663,114.56840659789769,,105.2255844343394,,99.54879080856288,128.28665361493435,126.67282762380117,126.10246047783194,,134.1350986424628,109.15165945456376,119.37505890141111,113.71647967159679,122.05670852955808
2005-12-31,103.71303293312269,117.31052944452951,120.22189027480343,,104.7979091744832,,105.48516461492721,136.3876364499288,137.2283358601775,134.86508974206586,,140.0831140805388,113.08845325550972,124.31381292681975,119.2004399763836,129.10375750754562
2006-01-31,106.35426902792334,121.46883644977726,137.29135129391378,,110.97394569348413,,105.2248546557355,138.41065495965827,141.81404698226666,142.68870082015928,,157.02916161089252,115.93639529032906,130.42553827270032,136.7188275210843,137.11269331793994
2006-02-28,106.402464286877,124.060686213603,132.00566444884018,,112.1386933044976,,106.53303962039811,135.61837525707955,138.0289763725874,146.18804231546417,,165.5726221298429,116.56435543926737,133.22729163841316,137.33863456040007,135.6566537050762
2006-03-31,107.58308585764284,126.54280803122298,134.86648084876822,,111.33955837651061,,106.54238427047159,134.4328429046037,145.30483961637395,161.7758231308689,,151.1163538017103,120.04830632987822,137.22776055111035,134.98376258120712,139.76349327674907
2006-04-30,108.89082850915896,127.31469116066853,143.65323846267023,,117.37154068057495,,115.52780737346534,140.3783024837842,143.99800691617122,166.80613811957684,,154.52880722170732,121.225724061588,138.14282988812755,143.81115932002754,149.72441995553126
2006-05-31,105.5242598523655,120.66289981978508,127.64635611646042,,111.71186339188537,,110.71243396303645,130.28990666033854,131.74224485971754,146.01450136693214,,134.28652584450953,115.2017671329375,130.85560477095683,130.15316834622743,135.45069930222067
2006-06-30,105.5333978844188,121.32883872530786,127.91880139281686,,114.59823111089196,,107.99925403886294,128.06023572219587,132.06463042774647,148.7317247117556,,124.85209516916782,117.40766629767536,130.63608926810545,130.51167171251637,138.85366069447244
2006-07-31,106.07012795577558,123.36448509726114,130.91585882199084,,119.55562913207494,,103.76347123288699,128.32422678373675,131.65264126194572,149.44490669202423,,127.01789108583176,119.31769749421355,130.60528813995666,132.10237118297204,145.73398813296535
2006-08-31,108.32668434164232,126.652539761151,132.98652547775907,,122.52089592718742,,107.14629577249544,133.7545483309603,137.4781527349539,162.31545940805896,,131.30722515975384,118.87088859816845,134.68758691549687,129.09206308442157,152.64810949812392
2006-09-30,110.98786994704099,129.18762612328783,131.82857890176717,,123.58308178382357,,110.87690367041456,135.60057744027844,137.3658927141713,170.6121431118507,,130.03592446297645,119.97181845627452,138.01502819222662,129.86731623705182,159.0860628334975
2006-10-31,114.48487615126778,133.6940431460122,141.13301646204903,,129.08698975368694,,112.98618175777717,134.92228286663502,139.6810299303272,178.0149815761322,,142.91450187522835,123.36117943041161,144.0968718466196,139.88970519465929,167.134528835792
2006-11-30,116.37005926333264,133.10378246987088,149.57918785045203,,133.5682459396915,,122.64462263553251,141.6122844486632,138.61582883327938,188.018542731487,,134.4168241721358,121.74297675354735,145.0225147052401,149.39928836613268,181.02238956420337
2006-12-31,117.83815865712917,138.2042438910196,155.5323846267022,,140.64268228680518,,126.02986992185885,141.8347571586774,146.720184658365,188.58432901462024,,137.75532652285702,125.20478615276241,151.6362524681128,158.4557408976341,191.80098422998435
2007-01-31,119.49485039946181,141.02689693038343,155.70948243448692,,141.64088944619186,,124.03110226872994,134.4951352634077,148.06244995996795,194.11387138951622,,145.03098991253927,124.84854785146422,156.0539157658103,159.05858136903387,199.87359911120527
2007-02-28,116.88434486750413,138.1247781556329,149.51107550963692,,138.43624848982236,,127.2902104714496,140.14198702736908,149.94224315622708,178.07203138000713,,145.90435625448373,124.21253899567273,154.36054329512308,156.22949346030018,193.18340964765846
2007-03-31,118.0508486351421,141.59445527282702,158.70651534223734,,139.48884669979958,,127.0075062138057,143.62343774719187,147.2467335570584,181.69737311303936,,153.75757095397117,126.95984703632888,158.99427420819262,163.1977897428938,208.4758141363041
2007-04-30,123.16135137802233,146.4035625107434,164.6188430792369,,143.13828119771614,,126.86268427352738,152.49169435215947,148.20716147385994,194.36110305479616,,158.41668188082286,129.8017550568582,170.29966739378784,174.42711734982637,210.28170066122968
2007-05-31,127.17015837193333,150.1116179154861,172.7380785012506,,145.36077659233482,,131.2044638592799,168.18046986236354,152.25584723097626,204.24580054677284,,165.8015254681822,133.26758377780016,181.1988994343166,186.2277180632417,227.7026148957247
2007-06-30,124.90445381191333,148.96515006375006,179.34515947099118,,153.37931083065934,,143.09686084997716,172.4015187470337,154.4926068514386,205.3155735171758,,165.84730828404005,132.99587199355943,184.05558914053358,193.7939023751093,225.90479250093915
2007-07-31,120.90977476323015,143.8079365920793,180.5984902976901,,163.32770238141362,,149.60541526418385,191.15547381743394,146.91660562492547,215.3262855105194,,186.02972809090673,128.00845526818958,174.32840898381562,193.07848113659333,222.34126644553157
2007-08-31,122.46510635868084,142.24525550549566,182.47843340798744,,168.9577291155202,,144.69081877740177,185.21990191425408,141.12643306134268,212.0337620349459,,176.78194299449848,126.86524705645567,175.57033805387442,194.66745259666695,220.08011191156146
2007-09-30,126.8486233772767,142.97172640010118,203.59389661767833,,191.2067754581606,,151.61417191491756,192.46163581711755,142.97130470333713,238.7424271960062,,190.322587228324,130.15597866559324,180.70401265144847,215.4314426845144,219.70540543284505
2007-10-31,128.72881657616702,146.971120853187,227.76087933824854,,220.86514245862202,,156.43743374999906,204.1656877867426,142.56197298264144,280.54914537026036,,202.90181380047008,135.284293046191,184.32912154722803,232.7257268786599,228.13561952389722
2007-11-30,123.05915957894464,140.13015853304483,210.337206355953,,201.78163271775617,,138.31564752392305,188.4591045720614,133.5593581247977,273.99263045287057,,190.92126741607134,129.46563349099324,180.91111575937424,224.48515177685252,215.89329821472342
2007-12-31,121.99734256697158,137.9696531094762,204.75183910676628,,195.92789188008751,,137.0250178077522,187.58206771080526,130.3832853516856,291.86259835968144,,195.58389265490362,129.95672536982994,185.43474413227017,226.7608203111124,214.1985980596775
2008-01-31,114.53556636680872,121.89639706775147,186.4835624724134,,165.23537637324898,,121.15553710144225,160.64310433475717,115.77321431613375,244.26246047783192,,150.36625715990925,118.34154775083023,157.49375357718327,211.95881520624908,208.80905416165683
2008-02-29,110.55417346905763,120.68182599864446,190.202608262085,,171.40591813516397,,135.5185252251024,169.2394399620313,115.86307343747337,248.35373826221323,,157.6877033654493,118.43211834557714,155.11195290645423,226.54965031661249,209.714666129058
2008-03-31,109.89531223012506,115.75163586395112,183.06421752137453,,160.9625616839317,,138.09317687351012,168.48501028318304,106.6856889767133,225.10400570545585,,137.3961141124201,114.76502163630873,150.2122749391448,217.2233751990463,224.17839422283396
2008-04-30,115.12047141291927,122.24828324006647,199.7931127495055,,181.4351178378835,,143.68820918600852,180.49655908875178,117.96662862204657,245.61511470343515,,153.07790032147227,122.51785850860419,159.72499649464774,241.8088584652966,219.59822937228873
2008-05-31,116.34928824263879,121.86991101177074,206.11412679210738,,172.82503777645496,,138.84207462443277,183.1217370669198,122.12782992351327,231.5511755616308,,140.75927040105708,121.83757673342055,163.1262225634354,258.6403992936749,231.88341675453574
2008-06-30,106.34762595245728,109.49335542421753,184.8896862892547,,155.698943668173,,121.19436065107516,165.61066286979909,114.82701054460588,192.10983002496138,,123.5737443489216,113.23135553990139,147.5309677760436,231.65164906881083,213.17361230969163
2008-07-31,105.29910523351627,107.36690728491783,174.71514279642315,,160.13060614919672,,113.1483946379267,157.67580287929127,113.93634056181115,206.01213360275764,,148.61601016403972,108.9242205897152,148.9386253042761,212.0114536091029,199.43507577526606
2008-08-31,106.58275025555557,109.03930496654036,163.68050219875428,,149.78067465754629,,113.50358799284794,145.76807467172915,111.34754612200399,207.29822893141568,,140.31554247885168,113.44671631277046,147.62245172382882,198.38417846520684,190.66004034965837
2008-09-30,96.90594956881368,96.86707794971139,139.64950711938664,,126.9162859668835,,92.13009550631871,143.17949098243946,95.9053200006814,186.4352787352906,,126.95802951550066,98.67062896246352,134.03133899859557,176.5109874204051,180.49220201516232
2008-10-31,80.48770518862733,84.02133701534916,103.92992594530088,,98.40313905609935,,78.45994689835342,110.05577638031956,73.05402194095701,137.19719957209082,,98.01732460229593,88.10183757673342,114.6530620688704,132.74269344657583,148.2677349221797
2008-11-30,74.46327753521818,78.03927208599372,93.79444508018506,,97.8365450658138,,71.85264622496675,106.39830525233349,72.50284908778086,130.99251634375372,,90.55852994566081,86.30391063701317,107.33135807690628,130.38772170595882,148.9160634281546
2008-12-31,75.04569776684143,74.50148796770638,102.04999100881136,,101.35347138323465,,73.95853504431443,111.18395032431579,75.46087593479038,140.6941590395816,,94.60488193029191,89.24564556707256,110.56685568752025,133.78829649565552,162.30019159561
2009-01-31,68.61748268819603,72.35612121699188,92.56833303362704,,93.53915190537747,,68.42922779088299,114.90567157095396,68.08893753300512,136.68370379175087,,91.32976621339697,83.51897152057964,99.72095097333865,140.02509569881823,141.88475110700492
2009-02-28,61.074280638599355,65.42812571689713,86.7649703290775,,90.25187825590774,,73.4097072018772,105.10896218952696,64.46365517946272,131.39902056341376,,84.61403419356193,77.08745295360772,88.35188679895828,136.61934400379153,128.73731096069028
2009-03-31,66.29029671829029,66.76756718878629,101.39608638080135,,95.63709242815429,,83.93979403527811,119.27108052523334,69.07253291995299,143.63247355283488,,90.73461108914488,79.02062795612358,93.89195240076407,145.81511336407246,142.33153437480513
2009-04-30,72.51661808431756,75.76147127165343,117.17153553154273,,109.33855100437819,,96.53243892741202,135.39788008226546,75.19428138255286,165.1705693569476,,111.46640320088422,85.41229747408676,109.63017958896583,168.48824851397345,158.80861179480559
2009-05-31,76.36590505919388,78.78088543717563,135.84872733811773,,128.006706421469,,110.99594848770104,138.02108052523337,81.1074391428036,211.5274075835017,,123.26736487781129,88.91898762201872,113.56927610453076,189.5386180213811,176.4515144175334
2009-06-30,76.38085958556744,77.88035575010952,131.72091350476532,,129.4700729464226,,103.61366365358484,137.44560789432052,84.82054068786944,204.0223511232616,,130.12043997122325,85.5229948676663,110.53099765773511,183.36670293588253,176.7174421623472
2009-07-31,82.0438684362738,85.09969786599198,146.22942243873732,,144.9300651269606,,114.01262415348641,153.97978959025468,88.21380508662249,220.44218233685964,,150.16552207498785,92.75153265573111,122.56412496063662,195.12521857995242,196.1171793529261
2009-08-31,84.79727615650113,89.2958458777916,144.30857759395795,,138.9482400927064,,109.95710401288206,157.3969704160734,89.36962335826108,221.66171876857243,,163.93506964715274,98.80044077689443,125.60906932322567,201.26503899014932,203.99601579757297
2009-09-30,87.82651856901866,91.74391419486496,159.021431724183,,147.62052362217204,,120.96287718956742,165.4346622369878,86.30930276135803,241.7187780815405,,168.7209538346138,103.32897051423973,130.44875404839456,219.18258624437468,211.98973708905208
2009-10-31,86.09089086278946,89.64772826638435,153.5450213336385,,153.2393988172183,,118.23906230938891,156.2934958867268,85.47041888830212,224.01997860454063,,166.16777725409497,101.53063902586292,124.46781856756365,219.28095457146216,207.7385843970685
2009-11-30,91.02941401684866,90.49528584148905,165.60134704353374,,153.72287403973837,,122.13945739268863,153.812687865844,79.60027426196277,239.28207298228932,,160.37118902158738,104.47177618999697,129.31761709600528,238.87316478616975,224.49834148690377
2009-12-31,92.64705867438087,95.78871331534627,169.606512890095,,154.0821466184349,,131.89971001300438,166.38684543584876,89.82879920958044,247.28633305598478,,186.02972809090673,108.94394485257119,136.93698870701922,244.37418073157264,232.9349445155938
2010-01-31,89.2215035642889,93.44280928363506,156.44668225139364,,141.75057325109984,,123.07746470058838,158.44309642461636,86.8613188423079,232.11932960893856,,192.46021489157005,104.42829827915871,128.92317876836864,233.020489820754,220.4387336414914
2010-02-28,91.76553777318634,93.00389371508973,159.2258177894754,,145.17922418256683,,119.78581855840416,157.66690397089067,86.24797710508832,234.03303458932606,,175.0422604376,107.7693468853779,128.68573425062465,236.6148369251662,229.41100666741124
2010-03-31,97.16102338251001,99.72757199562709,172.15061058344642,,149.6218832223228,,127.58177934025609,167.38352317671254,94.45803451271657,249.57090692975154,,199.1055155245848,114.31297373452752,141.44498665667547,250.72731956979598,241.24534245721009
2010-04-30,98.59504532048072,98.34272585634244,171.85431004887937,,148.70073650878632,,128.9379681960046,172.19982004429676,94.18087661618657,250.94496612385595,,207.63137223260992,111.76995068934286,141.03468804663385,240.60220484861188,237.04568561785595
2010-05-31,90.51263345608993,92.32660364271808,155.71108041392162,,139.24778888861493,,117.5180325891973,160.45522860306914,83.1557203209376,240.89146796624271,,194.5133270430476,104.42649089262352,136.67839714606862,220.7114193802457,228.7801770337635
2010-06-30,85.63559171191649,92.06553437263861,152.52329535237288,,141.79988517366604,,118.06653825786888,167.92141275114696,79.91618486278385,252.58528467847378,,193.12228170962206,98.96085538895039,137.12294477173836,217.1871760537238,225.94830399450015
2010-07-31,91.52542355691357,96.6173522790362,169.1977816285495,,148.14577308766604,,125.01356794542428,173.95685018193322,81.23349573275642,255.20504457387375,,210.82899032074792,105.82711079802758,141.31672524244397,240.58761830324275,234.3002554124672
2010-08-31,87.18261692750964,95.08872469299918,163.72137123800493,,144.67054352305507,,122.68827718078174,172.3174735010283,75.15850637957175,256.8596172590039,,211.2022814856581,105.16695582167657,136.19661233562198,232.09961705508482,229.73959821486844
2010-09-30,94.81555120639771,98.27083513296625,182.97068872504946,,157.50347825168097,,132.6998350035385,185.17739479512733,79.80298792225268,286.69678830381554,,231.63121918978237,111.67596055147429,143.17973377711476,247.37192245359233,241.70881238279088
2010-10-31,98.31007259613722,100.63187405380931,188.48800902388388,,162.70342048628598,,133.49414636847098,186.17999525391554,78.38143025058343,286.11435635326285,,242.14677992299443,114.22280768843716,151.73853979666657,251.7586139803308,257.9377219992661
2010-11-30,98.08491797728799,99.06919675094795,183.01155776430008,,162.08117446910433,,134.86967853711073,188.32364341085272,84.63826380253138,278.74480922382025,,230.14157959715834,111.26637818255007,153.74107284466808,241.33510571379637,266.99609701902756
2010-12-31,104.48986707865228,104.35884428624449,194.70827679782906,,162.27461105221076,,144.53520562684216,202.79623477297895,87.12433776808682,291.66765719719484,,232.44118815342918,118.74690349199962,158.92899420525043,246.89293579023393,279.5670678909834
2011-01-31,106.85610013335847,105.96313875049607,187.22106880711448,,165.17620206616954,,147.31958595323024,204.6481964878975,87.20099483842392,261.7805729228575,,222.84126226603877,118.00221193519171,162.6823645152615,237.11046949472015,268.19206843487706
2011-02-28,110.27085390700566,108.39229223987697,187.139289859574,,164.40609072689296,,138.52908764368405,191.7517006802721,90.49017937754459,253.57185308451204,,215.8191454046186,120.64022944550669,167.1609404917607,240.02412302493315,268.46373244492537
2011-03-31,110.15536581489593,104.39289400306883,198.9096140327933,,165.74103491636345,,139.87656975341514,208.30367030533142,83.08859513142428,277.36835849280874,,226.91576101162343,118.92441984502365,161.85096391440965,244.3681130992415,271.51543280157455
2011-04-30,113.2942848962529,107.37447094576143,204.34519625312652,,167.10268503418374,,145.10497154231072,216.77346345514948,83.89469192375176,273.3626530369666,,243.8723837254196,122.16765422159605,172.7267503200789,235.6252926706244,268.04980760667934
2011-05-31,111.7647040925706,106.34529848479706,198.33744748328456,,166.8442905599369,,144.7984183716626,211.84049201075777,82.56588675195475,264.3599144181624,,222.02424317892317,120.559327764919,167.6521495279842,230.235393137148,259.85636130783945
2011-06-30,109.7241642934998,103.24264242904981,194.53666770201565,,157.7847675471193,,139.3818719362181,207.70941109001737,83.60807624823262,268.50825627005827,,222.8095582011326,119.66810908724968,169.5496369374484,222.33843200908004,265.1160379014117
2011-07-31,107.36790092304264,100.36323355544161,192.53404390969578,,158.08169576657144,,139.24639625688212,210.9248932130992,83.75236614823774,260.6442410555093,,219.38302602666232,117.04115729093287,164.55088966989928,209.58253727576707,261.06417510185315
2011-08-31,101.2703588711072,89.8369143805322,174.71514279642315,,144.65899044405387,,124.7031535221945,185.89918525549754,76.27549017937754,237.77487222156188,,189.97747506482472,108.57461608131227,132.9700792324543,201.286918808203,259.0464166109478
2011-09-30,94.00299658485068,85.58022681220527,143.42989325006948,,123.93079423895853,,116.39139254149369,174.97725834519855,74.10430472037206,235.02912159752762,,210.21623138204893,103.21988527724663,126.46897246057343,186.4271019580638,242.96296591744712
2011-10-31,104.12928499919522,92.12607014544363,166.80698370142716,,139.93926884507954,,122.22773139361529,188.75870115488055,76.55817930940498,253.2556804944728,,197.4256945380174,111.58740464929053,141.16432861585707,207.85432024507392,262.2291808381184
2011-11-30,103.60252461208749,90.83960456923818,163.5169851727126,,126.7270620308763,,111.21631856516177,182.67580287929124,71.84139141100113,229.74205634137644,,191.99183303144898,110.80647881654421,139.9575679980876,202.64032147976408,267.08187267666756
2011-12-31,104.4865404698693,92.52714092371482,155.05713491687237,,129.86218022098785,,113.92193384931717,180.52325581395348,72.0180365569051,219.86448591465586,,180.54303364149,112.15215457381504,135.57898075848928,202.2095587762423,268.88304545645735
2012-01-31,109.04038391499459,96.26167860071594,172.09952428438314,,143.64203770953165,,121.09030013563032,193.38217845277646,74.97495698686608,247.2007607274456,,201.33470881954642,114.35261950286808,148.4639661279534,224.72083457842126,271.38611664271116
2012-02-29,113.46627462717387,100.01135116684887,181.17245099802193,,152.72663231269394,,130.82574376512014,200.74454200284765,82.81723421290224,256.0418495186022,,213.8364700069145,118.17469658850759,157.59328259575358,234.48112889742498,274.24345115762327
2012-03-31,117.02143563250344,99.63297893855315,175.51212993084962,,144.80502418045347,,127.7902241557803,199.14174972314507,85.88624090761971,251.77937953167717,,219.83025751637695,116.10043675153467,159.67925452075514,229.84664780771956,286.6046821267838
2012-04-30,116.14407299228763,97.34760689592467,172.52864919651472,,148.59944277527498,,120.8428722944592,195.97274956494226,81.09372263768462,249.52572922857485,,211.33257981328435,115.4831397806179,155.41214897632221,220.25990630050757,286.1678412352623
2012-05-31,108.86756253187788,90.70717428933466,154.0762779748574,,131.23677824076194,,117.61758750452915,182.2763407688657,72.76229920106297,234.125757755854,,194.0378950559361,107.09187682399116,143.99251578557818,194.14431794022875,274.65142942508265
2012-06-30,113.17381703306862,95.03575258103777,159.94094423828287,,136.9565456293786,,117.5334969299498,183.31850181933237,76.71482121867706,250.98775228812556,,220.25285656064023,112.12941330381403,147.48407650632458,193.66054272851272,291.5237507487603
2012-07-31,114.59953259118178,98.89893303193715,159.87968154844617,,139.45983015564957,,117.11806030258462,186.08507356430943,74.05975503807302,248.61523832164508,,226.29947700942924,113.42014290027171,155.66660307229762,199.86863201897776,295.1840101062696
2012-08-31,116.86440549900603,100.73404212289373,160.53358617645617,,137.24614046148915,,119.15693536780267,188.3720930232558,75.29351310835902,250.0178295495067,,237.24468690685177,114.95380899667906,160.2299970807886,203.3046933723961,285.88246385282673
2012-09-30,119.69674918312991,101.5853796365591,168.89130470320904,,146.8113220174212,,124.28111072176411,197.37877709223224,75.55116603921435,271.16604302864613,,233.82518335986427,115.56948374760995,165.86982156033,210.83814168552126,296.36375173502086
2012-10-31,117.3280211718365,102.27400952461274,168.17605564728387,,152.45710743306788,,115.43566245474403,189.05830762537573,76.0462838355791,267.19126114346847,,255.41977737809867,116.38724363489987,166.89223512753736,203.32867530617227,301.8244441769294
2012-11-30,117.66202080732941,104.34749311939562,170.7712805087378,,155.19441929927757,,122.10659405772076,191.1188894162316,80.45593751597022,279.56020920004755,,257.2862546951141,118.0803019019825,170.2222048550853,204.7766054899923,303.3731560191625
2012-12-31,118.49368314517878,105.82314102602666,181.25422994556243,,159.6080406612024,,124.02884544150137,197.46183357063757,88.54044938078121,280.7607322001664,,275.4190874104768,118.70403743584583,174.97776112575826,217.1666465778037,316.9509756002048
2013-01-31,124.46909402953845,108.67607141109876,180.70245704663975,,167.1640995114597,,126.45352520198645,193.99026063913936,94.87300478680817,286.9249970284084,,277.4440205605435,126.33349904397706,178.73963622488503,212.9246839371031,328.3526621056953
2013-02-28,125.84580296070209,109.70524387206314,176.5746840823266,,162.16768167040615,,127.22609789207986,200.37276538522386,98.45629695245557,270.67870200879594,,279.3844382023633,128.02274529536078,177.95006999211586,204.59745891263395,319.9616808780039
2013-03-31,130.37470698205487,111.15819322871869,174.79688087492443,,157.0910967323807,,126.72511607558332,197.11279860781522,105.07095037732313,270.17947462260787,,300.23242839479127,129.0478051725873,179.18234497723248,200.77731251345665,319.64333628728025
2013-04-30,132.73263365690352,112.27060757990816,176.92203004691765,,160.17223950096334,,130.37824923720126,194.1890128144281,118.0592133281093,281.9541281350291,,303.0215691815896,129.41773372245143,181.90387749425926,199.2035083527568,306.4911896477455
2013-05-31,135.4885363337181,113.84463604961836,168.3600480619902,,157.7429228585417,,132.9739968237855,197.85734061066287,117.32398684905372,284.6047878283609,,302.82435916016345,132.4965241018416,191.90573935349812,190.637233578655,301.5949863156353
2013-06-30,133.45630291450482,107.84364872512586,157.3458011149074,,146.5500251843033,,129.87162776893652,184.2390345673153,116.4959201403676,277.7701271841198,,268.6822211422248,125.09751836570393,182.94996655549147,169.08538476965853,294.5967499815076
2013-07-31,140.05732923416699,113.35274836911165,159.43008124765004,,154.16076391212613,,130.60827647328813,189.2530849549122,116.41926307003048,273.0060620468323,,258.40612818632314,133.2607446915568,190.23075561603403,171.85504337288245,296.15285152573057
2013-08-31,135.67381221557116,112.49763470060788,155.3840872308774,,153.08794076933643,,129.2221270682005,190.4722354057902,114.03897586154031,260.1592677998336,,233.8146296688862,129.07175606319814,186.2583295215022,178.17525381533116,286.3953410793461
2013-09-30,139.71004344774195,117.46943821296915,166.5617694659234,,161.03765669743964,,131.67032551358002,197.452934662237,123.12658637548336,272.6874979198859,,262.3151209753878,130.06380597765926,197.55016101634527,186.4761596383734,291.41989606554574
2013-10-31,145.940518003698,121.97585523569354,173.5095061385297,,163.47866731006982,,136.11937607635235,200.72872172124661,122.03754492956067,299.4960133127303,,273.34837144455236,135.4821414913958,207.65293104914622,193.30984569366098,297.6088113675228
2013-11-30,150.03407238477587,123.03151375263863,173.08038122639815,,168.2331819926948,,135.42300553618566,202.19012023414015,133.39923002231572,293.645553310353,,266.75588225487826,133.85468048706855,216.18944072966494,186.99027657465302,308.2000963054391
2013-12-31,153.56929402160733,124.20447144407767,170.81214954798844,,164.1832783270578,,138.72012702151756,198.874782471128,138.76045517264873,299.7266135742303,,238.77308068785075,135.83757270806078,219.56515243110547,183.51527263674896,309.85325023604986
2014-01-31,148.10485227473612,122.03260728621564,156.078860898138,,155.22984639336119,,136.32090704286512,191.93462268628383,127.03379725056641,289.5281112563889,,217.84055349119004,131.03431417932978,213.9179724582748,169.73333165639127,296.4564964835462
2014-02-28,154.49069365979807,127.89737682479941,161.35096696146866,,160.87635035416525,,139.17230273425167,195.7749960449296,126.40810520757032,298.4405182455723,,220.28808568551997,137.05746603602697,222.78134187183514,167.79300758639312,281.2502520040669
2014-03-31,155.5616487038244,126.49361964154453,167.60392996681435,,156.0444863987151,,142.55029788911267,196.33068343616515,126.29533413965216,318.75431831689053,,245.5838872809071,132.8040676260441,219.651349618089,179.6237291240758,293.4241224819536
2014-04-30,156.5262536877943,127.84819600256552,168.91173922283434,,155.9240948620499,,141.6185729696436,193.97543901281443,121.8345740422125,318.38344942351125,,260.14931431073086,136.46029586394283,220.73904318823855,183.94115059339697,295.2367895479591
2014-05-31,159.81804464166999,130.2508520847988,173.89776201141063,,162.600076785708,,146.2010083040127,197.25518114222433,124.63059809549766,343.75134672530606,,279.22948593329977,137.75807185267183,228.55517424474024,182.56105461506857,299.95744575929734
2014-06-30,162.86390995600254,129.350326181455,176.67685668045314,,163.3684340294533,,151.31004149098732,197.97203765227022,129.1424629064954,361.8851824557232,,276.40866257758125,135.73392170675254,226.02212624325077,189.43347304326963,309.9263640490636
2014-07-31,160.40794974305496,127.12928120135906,179.08812999624007,,174.4011243118345,,150.06611730562665,205.28002887201393,133.04916273444286,367.1127921074528,,289.32597268222213,135.45556807889704,216.23955002769804,198.91505175783016,317.7621966342409
2014-08-31,166.44815850398348,129.40330207713868,184.1558908633176,,174.29694230857288,,152.005923937899,204.53053314348995,131.37820895013883,378.1932770711993,,282.83209925125414,137.25973633893528,217.68053713489746,218.36403307076958,330.89105737280505
2014-09-30,163.86590886248135,129.8119402999758,169.85172712559876,,161.55276199600573,,144.44531753534943,199.73995412118336,137.75718447098103,378.6901129204802,,263.903376326718,133.29415719029888,217.77546897016197,192.8102582962224,326.23220923807025
2014-10-31,167.66783730164968,127.43576270627861,172.26300044138563,,169.0557893958233,,144.571608040626,194.23648354690715,139.80341720184657,395.68288125520024,,283.77236653900553,131.75948877930966,214.38665529629998,194.63668332314285,326.5357744248143
2014-11-30,171.7813310512256,131.38975627569124,169.606512890095,,168.98103252121294,,147.9929420104458,195.85310868533458,148.71343883617533,408.3323428028052,,303.4547219168309,135.3048223810003,229.41898498789794,194.7640822246484,320.46555122535614
2014-12-31,171.0618099125031,129.60762686414066,160.5744552157068,,166.28712219142184,,149.92774689500604,189.40733270052206,148.6361003696574,393.8048353738262,,301.8770417489432,132.15436852168662,225.38955382037423,178.1718013574751,312.88868454602283
2015-01-31,165.751913484642,138.88152261222436,159.4709911559399,,172.64140017681845,,150.80809315319374,192.7365132099351,150.54078156141935,418.8232687507429,,313.23427550366495,135.8438140283788,245.81874685380268,167.12774852966803,296.97013516120285
2015-02-28,174.85045220073934,148.40136787614483,166.50046590704747,,174.86915785803097,,154.9994030925556,196.34947002056634,160.11054801287835,420.5206038274099,,296.33751436019986,139.8140324041461,262.07760505138504,183.78580424150658,320.4633974064249
2015-03-31,171.80873500528554,150.32728251817008,164.00745451275932,,175.41582983159978,,154.42498015530418,201.81043347571585,163.5946203771528,403.7085462973969,,284.7091302592476,136.31961356546242,275.0533847911385,182.24331447925556,317.08842115644853
2015-04-30,173.2726862802033,149.75594802088813,175.24644030668128,,198.18461679352745,,158.18812116008135,210.32766769498497,166.2607532834778,388.99322477118744,,295.62966472276844,140.09519774579852,263.28942257079086,200.3401045093553,323.3077364885935
2015-05-31,175.09055627491216,151.29970292861242,168.0534893985712,,193.19135491551808,,156.27151748241303,209.1045720613827,175.14564843364053,400.98183287768927,,292.2277864897355,140.57422159605514,262.357113796377,187.98073649655197,324.186886215994
2015-06-30,171.41161093971527,144.2771143714437,161.92313351097744,,184.9199139154723,,150.18161498975303,205.09017560512578,172.35686421477607,397.8842267918697,,289.6534810312745,131.24645265170574,251.58016683178218,189.1222886581843,326.7256223231367
2015-07-31,174.79562400841957,149.97540012957734,151.70587369832108,,173.55175462387328,,139.58725771183717,200.73564309444708,175.33379895405687,405.69830500416015,,281.41287491993927,134.77467646170876,259.9475001666479,181.22649616394165,324.54447092199405
2015-08-31,163.85677083042802,137.26966448712912,138.30082882411602,,152.65970898921125,,131.68723641454042,191.96824078468597,160.89876156244142,378.9991584452633,,264.86124743243784,125.75102948576028,235.82309119202662,166.12243840720765,317.06797075447486
2015-09-30,159.52393388527318,131.58650605068274,133.96871066354973,,146.85302581479144,,131.7890481571008,194.07630319569685,148.10273750915627,377.934144775942,,261.32202074478823,122.00080305927344,222.0540674728594,160.5422831492159,309.1675743647685
2015-10-31,172.7617272848148,142.0674205581967,142.5103398669304,,159.4891214376539,,137.79870682994368,200.6674181300427,162.539393216701,383.49220492095566,,279.6485599175894,128.02837476099427,249.4004123673425,163.4263859204422,323.0203503255385
2015-11-30,172.84894934436903,145.8360041682998,138.9138644128754,,154.95510853906381,,134.0341192649586,196.95953962980542,168.19814149191694,377.28515392844406,,264.9422593731754,127.92774076683102,261.63098869322766,160.75968823272316,314.86766704424974
2015-12-31,169.81887527965574,138.41234483285993,131.55743734776283,,154.37731369779542,,134.31520298856117,193.9279880556874,162.11872476704767,377.81291334838943,,252.59545045134928,125.63791486364093,246.9379311295969,154.4519230279331,311.6692024198192
2016-01-31,161.20305995269115,129.50545879505623,124.93665298916154,,138.65884955284653,,130.16786815734534,189.05830762537573,149.21129243820587,359.6124949482943,,258.7723692277646,122.44721747006137,225.21853860139896,143.94913649539757,316.40666131958756
2016-02-29,160.53755563829256,126.34605825623149,123.9149270078959,,134.63514460721294,,135.49275776732358,189.51313083372884,136.50716317735038,332.2025341733032,,266.9883214011842,122.71489986917581,218.26047180892266,152.47578816958486,317.0169825359369
2016-03-31,171.13160784434635,127.71576572266201,139.97645943339165,,146.36271032415544,,140.86774217612688,197.34318145862994,142.74117166073282,367.9258243195056,,293.238490534782,124.28096809902385,229.06638102834393,178.34232213455527,332.7257049949745
2016-04-30,171.59356021278532,129.20655230214717,140.5486259829004,,148.40811251571816,,134.9569860167404,197.1750909666192,141.95229374989353,373.2223844050873,,300.4930465425081,125.62926637818255,230.75492645656007,192.07819471441888,332.0272875079952
2016-05-31,174.2231633189454,131.4654345050727,135.35825799807097,,146.63315804118955,,137.49715540700765,196.11216579655118,146.79811934654106,387.9757565672174,,273.99283444815745,125.40585689846029,235.8984849982416,172.70024709835883,329.66808707520096
2016-06-30,174.38186689893428,124.81743067019447,140.4260188651485,,146.48718770583324,,139.60723731791563,194.82182407846858,132.66715500059624,394.04493046475693,,270.52049796184343,130.91134346382208,222.50574073265312,183.58571132799167,333.3450911058156
2016-07-31,180.59157043419648,129.36168491574844,147.9663566068889,,154.21507042799226,,144.72706332604045,199.35432486948267,141.12796620274943,410.72150243670507,,265.5514932519008,135.34125389956725,237.61691211794536,204.1838836773244,338.3792548801766
2016-08-31,180.37138544432185,129.98221158643113,149.2946003825342,,161.8620252406598,,146.08727129951572,201.17959974687548,143.83762329012146,417.74397717817664,,267.53064358610965,136.49008352621513,243.48268815696622,206.29632470718863,344.76563984376475
2016-09-30,180.14872578205987,129.75140831089303,153.05455199359176,,164.11817954471007,,147.665922751333,202.06751305173233,140.11072687937585,409.42115297753475,,269.36189177472374,138.86142900271713,241.6054283540475,207.95643318847382,342.62256099948803
2016-10-31,176.64921447914585,128.25683422540263,151.78761177682236,,161.56374446561725,,149.65164881042733,198.56331078943205,148.41677597397066,410.6977297040295,,276.57416853410126,139.96619100332092,245.14502964033937,231.32009197575755,348.1592535168165
2016-11-30,182.68611691549125,129.39951457113344,145.0850893397198,,160.5439105059051,,148.85571691145347,196.1200759373517,155.94160434730762,391.0376797812909,,260.5824885419582,136.53597665291335,244.57704764290918,220.56666199094371,328.6275242105202
2016-12-31,186.01114353089704,136.75129453436398,143.08250641643917,,154.98428006354195,,149.06174703460394,200.36979908242367,162.80572543140894,389.1976607631047,,275.1760945731928,143.76230451846635,263.9026868237831,214.58429004835972,330.99844373891364
2017-01-31,189.33783345069432,136.25940685385726,152.60499256183488,,164.56641787627638,,152.19408469313615,204.4346325739598,162.1837044103368,407.0509830024962,,303.9019748990099,142.88316192009663,265.1496727954782,230.4160432616841,340.8477126733027
2017-02-28,196.38085248609747,140.08853002048772,155.26148011312551,,167.243005632126,,157.06727701842226,206.81457641196013,162.84508457830097,422.1846951147034,,308.0645357123226,146.18979370031198,272.024760429285,237.51093679148235,339.8014788106278
2017-03-31,196.3044216208881,144.21279487635573,160.98314560821305,,169.8555512896829,,158.05070921641365,213.59654326847019,161.0587193158782,436.17021276595744,,313.2377790711742,147.38693569487774,283.0226020517229,231.53224889577464,352.0192886450956
2017-04-30,198.0890660961668,146.464105850993,163.72137123800493,,173.4027762612405,,159.02497073816502,218.06675170068024,163.50731649149108,442.3653773921313,,333.3392084297677,144.99224916976956,285.8990596461548,233.02574867296818,357.2389926799164
2017-05-31,200.3821948944466,147.56138152932832,168.38044171257624,,180.76799797116664,,161.74282862541614,232.10131901597845,167.37279185050167,457.4468085106383,,343.5061319359852,151.35252490691354,289.9687161676041,223.43520910582373,353.8096560706511
2017-06-30,201.34678973631654,143.54307224855,169.1569534583381,,181.50013913006723,,167.45094231879833,236.49244581553552,170.6337836226428,452.67564008082735,,353.7118096270561,147.1816483848244,283.3041795292025,224.1068172646123,361.56229468013976
2017-07-31,205.242613736805,142.96795024526276,179.0063919177388,,192.48549701134527,,167.9706086028353,237.5721800348046,169.71176941553244,479.120408891002,,378.6836494328721,148.37476099426385,278.54908297686006,234.86817471973544,369.9337827587157
2017-08-31,205.35476507803182,141.46580871520644,183.21590296055322,,197.0384738664422,,170.52303026141132,233.6645605916785,167.33591128221727,471.55118982527046,,387.41372329734185,149.55459595451345,277.1145319262888,252.37878443626295,371.374078462826
2017-09-30,209.31872370597202,146.86896413526944,183.13416488205198,,194.10793675393703,,166.40178345087116,236.75743553235247,173.38363456722823,465.4035231189825,,362.4031507956152,148.3900533360169,294.8831051214921,264.7009343120547,365.10537033357366
2017-10-31,213.96311581943453,149.54027206703728,189.14191365189387,,198.97740457262415,,173.8739595982177,249.50857261509256,187.48282881624448,491.3966480446927,,387.88212664992733,150.81171580960049,304.09379173380466,264.75432092558935,352.62824650131336
2017-11-30,219.97176236532434,146.31275695967472,188.40627094538263,,205.541603412385,,170.11483610029856,244.85545206454677,193.55877042059177,486.22607868774514,,366.1924204440177,147.46241119050015,299.36811715461937,256.42602346581094,341.5104072240683
2017-12-31,222.13444347407085,147.25490002440878,192.5749129489464,,210.7672582923281,,171.44251418865346,243.97741654801456,193.89928112702927,500.6870319743255,,406.15931495140353,154.73020026164838,296.9237947909316,272.21357524243535,357.91410251017805
2018-01-31,234.61366865008952,149.63107761810596,208.55470729594091,,231.67635880763768,,178.86749187932836,253.76324948584084,196.73857383779364,524.3171282538929,,420.93607374557706,151.626241320318,303.1722863401594,302.53614917553773,365.90390051532114
2018-02-28,225.47608284919173,143.64144902790687,196.2531264815027,,217.28749907540146,,174.22303487332874,240.0095020566366,187.96518065516244,498.8874361107809,,418.9005654120679,145.5552017711583,285.8494100664523,304.10700324841014,344.0158642905524
2018-03-31,219.41427141537363,140.3269083080363,197.31572150201896,,211.99463908956102,,174.713544431572,240.9003816642936,180.2214537587517,480.86057292285756,,404.44076127244716,142.02696789775587,278.0544260531572,304.1496476943122,334.4935334668653
2018-04-30,220.01080945012475,145.79439079063187,191.7575321639339,,217.03197878178418,,171.68446668667687,248.71261469704157,191.3690015842461,510.6073933198622,,367.2453822414268,151.13816644862635,289.9009077138437,306.8216042342454,350.6892945771626
2018-05-31,224.7648782324267,144.93926577096124,186.73064033610697,,214.6376172479016,,175.18134073933498,239.5793782629331,189.1029419280105,510.45524783073813,,354.45839195687654,154.53759082217974,289.73494939650476,273.46607635931804,323.8890500425688
2018-06-30,225.85328783046384,143.7549569126733,177.0855470729594,,203.97601327195173,,174.5684051501345,230.00018786584403,189.97759910055703,509.41637941281346,,339.90704368152603,153.70695783435644,282.86468880516907,259.24612215765006,345.64949606438546
2018-07-31,233.9888747248829,148.1743445391674,183.3385100783051,,201.3547394041006,,178.12198178555175,226.94787217212468,192.1002418956442,539.9500772613811,,341.42838733905626,155.95772969709168,294.346154111376,282.25510414184134,360.40578818895017
2018-08-31,241.07012947709057,144.63657177204695,176.43164244494943,,196.46258105647271,,178.22556065121694,229.67883839582345,194.75282353542408,555.3548080351836,,326.53543046771574,149.59082016705244,284.1992511188395,273.19498894091174,359.31559321394747
2018-09-30,242.10535390299955,144.98466665463442,175.40991646368377,,195.75790663844145,,177.29770020606716,231.67517995570321,205.44128068412175,519.6933317484845,,352.0108597625466,151.15628861829526,281.50231353249865,282.6897504150877,358.9999898473182
2018-10-31,225.30242981387926,136.8231776902956,160.04315770544866,,175.97092709936703,,157.8994550769036,200.6891611295681,186.70648007767915,493.8357304172115,,317.65390790873494,143.46583677166146,263.1315093242371,311.4820553603933,318.66767081524586
2018-11-30,229.32618626311387,135.2642841097172,167.8900132415687,,186.72840049734594,,159.2831978439616,207.33073287454516,190.3740950206974,517.1401402591229,,336.0191582744176,140.48989030894637,258.75797898627513,318.89462845656857,302.6426052941885
2018-12-31,208.27934101908428,127.75737910032998,159.6344673129424,,182.07158682244537,,156.69581872094082,201.81142224331592,170.47484796347717,516.464994651135,,321.4185236157,135.4157170172084,242.707373192445,313.1342149939212,301.9717233307178
2019-01-31,224.66767634652348,135.71077090655072,176.14555917019504,,196.84242375143975,,159.99567707241212,218.00843418762855,176.93720934194164,514.9625579460359,,366.50937509857044,140.26064405756264,256.8239439695299,347.0049429291615,318.99683526403504
2019-02-28,231.3467968357865,141.0571629249248,173.44820257965375,,201.70816499769288,,167.3559010579236,217.07798410061696,182.14707936562016,513.1344348032807,,368.115255763855,142.39166750528327,264.6975398173539,340.55825281547226,310.554648260338
2019-03-31,235.49351610479263,143.43712802462719,175.40991646368377,,204.65405220723687,,171.41319637597684,211.6625039550704,180.6194828202988,552.6637346963033,,330.27188866925593,146.50679078192616,264.93659334925496,339.95325322182197,313.8721965907295
2019-04-30,244.7515900530746,148.0759753272551,179.53768942799692,,209.2171661847013,,176.67574375142772,217.88384947002055,189.5876701361089,558.5712587661952,,336.0191582744176,149.3050256616685,283.73999250659125,343.2980435608971,323.4160003364889
2019-05-31,228.65238571095765,139.64205457482103,166.37785878929557,,189.50635243231056,,169.11690286111406,201.8806359753204,175.46964380014649,566.8750742897895,,319.0238243606968,144.1422964677468,269.5521653882666,345.7101037764652,310.0133000131985
2019-06-30,244.41343215660294,145.6241195041765,175.36904742443312,,201.07020256633334,,172.8595954969837,210.66881229235884,181.21663288077266,560.5063592059907,,339.7837739849043,149.45415920297876,284.99778185905495,359.73684503997424,313.00117626070926
2019-07-31,247.6221288856033,145.96465072592036,170.70997694986187,,195.68203672329318,,174.35738133361608,200.1809444708116,183.30859581282047,528.61048377511,,359.494308360619,152.69759082217973,280.176256007944,362.7472528999488,296.3356795697583
2019-08-31,243.14224163330002,143.5846969773848,164.25266874826306,,181.21941339945826,,171.04285763233113,194.56869957285238,176.34847452430026,524.1055509330797,,340.6043181319935,145.05746603602697,274.43529349567524,360.33331146895455,309.0947723841253
2019-09-30,247.31971174934895,148.75703777074284,167.0317634173056,,183.80857111659802,,174.45193933384226,203.98769973105524,185.30432856923838,545.5580648995602,,369.8865993936876,149.10355237999394,285.6708094950224,373.1979390287392,311.91409960941183
2019-10-31,252.37289134332218,150.11918157632974,174.02036912916253,,189.5460203517349,,182.9739186966473,206.0077519379845,195.27996013832342,564.7188874361108,,346.7706832139091,145.88668410989231,295.7549609354349,382.01439051417077,314.2783038639657
2019-11-30,260.96544069300563,154.1601931908058,173.85689297216,,185.5994392529948,,185.0819016454719,206.45071982281286,198.4047663662845,573.2105075478426,,376.4755850158525,147.86212740263662,304.25032582536676,385.6252196310103,310.52833105864914
2019-12-31,268.4263953830727,157.34230741449517,183.37937911755571,,198.58439559433194,,193.25818855770552,217.29847927543108,201.49412295794082,578.5546178533223,,402.96169686326556,151.80517057462012,304.5406379511274,412.03370753249703,315.7558018950706
2020-01-31,267.9893722963063,155.4012540996158,172.09952428438314,,185.36091748354215,,185.1709826916816,209.52084322100936,197.64901282728312,568.7436110780934,,419.5661572900936,146.6440535372849,298.4024788012385,405.31844541345254,319.86973384019393
2020-02-29,245.44865658251194,142.1355237755676,165.60134704353374,,184.07386926000416,,181.90204657823998,196.46911090017403,180.08416094577788,532.5924164982765,,373.2708738157954,132.44661165341654,273.31059259991406,371.15372056133907,299.6804008278787
2020-03-31,214.73829680267258,121.10181538833042,139.48603096238415,,166.2761397218103,,156.38410593743538,173.49311817750356,161.12472957089074,408.78402472364195,,315.6923613889729,114.15839790681292,228.3843842877469,260.1626802417262,250.58654218511825
2020-04-30,241.97656951785774,128.65790878739608,149.7441598142911,,173.60325740471353,,177.0689568324365,192.56843260560038,171.99878200432687,468.7935528348984,,356.0712797571796,118.77246653919696,249.66475040742537,286.8350834278068,264.4781521538914
2020-05-31,252.9337089020558,132.56649012196866,154.19888509260923,,161.75346856541051,,176.2638445920097,200.68027210884352,186.34389213498457,455.4998121954119,,371.60162801267046,122.30250779913455,266.33436693337995,311.40740174898167,261.95898896693564
2020-06-30,257.5847542330843,136.3426487440823,163.43528796325057,,172.07880749682113,,187.2029326318064,208.46484931181774,189.8381769245183,489.81813859503154,,410.357104889596,124.17711985508706,282.9780093736568,338.6751419222053,273.516366848303
2020-07-31,271.7780145845426,134.82537232489415,176.9220709159569,,173.26342781262878,,204.01331537730067,222.4104275431103,184.91388855765462,526.4923332937121,,396.8516897806502,118.70302505786454,283.0338651508221,366.6668436244309,268.4635946585291
2020-08-31,290.8200506476187,138.67720917638923,182.03070082228507,,177.36125562243973,,202.8317430916803,230.00414293624428,197.0918011004548,541.4239866872697,,379.84575918750096,120.02756968904096,297.5614241154445,354.04313277807313,267.16586436307153
2020-09-30,279.41177037352645,136.6264279153041,180.19159405600695,,165.25870091262277,,201.61006017223312,230.17421096345515,197.47814421750164,534.7699988113633,,403.31033408673846,118.06581664486262,293.3170746283752,337.06315051351663,271.64726537514883
2020-10-31,271.6816240666352,129.53951229560286,182.7254744895457,,169.82617547295416,,202.10508016319585,224.16843656067078,195.70661635691533,553.5433258053013,,391.7347614361701,112.2525913253497,265.63628464839593,334.7437508464133,268.2328314524281
2020-11-30,300.89979696530116,147.32300702550202,199.15482826829708,,185.5642868967655,,221.05775736355926,256.22331316247426,225.1470878830724,616.6147628669916,,452.02845282900046,126.11834356445608,305.5094943328223,387.97688143009145,302.97684608389307
2020-12-31,312.0696364696121,150.98187025684396,211.17032580798093,,191.83140958130656,,237.3217334024654,284.1194035753836,233.75440778154436,664.7688101747295,,520.0450820931997,130.029586394284,315.3387319589288,424.0474770318026,319.56928697715506
2021-01-31,308.5942227961749,149.77865035458586,217.87284824508347,,199.24637293198123,,243.85831693428594,294.2780018984338,235.62161218336368,648.2634018780459,,518.8935045370846,128.9616584482238,308.7668285641388,409.97509491676,311.7288856851537
2021-02-28,316.64589395562285,153.23696495376424,219.58934789360973,,204.1528387817137,,256.99479114288255,297.91073406106625,246.7166073284159,690.7951979079995,,518.1680725811922,130.49069538089967,316.89051118379774,392.0451879346681,323.3840193887216
2021-03-31,330.08391269234113,162.54871305956664,217.99545536283534,,199.9130701250762,,264.6839674301009,302.703280730897,248.52904451220547,698.4761678354928,,490.1148127644052,135.12387843413504,344.9804504779922,415.5552145456717,342.6259041325767
2021-04-30,347.38866788689654,165.49623271799035,220.61107387487536,,202.35422162891368,,282.97585012837254,311.25020764119597,245.41020901827847,695.6424581005587,,492.259469055134,140.27996578444197,347.91276384958934,423.60781418408646,348.1624298558464
2021-05-31,349.2946118775552,169.88156684393786,224.24841836818098,,205.16873483218095,,271.76740871178157,315.29129093497863,248.27870807284125,733.8951622489005,,500.7959224390659,141.34265673744594,356.74096481086036,447.36361018921855,362.89120821264936
2021-06-30,357.0538457270978,171.3382961391541,225.3927514671985,,203.08030446589905,,286.01718658505166,325.96502728998576,245.23047374069463,747.4860335195531,,477.6517842694261,141.64174700613867,356.9951890476705,451.7826493577271,364.697022218419
2021-07-31,365.1761261863848,174.70580897098608,210.88424253322654,,182.88411345968927,,277.8331513937535,316.6350359911406,232.38667529768495,749.4615476048972,,490.53038317766396,141.53768340545437,357.3020510333319,433.96500960684693,368.89276302335264
2021-08-31,375.76273409107665,178.16413113760902,214.19463471252715,,182.30610728160983,,281.74561349544666,316.3334519854453,239.25130742892185,814.5583739450849,,518.4075025609243,143.29677367414712,363.98405696829553,423.20588253213447,386.56146070984653
2021-09-30,357.88801316363435,172.0836894288967,205.89821974465025,,173.1246499734068,,272.7969310886907,303.4349885302958,250.86162547058925,837.6631403779865,,495.27751876908724,142.62694777095703,350.7809465140709,395.40832368705685,372.64367857769633
2021-10-31,382.63376339555884,179.9462643328819,208.10514786418403,,178.77156956327246,,273.64489243995257,293.7312035279228,246.0920992112839,840.206822774278,,536.0050872569497,145.66911140183154,360.62075766178066,368.7635080976527,372.0946287961965
2021-11-30,379.44500603505656,175.16742308950685,199.60438770005396,,165.37295663720866,,280.7383533257458,280.7121104255656,236.97051258027696,807.47409960775,,637.2904826118493,142.08413404448024,347.0903277561838,363.115372554941,360.41091529327474
2021-12-31,395.99370824687617,184.57375668493864,199.64525673930459,,164.82636919836423,,293.4816144533337,294.42037454516685,245.2320239170059,825.1064305241888,,654.1942723863187,148.62715105162522,365.1280660339411,373.4727104940218,386.3272455919231
2022-01-31,375.1703137489045,177.40738668101756,199.60438770005396,,167.6765278770865,,284.71140020407455,263.3424398829299,229.98807556683641,824.4312373707357,,705.4514932545278,150.23387541511525,355.6197118025786,399.5570093962079,372.24700604664724
2022-02-28,363.4047881462381,171.44045664079397,190.981020418172,,160.00331094337227,,284.3534651504074,266.8861631862047,225.94092295112685,798.4737905622252,,685.374686058247,150.11069739357956,332.39979864337124,403.1143236348246,387.2567091097113
2022-03-31,376.4049724281942,172.48476399089017,184.52371221657322,,154.95820814562515,,285.0186089983358,272.6674873437747,236.9677018210313,830.369665993106,,786.4840354858912,151.26658347589816,331.33624028557705,427.5462170628305,409.99923129694713
2022-04-30,343.2976287466058,170.41128417982958,173.20298834415001,,148.5655513953513,,267.2782555695266,266.4778120550546,228.67570652266497,813.1487459883513,,855.9480465903519,151.8476361074771,324.05269291505095,384.35283392455636,372.8787711774065
2022-05-31,343.3158845265125,167.74754369262766,174.26558336466627,,150.8606691627892,,270.7511276766418,265.5730798133207,232.35440267107302,788.520194936408,,896.9890747298444,153.1178464325249,330.729412089213,396.73162334889054,375.30498656220044
2022-06-30,314.5048155197659,154.06938763973713,163.88484739500745,,153.9926807017791,,238.82306315052014,230.6438755734852,224.8014496703746,750.2793296089385,,847.0771137978536,144.29465230955017,293.84667014520204,351.0959130915527,344.64329277578673
2022-07-31,343.1613594917023,165.83298021745128,163.3126808454987,,141.9938219205585,,241.63145186592655,242.39637715551336,236.79914995826445,815.7969808629502,,912.9384342741732,149.40988628358662,309.94324777209005,367.56629975008696,349.1386029619724
2022-08-31,328.59754737653793,157.06987941012224,161.14662176521554,,140.56997537926154,,243.1677374675573,244.42829457364343,239.2682571589186,844.3742303577797,,1116.780566056156,146.60661970413605,295.0233192123186,390.21994579320506,325.7503847141222
2022-09-30,297.9079586173924,146.74788502221477,142.55120890618105,,121.32733606427458,,216.25237456160406,213.12786742604018,220.91895644174912,812.7588256270056,,1119.8725509357357,138.7503290731609,278.4596677615625,392.05095984563485,323.629794060101
2022-10-31,321.6999052017918,155.96124878121574,139.7312451978879,,103.46352854984202,,208.60348610378367,226.78473540579023,234.9748820332862,856.398383454178,,1401.2396533546507,142.7901740968099,304.64936133630925,413.42944111405575,362.0323130855016
2022-11-30,338.99220589761086,166.4951316169688,161.51444311847118,,131.00937983212813,,239.69003275395698,244.47575541844645,238.2245370764697,891.8744799714726,,1752.9371213201962,152.42124987420752,330.9291597038495,400.7773053876407,374.81423493015683
2022-12-31,319.0013358159842,160.74765746915668,154.89365875986988,,139.35133688144356,,227.73964126370018,221.12797619047618,222.25865799022196,860.8249613693093,,1940.1184553057178,149.9796759585388,320.04647752322154,390.97428467585075,351.45581480348034
2023-01-31,338.70057995570136,171.47829386362352,169.03434634058624,,153.8696826777783,,245.90234839062367,239.78406304382221,232.75734630257398,839.7551408534412,,1752.553158778715,156.4194465130321,347.73715144730824,404.14257888483183,395.6954804611638
2023-02-28,329.85626311690464,174.46743446715976,156.2423370551405,,139.38331918550793,,249.74572032826737,238.57480026894478,233.76625555763758,822.7243076191609,,1844.3901456229462,158.52429908423068,353.18182549551886,373.8628132913998,382.59699074510536
2023-03-31,341.4182570578113,173.23015728063274,161.2692288829674,,143.70987682586198,,255.6136322094253,244.90390167694983,238.84196719077386,825.3773921312255,,1694.9325062499067,153.60249974841503,359.2432116842011,362.99690586380194,390.90725815224096
2023-04-30,346.41741982746055,176.5636166119181,159.9205505876968,,140.14856977813156,,250.96015433798678,247.34318145863,245.78334156687052,858.908831570189,,1626.2608602911243,158.40937506289626,365.99049762210694,372.0802904169069,399.73442759905026
2023-05-31,347.2773481978655,170.9372215771606,156.078860898138,,128.45248620146737,,267.0653148191024,254.81728563518433,263.08605182017953,881.2266730060621,,1720.9854722398081,149.8669638723961,360.0518562276893,385.98788803675615,382.4389207409138
2023-06-30,369.7557305653785,174.77769969436227,161.67791927547367,,133.2580035011465,,272.487144904304,253.5476981490271,282.6860552271604,912.3523594437181,,2028.1413485009402,151.5855892120358,371.1742815177141,420.7331174899911,388.166773753287
2023-07-31,381.26952924733143,178.34953352947394,171.44561965637314,,141.4473753729214,,276.19038736256647,260.30099074513527,282.5427916801526,939.2036610008321,,2541.5411385574066,154.96447620006037,378.04546154571096,434.4716194959618,397.54313076799235
2023-08-31,374.51480954505485,173.3663712828192,160.08402674469932,,129.49360177804704,,267.96013634458194,252.75569530137636,277.83367119227296,915.430928325211,,2788.3964072859035,149.72587299989937,366.55824976037184,412.3774212676606,384.50367164486505
2023-09-30,356.2686849175107,170.34696090101932,155.09800395612302,,125.46129542420579,,263.43729993512545,243.7381446764752,271.3457489395772,933.7121597527636,,2935.2516730069347,153.12629566267486,353.67464354589947,415.31097720198494,368.9410607812054
2023-10-31,348.4380101159333,164.08111680044206,149.98937404979486,,120.54996882782038,,257.75947057571693,225.24027052681538,262.83878166362877,907.1484607155592,,2646.182675723341,147.36278554895844,340.4292390052615,403.12048746567183,355.7926053667076
2023-11-30,379.511457073917,174.66418802587356,161.67791927547367,,120.0596674263051,,280.83645523739443,250.6812608764436,285.2229954176107,957.2399857363605,,2799.197189410987,150.02012679883265,372.72652046091366,453.6690666296219,392.0386440078147
2023-12-31,396.2969570353263,181.25164852050216,164.33440682676434,,120.09143839355846,,288.84184507562475,262.54548330960296,285.029487419723,1033.229525733983,,2630.71574329593,155.64536580456877,385.0518217488145,478.08963001017463,416.1602412277203
2024-01-31,402.59637758672994,183.76782383866873,156.89624168315052,,109.08558084161362,,288.177361683916,246.90417853187788,309.0703286033082,1032.9584690360157,,2992.203287622961,153.57894736842104,388.54841638528075,455.16962096466375,416.0624273901951
2024-02-29,423.4189201483059,187.1466878373496,163.43528796325057,,116.31590626507978,,305.52978568147347,261.2680054579971,333.5961620360118,1045.1825032687507,,3237.671036940803,153.5678776290631,406.3493767368733,459.6864619578871,401.857650698432
2024-03-31,436.55285844437833,193.98387400265335,167.8900132415687,,116.52710218487039,,324.534510053682,271.4977950482519,342.1296185884878,1061.5428503506478,,3197.6228951531884,160.06078293247458,425.066831552308,456.4302490747039,416.0352327067195
2024-04-30,418.3856799228308,191.0401380665126,167.5221918883131,,125.13280757431131,,328.56247145037037,266.1821804303117,327.1183755515051,1074.7581124450255,,3537.7307726870713,163.91526617691457,412.1873628028107,448.6563044712963,411.38652274998447
2024-05-31,438.4770582149438,196.06492125827987,170.79171502836311,,127.36297449516918,,341.08892574234596,260.6905552918842,327.8188337904366,1071.2325686437657,,3662.65682236614,166.5569085236993,425.1921047973906,435.0242621564907,400.1551764898698
2024-06-30,453.6789706904468,193.5109087172837,174.06123816841315,,124.81988820282697,,371.0193357256991,276.6393865685809,337.1469771561931,1141.595150362534,,3749.7923370306607,164.31760088557914,419.1585315677085,441.46763876573607,380.29059876166286
2024-07-31,458.81521408299545,196.06870498056287,175.53252358143567,,122.18515218011532,,357.60240925408056,273.9568402942572,333.04788511660394,1186.3140377986451,,3746.506662893248,168.42065009560227,425.43828396341564,454.8116555974834,385.0329817121193
2024-08-31,469.29212503464794,198.66812218895447,177.2490232299619,,126.72515999957734,,358.7097204867124,264.42711794019937,329.180365569051,1199.8526090574112,,3462.8891378119215,168.59474690550468,434.5928849393976,484.56981145910305,383.7242357568752
2024-09-30,478.7703636886047,197.85083817583572,187.42541400336762,,148.87755497398797,,358.00818711195075,256.4141354216105,322.97795683355196,1227.1888743611078,,3403.9231901306666,165.78343564456074,444.201227907661,469.6498491589453,380.56095017498876
2024-10-31,474.03209629802194,191.22932418066048,181.66287946902946,,143.12665767311128,,367.607193373414,252.7438300901756,332.87268112362227,1150.8546297396886,,3121.5242522109347,163.23035121263965,438.5147420175659,462.1566617062674,367.38965847828706
2024-11-30,501.19474951599364,193.0682132101777,176.79946379820504,,136.83086362787813,,358.6196729192057,242.83242366714126,325.43507146142446,1147.3243789373587,,3399.0703938162455,166.79681996578444,451.1319414594678,447.7429173753439,361.2370607696023
2024-12-31,488.6698240376085,192.07309424975995,170.91432214611498,,141.3135991715597,,371.065245487308,237.2537968675842,339.7998398718975,1124.2030191370498,,3461.9524917772724,164.4967293951897,457.6298302030346,428.5586886303793,359.06605479837503
2025-01-31,501.87187667693286,204.1469520546766,174.59253567867128,,142.47707876170716,,378.96349643976237,248.9093893371302,337.05679437166754,1117.7178176631405,,3523.16534049807,174.5790480024152,499.5310873028096,449.407187333178,371.3671891430121
2025-02-28,494.72417088586474,210.8252218840962,176.59511860195192,,161.61158407506684,,371.35649057148004,250.43308020882776,316.47019743454337,1051.9291572566267,,3401.436924384671,177.31186474791184,518.3652875882947,437.5218606674232,379.4617773284814
2025-03-31,466.2554180365685,202.0242838539376,178.59770152523257,,162.86734740601676,,333.38380185372665,245.3251067869008,303.370866906291,1118.2384405087364,,3401.704567722767,172.74449028881955,509.44813113005665,464.1027576872323,380.61265633317043
2025-04-30,462.70024688913907,199.5875667037131,178.8429157607363,,155.8215894641555,,325.9597906843488,252.7893133997785,307.01480333202727,1156.980862950196,,3197.080670879944,170.97413706350005,517.1137044332937,481.2311885137832,407.9875499113091
2025-05-31,491.1673364340437,207.60527422129954,186.03586666884638,,164.06626113480823,,343.87700140182636,266.73686916627116,323.36592678398034,1176.7835492689885,,3176.352398669,176.5599275435242,551.6040721849722,488.2132411841809,419.4630536656258
2025-06-30,515.5325956443129,204.84315695474072,197.15224534501644,,169.57870006727555,,358.51528861912635,303.71974371143807,344.8494114440488,1213.220016640913,,3503.4900335251614,176.33007950085536,549.5842996995741,494.72616575766796,416.6289325325285
2025-07-31,526.7024148644239,206.6366413168625,198.46005460103646,,174.51728911227974,,379.2391160962991,320.89859199493753,349.8102311636543,1177.6227267324377,,3783.3498813558526,183.81422964677466,553.1668846497752,474.1199091700737,416.24494360185247
2025-08-31,536.7447571174976,208.16148139689426,203.77302970361774,,176.66087838623213,,390.36345405136,315.0223461477614,363.8525288315759,1161.3859503149886,,3975.2255034104296,184.91174398711885,549.4142039172599,503.8745021236892,425.7516973108447
2025-09-30,555.7045610341941,211.20359411239193,218.24066959833908,,189.185684044423,,415.9350301806746,338.61335231767123,382.7115309268691,1170.146202305955,,3878.0533635673182,188.19422360873503,548.920236571053,521.0290490659106,456.258403157194
2025-10-31,568.3117592273586,216.3910773623263,226.00578705595788,,182.50095982134994,,454.80223435883016,406.13629172599275,446.4110863158612,1222.969214311185,,3863.755574716413,195.5771359565261,550.7034839753684,532.7987949960097,455.196795233461
2025-11-30,569.0503475139836,218.10888727878896,222.0006212093966,,182.16458206384485,,445.0263547000102,388.2484970732479,428.0352792872596,1245.83145132533,,3838.111116979395,195.64274932072055,547.9104652579365,566.7593652194835,461.1984805786449
2025-12-31,568.7520886387081,224.07203359672963,223.594513740171,,180.55595670413197,,466.56560397811137,416.68347571586776,428.76411767712045,1242.3439914418161,,3965.8826379371662,199.8868873905605,562.934520019584,574.0748704499928,466.35829104257897
2026-01-31,576.5229250505913,231.1892152109722,241.5360219711955,,192.93022010728865,,516.5049539612883,516.5677899066603,454.1748292250822,1203.882087245929,,4873.323854127996,205.76713293750632,564.0470383795849,646.1828909798962,490.22187960949884
2026-02-28,575.9637707962492,233.50485324814207,245.50031877850617,,187.1032415544527,,511.98115103053476,503.1976744186046,462.1031293119602,1221.6189230952098,,4761.924357891371,208.70987219482743,568.2454160335963,648.9026368048897,513.5050248523148
