Date,US - SPX,EU - STOXX 600,UK - FTSE,JP - NIKKEI 225,CN - HSCEI,TW - TAIEX,KR - KOSPI,ZA - SA TOP 40,BR - IBOV Index,CL - IPSA Index,MX - ME,IN - NIFTY,VN - VN30,TUR - XU100,EM Index,HK - HSI
2024-01-22,4850.43017578125,472.87,7492.2,36546.949,5001.9502,17815.1,2464.3501,66028.55,126601.55,5921.04,54667.609,21622.4,1189.56005859,8010.1401,38.05,14961.19
2024-01-23,4864.60009765625,471.54,7504.4,36517.57,5140.9302,17874.59,2478.6101,67019.58,128262.52,5964.5801,55502.898,21238.801,1183.84997559,7950.0601,38.38,15353.99
2024-01-24,4868.5498046875,477.1,7516.0,36226.48,5353.0498,17875.83,2469.6899,67952.44,127815.7,6057.7998,55419.551,21453.949,1179.44995117,8090.8999,38.81,15899.88
2024-01-25,4894.16015625,478.64,7559.2,36236.469,5468.71,18002.619,2470.3401,67586.94,128168.73,5987.4702,56160.07,21352.6,1177.52001953,8169.8901,38.86,16211.97
2024-01-26,4890.97021484375,483.85,7646.7,35751.07,5360.2402,17995.029,2478.5601,68621.01,128967.32,6058.5801,56855.879,21352.6,1182.81994629,8346.2803,38.89,15952.24
2024-01-29,4927.93017578125,484.85,7659.0,36026.941,5408.9302,18119.631,2500.6499,67910.17,128502.66,6064.5698,57175.73,21737.6,1179.17004395,8471.7002,38.91,16077.25
2024-01-30,4924.97021484375,485.64,7678.1,36065.859,5275.3701,18034.631,2498.8101,68099.81,127401.81,5970.6299,57537.141,21522.1,1181.70996094,8474.2998,38.6,15703.46
2024-01-31,4845.64990234375,485.68,7612.7,36286.711,5194.04,17889.561,2497.0901,68034.45,127752.28,5987.1401,57372.762,21725.699,1166.32995605,8496.6602,38.39,15485.08
2024-02-01,4906.18994140625,483.87,7647.5,36011.461,5223.48,17968.109,2542.46,67934.26,128481.02,6051.4199,57828.078,21697.449,1173.34997559,8646.1201,38.76,15566.22
2024-02-02,4958.60986328125,483.94,7634.1,36158.02,5218.9902,18059.93,2615.3101,67838.81,127182.25,5994.6001,58226.77,21853.801,1174.76000977,8665.6797,38.65,15533.57
2024-02-05,4942.81005859375,483.7,7627.9,36354.16,5217.3599,18096.07,2591.3101,67476.46,127593.49,6005.2798,58226.77,21771.699,1197.35998535,8776.7002,38.7,15510.02
2024-02-06,4954.22998046875,486.77,7696.4,36160.66,5473.75,18096.07,2576.2,68059.88,130416.31,6005.1899,58645.422,21929.4,1199.17004395,8869.1396,39.58,16136.88
2024-02-07,4995.06005859375,485.64,7637.7,36119.922,5421.5298,18096.07,2609.5801,67775.45,129949.9,6010.29,58711.871,21930.5,1212.69995117,8843.0098,39.63,16081.9
2024-02-08,4997.91015625,485.16,7614.3,36863.281,5360.0801,18096.07,2620.3201,67199.92,128216.92,6001.2002,57762.441,21717.949,1212.69995117,8949.79,39.41,15878.08
2024-02-09,5026.60986328125,484.84,7596.0,36897.422,5306.79,18096.07,2620.3201,66853.52,128025.7,6032.6099,57327.5,21782.5,1212.69995117,9045.9697,39.58,15746.59
2024-02-12,5021.83984375,487.47,7587.0,36897.422,5306.79,18096.07,2620.3201,67202.85,128025.7,6100.9302,57418.551,21616.051,1212.69995117,9174.5801,39.89,15746.59
2024-02-13,4953.169921875,482.84,7485.2,37963.969,5306.79,18096.07,2649.6399,66490.09,128025.7,6024.1201,56906.988,21743.25,1212.69995117,8994.0,39.14,15746.59
2024-02-14,5000.6201171875,485.25,7568.0,37703.32,5386.3101,18096.07,2620.4199,66420.91,128025.7,6083.3701,57248.469,21840.051,1212.69995117,9072.0801,39.7,15879.39
2024-02-15,5029.72998046875,488.55,7625.5,38157.941,5410.9399,18644.57,2613.8,66708.02,127018.29,6188.3999,57251.891,21910.75,1217.11999512,9242.1504,39.89,15944.64
2024-02-15,5029.72998046875,488.55,7625.5,38157.941,5410.9399,18644.57,2613.8,66708.02,127804.13,6188.3999,57251.891,21910.75,1217.11999512,9242.1504,39.89,15944.64
2024-02-16,5005.56982421875,491.6,7700.3,38487.238,5558.8599,18607.25,2648.76,67152.56,128725.88,6336.8101,57132.109,22040.699,1224.54003906,9250.3604,40.08,16339.97
2024-02-20,4975.509765625,491.91,7718.2,38363.609,5519.23,18753.16,2657.79,66513.51,129916.11,6349.0,57227.672,22196.949,1241.65002441,9344.9697,40.14,16247.52
2024-02-21,4981.7998046875,491.06,7651.3,38262.16,5642.7798,18676.311,2653.3101,66557.69,130031.58,6251.4199,57021.031,22055.051,1242.07995605,9312.1201,40.21,16503.11
2024-02-22,5087.02978515625,495.11,7694.2,39098.68,5758.46,18852.779,2664.27,67636.5,130240.55,6237.6299,57148.73,22217.449,1239.90002441,9347.1699,40.62,16742.95
2024-02-23,5088.7998046875,497.26,7713.4,39098.68,5765.1001,18889.189,2667.7,67768.62,129418.73,6189.5601,56659.801,22212.699,1223.08996582,9374.2002,40.6,16725.87
2024-02-26,5069.52978515625,495.44,7684.8,39233.711,5723.3599,18948.051,2647.0801,67218.28,129609.05,6208.29,56194.719,22122.051,1233.31005859,9334.1299,40.42,16634.75
2024-02-27,5078.18017578125,496.34,7690.1,39239.52,5806.8999,18854.41,2625.05,66776.7,131689.38,6322.2002,56241.031,22198.35,1247.91003418,9179.4805,40.5,16790.81
2024-02-28,5069.759765625,494.6,7614.0,39208.031,5688.46,18854.41,2652.29,65816.62,130155.43,6344.4399,55350.609,21951.15,1265.34997559,9062.3604,39.97,16536.86
2024-02-29,5096.27001953125,494.61,7667.1,39166.191,5677.8799,18966.77,2642.3601,66349.82,129020.02,6449.8799,55414.0,21982.801,1265.75,9193.6904,39.99,16511.45
2024-03-01,5137.080078125,497.59,7687.5,39910.82,5728.8398,18935.93,2642.3601,66337.42,129180.37,6481.25,55536.32,22338.75,1267.06994629,9097.1504,40.48,16589.45
2024-03-04,5130.9501953125,497.42,7643.8,40109.23,5712.8301,19305.311,2674.27,66177.63,128340.54,6340.77,55462.488,22405.6,1268.5300293,8907.6504,40.39,16595.98
2024-03-05,5078.64990234375,496.28,7638.1,40097.629,5562.73,19386.92,2649.3999,65777.08,128098.11,6258.8599,55476.25,22356.301,1280.17004395,8860.5195,40.03,16162.65
2024-03-06,5104.759765625,498.22,7652.2,40090.781,5672.9702,19499.449,2641.49,67122.71,128890.23,6348.02,55284.512,22474.051,1271.06994629,8744.5801,40.61,16438.1
2024-03-07,5157.35986328125,503.17,7691.8,39598.711,5613.8301,19693.52,2647.6201,67143.77,128339.76,6357.5601,55049.488,22493.551,1276.56005859,9054.1797,40.86,16229.79
2024-03-08,5123.68994140625,503.27,7652.8,39688.941,5656.7202,19785.32,2680.3501,67297.58,127070.79,6337.6099,54935.988,22493.551,1250.19995117,9155.3203,40.82,16353.4
2024-03-11,5117.93994140625,501.5,7693.4,38820.488,5748.8901,19726.08,2659.8401,67124.68,126123.56,6416.46,55076.121,22332.65,1235.11999512,9131.8203,40.91,16587.58
2024-03-12,5175.27001953125,506.53,7755.9,38797.512,5949.52,19914.551,2681.8101,67181.42,127667.84,6502.1802,54898.949,22335.699,1242.22998047,9069.0303,41.36,17093.51
2024-03-13,5165.31005859375,507.34,7777.4,38695.969,5932.46,19928.51,2693.5701,67954.7,128006.05,6491.1099,55848.719,21997.699,1272.2800293,8910.2305,41.23,17082.12
2024-03-14,5150.47998046875,506.39,7732.3,38807.379,5906.8799,19937.92,2718.76,67011.27,127689.97,6460.71,56059.262,22146.65,1260.31994629,8883.5195,41.02,16961.67
2024-03-15,5117.08984375,504.78,7738.3,38707.641,5820.5,19682.5,2666.8401,66745.73,126741.81,6463.7598,56228.398,22023.35,1256.42004395,8828.7002,40.77,16720.9
2024-03-18,5149.419921875,503.95,7717.9,39740.441,5848.1499,19879.85,2685.8401,66251.82,126954.18,6454.4102,56228.398,22055.699,1235.73999023,8718.1104,40.84,16737.13
2024-03-19,5178.509765625,505.24,7736.6,40003.602,5780.21,19857.199,2656.1699,65607.84,127528.85,6416.8901,55548.07,21817.449,1234.73999023,8929.8799,40.64,16529.49
2024-03-20,5224.6201171875,505.22,7766.8,40003.602,5803.9902,19784.449,2690.1399,66131.93,129124.83,6501.27,56618.012,21839.1,1259.06005859,8955.1201,41.1,16543.08
2024-03-21,5241.52978515625,509.78,7884.7,40815.66,5905.27,20199.09,2754.8601,66131.93,128158.57,6485.9199,56657.441,22011.949,1281.56994629,9140.7002,41.15,16863.11
2024-03-22,5234.18017578125,509.65,7927.3,40888.43,5757.6699,20228.43,2748.5601,67023.3,127027.1,6516.3701,56610.539,22096.75,1284.14001465,9111.5,40.86,16499.48
2024-03-25,5218.18994140625,509.87,7905.6,40414.121,5754.6499,20192.25,2737.5701,67032.21,126931.47,6494.29,56552.539,22096.75,1270.0,9029.3799,40.89,16473.65
2024-03-26,5203.580078125,511.1,7917.4,40398.031,5825.4199,20126.49,2757.0901,67409.48,126863.02,6520.3901,57209.699,22004.699,1286.22998047,8807.3799,40.86,16618.33
2024-03-27,5248.490234375,511.76,7945.1,40762.73,5728.1299,20200.119,2755.1101,67678.67,127690.62,6597.9399,57369.012,22123.65,1288.77001953,8806.7197,40.93,16392.85
2024-03-28,5254.35009765625,512.68,7964.9,40168.07,5810.79,20146.551,2745.8201,68346.2,128106.1,6643.7598,57369.012,22326.9,1303.19995117,9079.9697,41.08,16541.43
2024-04-01,5243.77001953125,512.68,7980.5,39803.09,5810.79,20222.33,2747.8601,68346.2,126990.45,6637.9102,57653.23,22462.0,1292.61999512,9157.54,41.15,16541.43
2024-04-02,5205.81005859375,508.58,7943.8,39838.91,5960.7202,20466.57,2753.1599,68275.32,127548.52,6634.2002,57581.809,22453.301,1292.30004883,9040.8701,41.28,16931.53
2024-04-03,5211.490234375,510.03,7924.3,39451.852,5874.9902,20337.6,2706.97,67979.46,127318.39,6616.7598,57503.391,22434.65,1274.27001953,8945.7998,41.31,16725.11
2024-04-04,5147.2099609375,510.85,7887.8,39773.141,5874.9902,20337.6,2742.0,69211.03,127427.53,6588.75,57882.762,22514.65,1267.65002441,9129.0195,41.16,16725.11
2024-04-05,5204.33984375,506.56,7919.5,38992.078,5863.5698,20337.6,2714.21,68694.71,126795.41,6512.3599,58092.441,22513.699,1257.7800293,9618.8301,41.25,16723.93
2024-04-08,5202.39013671875,508.94,7942.1,39347.039,5868.9702,20417.699,2717.6499,69185.87,128857.16,6603.3101,57989.941,22666.301,1254.7199707,9756.6904,41.52,16732.86
2024-04-09,5209.91015625,505.83,7950.3,39773.129,5895.3198,20796.199,2705.1599,69282.02,129890.37,6668.5498,57571.148,22642.75,1266.92004395,9814.19,41.8,16828.08
2024-04-10,5160.64013671875,506.6,7959.4,39581.809,6016.8301,20763.529,2705.1599,69276.73,128053.74,6688.02,56636.539,22753.801,1263.81994629,9814.19,41.23,17139.18
2024-04-11,5199.06005859375,504.56,7944.3,39442.629,6003.9702,20753.221,2706.96,69079.31,127396.35,6726.52,56830.32,22753.801,1262.85998535,9814.19,41.48,17095.04
2024-04-12,5123.41015625,505.26,7931.3,39523.551,5879.5801,20736.57,2681.8201,69208.95,125946.09,6564.1001,56565.922,22519.4,1284.73999023,9814.19,40.53,16721.69
2024-04-15,5061.81982421875,505.94,7912.3,39232.801,5856.4399,20449.77,2670.4299,68348.5,125333.89,6479.6699,55984.0,22272.5,1227.90002441,9679.7998,40.27,16600.47
2024-04-16,5051.41015625,498.22,7824.5,38471.199,5743.7798,19901.961,2609.6299,66901.54,124388.62,6430.6099,55797.25,22147.9,1232.69995117,9548.0898,39.74,16248.98
2024-04-17,5022.2099609375,498.53,7868.4,37961.801,5749.6899,20213.33,2584.1799,66899.26,124171.15,6455.5898,55415.691,22147.9,1210.73999023,9530.4697,39.71,16251.85
2024-04-18,5011.1201171875,499.71,7863.8,38079.699,5803.8599,20301.199,2634.7,67189.64,124196.18,6451.2998,55739.43,21995.85,1210.73999023,9524.5898,39.87,16385.88
2024-04-19,4967.22998046875,499.3,7932.3,37068.352,5746.6099,19527.119,2591.8601,67313.6,125124.3,6365.0898,55862.852,22147.0,1194.0300293,9693.46,39.71,16224.15
2024-04-22,5010.60009765625,502.32,8049.3,37438.609,5831.2598,19411.221,2629.4399,67496.67,125573.16,6374.3501,56551.898,22336.4,1206.64001465,9645.0195,40.14,16511.7
2024-04-23,5070.5498046875,507.8,8063.3,37552.16,5954.6201,19599.279,2623.02,68050.59,125148.07,6467.8101,56633.75,22368.0,1200.36999512,9645.0195,40.47,16828.94
2024-04-24,5071.6298828125,505.62,8037.7,38460.078,6100.2202,20131.74,2675.75,68573.47,124740.69,6363.48,56463.988,22402.4,1232.17004395,9722.0898,40.61,17201.28
2024-04-25,5048.419921875,502.39,8087.0,37628.48,6120.3701,19857.42,2628.6201,68437.28,124645.58,6311.5601,57071.781,22570.35,1233.7199707,9716.7695,40.7,17284.55
2024-04-26,5099.9599609375,507.99,8153.9,37934.762,6269.7598,20120.51,2656.3301,69357.68,126526.27,6393.1499,57833.852,22419.949,1240.5,9915.6201,41.17,17651.16
2024-04-29,5116.169921875,508.34,8147.9,37934.762,6282.8599,20495.52,2687.4399,70391.07,127351.79,6550.3901,57827.859,22643.4,1240.5,10082.77,41.57,17746.92
2024-04-30,5035.68994140625,504.9,8131.2,38405.66,6273.75,20396.6,2692.0601,69924.83,125924.19,6511.9302,56727.98,22604.85,1240.5,10045.74,40.99,17763.04
2024-05-01,5018.39013671875,504.32,8103.5,38274.051,6273.75,20396.6,2692.0601,69924.83,125924.19,6511.9302,56727.98,22604.85,1240.5,10045.74,41.03,17763.04
2024-05-02,5064.2001953125,503.22,8179.6,38236.07,6437.0898,20222.439,2683.6499,69944.04,127122.25,6497.8198,56677.051,22648.199,1247.20996094,10208.65,42.09,18207.14
2024-05-03,5127.7900390625,505.54,8235.5,38236.07,6547.29,20330.32,2676.6299,70299.69,128508.67,6559.0498,57135.262,22475.85,1255.61999512,10276.88,42.47,18475.93
2024-05-06,5180.740234375,508.23,8283.7,38236.07,6572.4502,20523.311,2676.6299,70651.85,128465.69,6496.7202,57282.949,22442.699,1274.61999512,10267.09,42.51,18578.31
2024-05-07,5187.7001953125,514.01,8334.3,38835.102,6526.6699,20653.529,2734.3601,70789.81,129210.48,6600.8301,57108.32,22302.5,1284.84997559,10336.5,42.27,18479.38
2024-05-08,5187.669921875,515.78,8345.6,38202.371,6456.7202,20700.51,2745.05,70939.43,129480.89,6644.4302,57081.0,22302.5,1284.84997559,10247.75,42.28,18313.87
2024-05-09,5214.080078125,516.78,8408.4,38073.98,6560.6699,20560.77,2712.1399,71339.61,128188.34,6629.8999,57846.078,21957.5,1281.4699707,10268.58,42.41,18537.82
2024-05-10,5222.68017578125,520.77,8423.5,38229.109,6718.8599,20708.84,2727.6299,72180.83,127599.57,6640.3198,57718.039,22055.199,1277.4699707,10218.58,42.5,18963.69
2024-05-13,5221.419921875,520.87,8408.6,38179.461,6761.6401,20857.711,2727.21,72408.2,128154.79,6695.2598,57731.121,22104.051,1272.5300293,10055.98,42.82,19115.07
2024-05-14,5246.68017578125,521.66,8446.0,38356.059,6741.4102,20985.85,2730.3401,72372.31,128515.49,6728.4102,57231.738,22217.85,1277.31005859,10173.42,43.05,19073.72
2024-05-15,5308.14990234375,524.72,8422.0,38385.73,6741.4102,21147.211,2730.3401,73142.17,128027.59,6711.7002,57454.648,22200.551,1289.9699707,10158.63,43.51,19073.72
2024-05-16,5297.10009765625,523.63,8430.6,38920.262,6871.3799,21304.26,2753.0,73214.01,128283.62,6651.46,57462.172,22403.85,1308.27001953,10319.96,43.6,19376.54
2024-05-17,5303.27001953125,522.95,8431.1,38787.379,6934.7002,21258.471,2724.6201,73213.75,128150.71,6658.98,57583.078,22466.1,1310.15002441,10643.58,43.79,19553.62
2024-05-20,5308.1298828125,523.9,8401.5,39069.68,6964.9902,21271.631,2742.1399,73733.79,127750.92,6710.4102,57393.281,22466.1,1312.55004883,10739.57,43.63,19636.23
2024-05-21,5321.41015625,522.96,8423.5,38946.93,6820.9702,21236.75,2724.1799,73438.77,127411.55,6710.4102,56760.719,22529.051,1308.61999512,10895.25,43.36,19220.63
2024-05-22,5307.009765625,521.19,8361.7,38617.102,6817.6802,21551.83,2723.46,73060.64,125650.03,6737.6099,56432.031,22597.801,1291.45996094,10899.28,43.22,19195.61
2024-05-23,5267.83984375,521.57,8290.0,39103.219,6701.7798,21607.43,2721.8101,72573.5,124729.4,6781.8799,55918.379,22967.65,1304.76000977,10792.53,42.9,18868.72
2024-05-24,5304.72021484375,520.58,8316.9,38646.109,6605.2402,21565.34,2687.6001,72746.05,124305.57,6775.8799,55413.121,22957.1,1283.45996094,10676.65,43.02,18608.95
2024-05-28,5306.0400390625,519.09,8259.8,38855.371,6686.1299,21858.41,2722.8501,72189.62,123779.54,6759.04,55184.949,22888.15,1299.75,10677.49,42.96,18821.17
2024-05-29,5266.9501953125,513.46,8179.9,38556.871,6557.48,21662.5,2677.3,72189.62,122707.28,6681.6802,55212.641,22704.699,1284.02001953,10479.16,42.32,18477.02
2024-05-30,5235.47998046875,516.51,8235.1,38054.129,6462.9502,21364.48,2635.4399,70942.44,122707.28,6639.1299,55352.559,22488.65,1279.29003906,10481.3,42.2,18230.2
2024-05-31,5277.509765625,518.18,8310.7,38487.898,6392.5801,21174.221,2636.52,70455.36,122098.09,6632.7998,55179.238,22530.699,1275.9699707,10400.48,41.79,18079.62
2024-06-03,5283.39990234375,519.86,8254.2,38923.031,6531.9902,21536.76,2682.52,71424.88,122031.58,6614.3599,51807.551,23263.9,1297.7800293,10556.8,42.23,18403.05
2024-06-04,5291.33984375,517.06,8253.1,38837.461,6554.3198,21356.619,2662.1001,70562.21,121802.06,6597.7002,53485.621,21884.5,1300.98999023,10364.56,41.64,18444.12
2024-06-05,5354.02978515625,521.24,8254.6,38490.172,6542.4702,21484.881,2689.5,70582.68,121407.33,6655.8701,54410.512,22620.35,1299.66003418,10350.96,42.31,18424.97
2024-06-06,5352.9599609375,524.69,8291.8,38703.512,6555.0601,21902.699,2689.5,70937.86,122898.8,6688.1201,54477.25,22821.4,1302.2800293,10279.69,42.52,18476.81
2024-06-07,5346.990234375,523.56,8221.5,38683.93,6510.3701,21858.381,2722.6699,70531.53,120767.19,6637.6602,52977.32,23290.15,1308.0300293,10138.97,42.04,18366.96
2024-06-10,5360.7900390625,522.17,8246.5,39038.16,6510.3701,21858.381,2701.1699,69919.67,120759.51,6622.04,53122.578,23259.199,1311.09997559,9997.9102,42.29,18366.96
2024-06-11,5375.31982421875,517.3,8145.7,39134.789,6452.0601,21792.119,2705.3201,69786.86,121635.06,6541.4502,53134.059,23264.85,1308.30004883,10051.37,41.86,18176.35
2024-06-12,5421.02978515625,522.9,8214.0,38876.711,6359.3599,22048.961,2728.1699,70706.55,119936.02,6535.2598,52975.891,23322.949,1331.81005859,10165.52,42.28,17937.85
2024-06-13,5433.740234375,516.05,8166.0,38720.469,6421.8101,22312.039,2754.8899,69999.54,119567.53,6486.3599,52275.648,23398.9,1333.84997559,10391.89,42.18,18112.64
2024-06-14,5431.60009765625,511.06,8174.2,38814.559,6374.6602,22504.721,2758.4199,70519.56,119662.38,6518.1099,52222.941,23465.6,1316.45996094,10471.32,42.23,17941.79
2024-06-17,5473.22998046875,511.5,8170.4,38102.441,6373.48,22496.529,2744.1001,70519.56,119137.86,6506.5098,52397.199,23465.6,1309.69995117,10471.32,42.5,17936.13
2024-06-18,5487.02978515625,515.02,8193.7,38482.109,6368.1001,22757.43,2763.9199,72863.75,119630.44,6542.5498,53191.25,23557.9,1309.89001465,10471.32,42.89,17915.56
2024-06-20,5473.169921875,518.91,8284.4,38633.02,6556.1001,23406.1,2807.6299,73266.85,120445.91,6542.5498,53333.031,23567.0,1322.35998535,10739.94,42.82,18335.33
2024-06-21,5464.6201171875,515.12,8230.8,38596.469,6439.8198,23253.391,2784.26,72857.57,121341.13,6488.75,52788.5,23501.1,1319.93005371,10771.36,42.67,18028.53
2024-06-24,5447.8701171875,518.88,8294.2,38804.648,6441.1602,22813.699,2764.73,73512.37,122636.96,6491.5,52512.91,23537.85,1289.84997559,10767.85,42.67,18027.72
2024-06-25,5469.2998046875,517.71,8239.5,39173.148,6464.4902,22875.971,2774.3899,72903.07,122331.39,6412.0098,52604.051,23721.301,1288.80004883,10679.98,42.57,18072.91
2024-06-26,5477.89990234375,514.82,8220.3,39667.07,6477.2402,22986.689,2792.05,72563.54,122641.3,6512.1299,52468.012,23868.801,1291.30004883,10486.7,42.48,18089.94
2024-06-27,5482.8701171875,512.6,8189.3,39341.539,6324.0498,22905.98,2784.0601,72287.13,124307.83,6504.5298,52310.961,24044.5,1289.0300293,10680.91,42.51,17716.48
2024-06-28,5460.47998046875,511.43,8179.3,39583.078,6331.8599,23032.25,2797.8201,72979.43,123906.55,6413.8799,52440.02,24010.6,1278.31994629,10647.91,42.59,17718.62
2024-07-01,5475.08984375,513.05,8162.1,39631.059,6331.8599,23058.57,2804.3101,72805.61,124718.07,6406.9399,52883.969,24141.949,1285.47998047,10343.31,42.69,17718.62
2024-07-02,5509.009765625,510.92,8142.6,40074.691,6374.9102,22879.369,2780.8601,72556.51,124787.08,6385.3901,51947.891,24123.85,1296.06005859,10446.24,42.82,17769.15
2024-07-03,5537.02001953125,514.68,8188.6,40580.762,6455.7002,23172.43,2794.01,73681.79,125661.89,6533.6899,52796.262,24286.5,1305.5,10682.15,43.45,17978.58
2024-07-05,5567.18994140625,516.61,8210.5,40912.371,6382.27,23556.59,2862.23,73729.26,126267.05,6483.6699,52333.16,24323.85,1316.18005371,10851.78,43.63,17799.61
2024-07-08,5572.85009765625,516.44,8202.0,40780.699,6284.73,23878.15,2857.76,73717.48,126548.34,6520.9302,52907.691,24320.551,1315.82995605,10864.08,43.64,17524.07
2024-07-09,5576.97998046875,511.77,8153.5,41580.172,6275.6401,23900.08,2867.3799,73580.42,127108.22,6470.1299,53331.809,24433.199,1321.7800293,10796.57,43.82,17523.24
2024-07-10,5633.91015625,516.43,8205.6,41831.988,6251.1802,24007.08,2867.99,73477.99,127218.24,6467.1699,54279.879,24324.449,1310.91003418,10743.3,44.07,17471.68
2024-07-11,5584.5400390625,519.52,8219.4,42224.02,6371.7798,24390.029,2891.3501,74121.68,128293.61,6544.6201,54422.59,24315.949,1306.2199707,11024.33,44.33,17832.34
2024-07-12,5615.35009765625,524.09,8236.5,41190.68,6532.6299,23916.93,2857.0,74703.0,128896.98,6550.0098,54953.109,24502.15,1301.81005859,11064.85,44.51,18293.39
2024-07-15,5631.22021484375,518.74,8168.4,41190.68,6421.6699,23879.359,2860.9199,75185.83,129320.96,6566.3799,54311.988,24586.699,1297.81994629,11064.85,44.04,18015.95
2024-07-16,5667.2001953125,517.31,8201.3,41275.078,6316.5298,23997.25,2866.0901,74057.77,129110.38,6566.3799,54378.191,24613.0,1303.30004883,11139.34,44.29,17727.98
2024-07-17,5588.27001953125,514.84,8204.8,41097.691,6297.4902,23769.82,2843.29,73463.9,129450.32,6568.77,53744.781,24613.0,1305.36999512,11134.08,43.57,17739.42
2024-07-18,5544.58984375,514.01,8171.7,40126.352,6306.7998,23398.471,2824.3501,73351.73,127652.06,6576.7002,53043.0,24800.85,1306.38000488,11139.46,43.16,17778.42
2024-07-19,5505.0,509.62,8167.5,40063.789,6165.04,22869.26,2795.46,72841.69,127616.46,6558.6802,53678.52,24530.9,1302.31994629,11156.2,42.74,17417.69
2024-07-22,5564.41015625,514.8,8214.6,39599.0,6253.9399,22256.99,2763.51,73476.06,127859.63,6600.6401,54006.922,24509.25,1299.31005859,11172.75,43.1,17635.89
2024-07-23,5555.740234375,515.48,8162.4,39594.391,6194.6899,22871.84,2774.29,73652.15,126589.84,6551.3599,53707.738,24479.051,1278.67004395,11089.53,42.72,17469.37
2024-07-24,5427.1298828125,512.31,8127.9,39154.852,6142.3198,22871.84,2758.71,73596.12,126422.73,6513.8501,53168.41,24413.5,1280.51000977,10991.57,42.1,17311.06
2024-07-25,5399.22021484375,508.64,8196.8,37869.512,6016.5098,22871.84,2710.6499,73687.24,125954.09,6441.0098,52931.871,24406.1,1272.18005371,10871.48,41.93,17004.98
2024-07-26,5459.10009765625,512.84,8312.4,37667.41,6010.6401,22119.211,2731.8999,74042.42,127492.49,6432.1602,52819.578,24834.85,1281.83996582,10891.42,42.36,17021.32
2024-07-29,5463.5400390625,511.8,8281.7,38468.629,6080.5601,22164.49,2765.53,73872.67,126953.86,6486.1899,52515.781,24836.1,1285.72998047,10733.75,42.22,17238.34
2024-07-30,5436.43994140625,514.09,8290.7,38525.949,5986.6899,22223.57,2738.1899,74092.72,126139.21,6466.1299,52325.422,24857.301,1287.81994629,10691.68,42.03,17002.91
2024-07-31,5522.2998046875,518.19,8364.6,39101.82,6107.1602,22199.35,2770.6899,75661.55,127651.81,6440.5601,53093.969,24951.15,1299.08996582,10638.58,42.95,17344.61
2024-08-01,5446.68017578125,511.84,8298.8,38126.328,6086.3999,22642.1,2777.6799,74712.03,127395.1,6418.1499,52417.48,25010.9,1272.0,10798.09,42.2,17304.97
2024-08-02,5346.56005859375,497.86,8218.8,35909.699,5974.8501,21638.09,2676.1899,73449.41,125854.09,6315.46,52242.379,24717.699,1281.01000977,10473.47,41.6,16945.52
2024-08-05,5186.330078125,487.06,8005.3,31458.42,5876.6401,19830.881,2441.55,72595.09,125269.54,6098.8701,51776.48,24055.6,1232.10998535,9893.4102,40.42,16698.37
2024-08-06,5240.02978515625,488.45,8066.1,34675.461,5852.6099,20501.02,2522.1499,72502.25,126266.7,6178.5498,52399.629,23992.551,1252.81005859,9881.2305,40.65,16647.35
2024-08-07,5199.5,495.97,8087.3,35089.621,5933.1699,21295.279,2568.4099,73357.31,127513.88,6192.6899,52680.898,24297.5,1253.57995605,10024.31,40.9,16877.87
2024-08-08,5319.31005859375,496.38,8158.6,34831.148,5941.4702,20870.1,2556.73,73728.29,128660.88,6293.6201,52876.551,24117.0,1243.31005859,10098.5,41.83,16891.84
2024-08-09,5344.16015625,499.2,8190.2,35025.0,6017.8501,21469.0,2588.4299,73728.29,130614.59,6320.96,53051.539,24367.5,1264.83996582,9907.40039063,42.06,17090.24
2024-08-12,5344.39013671875,499.09,8218.2,35025.0,6029.6602,21773.26,2618.3,73645.01,131115.91,6326.0498,53040.352,24347.0,1271.43994141,9828.5596,42.2,17111.66
2024-08-13,5434.43017578125,501.67,8256.2,36232.512,6049.4102,21796.57,2621.5,74033.09,132397.97,6369.7402,53674.199,24139.0,1268.7199707,9920.6104,42.67,17174.07
2024-08-14,5455.2099609375,504.11,8277.8,36442.43,6025.1602,22027.25,2644.5,74395.22,133317.66,6405.1201,53718.949,24143.75,1270.38000488,9830.9404,42.44,17113.37
2024-08-15,5543.22021484375,509.89,8349.7,36726.641,6035.27,21895.17,2644.5,75170.14,134153.42,6405.1201,54264.922,24143.75,1265.31994629,9982.9805,42.91,17109.15
2024-08-16,5554.25,511.46,8298.4,38062.672,6161.8999,22349.33,2697.23,75706.14,133953.25,6444.3799,54083.781,24541.15,1291.68005371,9821.96,43.41,17430.17
2024-08-19,5608.25,514.6,8341.7,37388.621,6225.8599,22409.631,2674.3601,76665.22,135777.98,6458.7798,54104.68,24572.65,1299.04003906,10054.2,43.83,17569.58
2024-08-20,5597.1201171875,512.18,8244.4,38062.922,6195.5801,22429.1,2696.6299,76637.98,136087.41,6491.04,53991.059,24698.85,1305.25,9982.2803,43.49,17511.09
2024-08-21,5620.85009765625,513.96,8282.8,37951.801,6141.7798,22237.891,2701.1299,76894.07,136463.66,6495.4302,53864.73,24770.199,1317.68994141,9904.79,43.66,17391.02
2024-08-22,5570.64013671875,515.75,8280.5,38211.012,6224.2402,22148.83,2707.6699,76411.78,135173.39,6476.3901,53316.199,24811.5,1318.56994629,9921.4004,43.12,17641.01
2024-08-23,5634.60986328125,518.14,8336.5,38364.27,6219.2402,22158.051,2701.6899,76971.37,135608.47,6463.2402,53490.922,24823.15,1321.15002441,9668.0996,43.84,17612.11
2024-08-26,5616.83984375,518.06,8326.6,38110.219,6278.6299,22240.119,2698.01,76716.87,136888.7,6442.1899,53171.309,25010.6,1318.59997559,9565.7598,43.47,17798.74
2024-08-27,5625.7998046875,518.89,8353.7,38288.621,6306.3599,22185.0,2689.25,77095.93,136775.91,6379.46,52474.309,25017.75,1322.2800293,9748.75,43.53,17874.68
2024-08-28,5592.18017578125,520.61,8342.1,38371.762,6225.9902,22370.66,2689.8301,76526.16,137343.95,6385.52,52439.871,25052.35,1323.54003906,9757.1602,43.26,17692.46
2024-08-29,5591.9599609375,524.58,8400.8,38362.531,6247.1299,22201.85,2662.28,76784.42,136041.34,6448.2798,53138.961,25151.949,1326.67004395,9833.2197,43.28,17786.33
2024-08-30,5648.39990234375,525.06,8403.5,38647.75,6331.1401,22268.09,2674.3101,76290.36,136004.02,6459.96,52913.5,25235.9,1331.52001953,9833.2197,43.37,17989.08
2024-09-03,5528.93017578125,519.85,8263.7,38686.309,6203.5498,22092.211,2664.6299,74806.98,134353.48,6387.1802,51589.422,25279.85,1331.52001953,10021.8,42.51,17651.5
2024-09-04,5520.06982421875,514.83,8249.0,37047.609,6133.98,21092.75,2580.8,74533.59,136110.73,6389.0498,51811.371,25198.699,1317.70996094,9984.9297,42.5,17457.35
2024-09-05,5503.41015625,512.05,8239.4,36657.09,6105.54,21187.711,2575.5,74721.81,136502.48,6361.5898,51661.48,25145.1,1309.05004883,9936.7598,42.56,17444.31
2024-09-06,5408.419921875,506.11,8169.3,36391.469,6105.54,21435.189,2544.28,73874.18,134572.45,6245.4199,51083.441,24852.15,1315.39001465,9771.1602,41.78,17444.31
2024-09-09,5471.0498046875,510.71,8262.5,36215.75,6002.9102,21144.439,2535.9299,73924.08,134737.2,6232.1099,51136.051,24936.4,1307.15002441,9699.5596,42.13,17196.97
2024-09-10,5495.52001953125,507.96,8222.0,36159.16,6026.3398,21064.08,2523.4299,74012.67,134319.58,6214.8599,50973.109,25041.1,1294.06005859,9624.04,41.97,17234.1
2024-09-11,5554.1298828125,508.03,8259.6,35619.77,5982.5498,21031.0,2513.3701,73223.29,134676.75,6301.5801,51195.762,24918.449,1293.88000488,9419.6602,42.28,17108.72
2024-09-12,5595.759765625,512.09,8263.7,36833.27,6017.53,21653.25,2572.09,74089.57,134029.43,6343.16,51999.73,25388.9,1297.60998535,9521.04,42.63,17240.4
2024-09-13,5626.02001953125,515.96,8282.4,36581.762,6071.52,21759.65,2575.41,74367.49,134881.95,6351.31,52016.85,25356.5,1294.30004883,9685.49,42.83,17369.1
2024-09-16,5633.08984375,515.12,8313.6,36581.762,6090.16,21850.08,2575.41,74282.91,135118.22,6346.81,52016.85,25383.75,1281.36999512,9577.46,42.97,17422.12
2024-09-17,5634.580078125,517.2,8293.5,36203.22,6176.03,21850.08,2575.41,75175.58,134960.19,6333.16,52273.53,25418.55,1303.65002441,9758.14,43.02,17660.03
2024-09-18,5618.259765625,514.6,8262.2,36380.17,6176.03,21678.84,2575.41,74844.94,133747.69,6333.16,52582.89,25377.55,1310.93994141,9774.49,42.87,17660.03
2024-09-19,5713.64013671875,521.68,8326.0,37155.33,6305.51,22042.69,2580.8,75810.19,133122.67,6333.16,52918.04,25415.8,1318.41003418,9975.61,43.78,18013.17
2024-09-20,5702.5498046875,514.27,8203.8,37723.91,6381.5,22159.42,2593.37,75830.2,131065.44,6333.16,52190.48,25790.95,1326.0,9900.25,43.69,18258.58
2024-09-23,5718.56982421875,516.33,8265.8,37723.91,6389.08,22285.53,2602.01,76753.45,130568.37,6374.35,52422.24,25939.05,1321.11999512,9887.75,44.03,18247.12
2024-09-24,5732.93017578125,519.71,8261.5,37940.59,6714.47,22431.78,2631.68,76753.45,132155.76,6449.9,53653.95,25940.4,1330.86999512,10029.73,45.53,19000.57
2024-09-25,5722.259765625,519.15,8262.6,37870.26,6765.6,22761.6,2596.32,77893.78,131586.45,6440.87,53190.93,26004.15,1344.06994629,9891.0,45.05,19129.11
2024-09-26,5745.3701171875,525.62,8284.2,38925.63,7086.7,22858.81,2671.57,79226.18,133009.78,6529.98,53590.52,26216.05,1350.84997559,9829.19,46.7,19924.59
2024-09-27,5738.169921875,528.09,8299.2,39829.56,7299.9,22822.79,2649.78,79510.59,132730.36,6530.73,52778.17,26178.95,1352.56994629,9777.46,46.61,20632.31
2024-09-30,5762.47998046875,522.9,8257.6,37919.55,7509.79,22224.54,2593.27,78506.28,131816.44,6490.57,52477.3,25810.85,1352.56005859,9665.78,45.86,21133.69
2024-10-01,5708.75,520.89,8281.5,38651.97,7509.79,22390.39,2593.27,78580.39,132495.16,6448.86,52477.3,25796.9,1358.88000488,9351.22,46.19,21133.69
2024-10-02,5709.5400390625,521.15,8267.4,37808.76,8041.27,22390.39,2561.69,79130.19,133514.94,6392.09,52199.66,25796.9,1354.51000977,9012.87,47.1,22443.74
2024-10-03,5699.93994140625,516.3,8276.6,38552.06,7914.16,22390.39,2561.69,78478.85,131671.51,6389.82,51674.54,25250.1,1346.45996094,8898.23,46.54,22113.52
2024-10-04,5751.06982421875,518.57,8313.8,38635.62,8156.5,22302.71,2569.71,78282.38,131791.55,6480.93,52609.87,25014.6,1336.20996094,9109.34,46.97,22736.88
2024-10-07,5695.93994140625,519.49,8291.6,39332.74,8330.85,22702.56,2610.38,78303.36,132017.84,6475.15,52039.87,24795.75,1335.47998047,9031.64,47.36,23099.79
2024-10-08,5751.1298828125,516.65,8211.5,38937.54,7483.67,22611.39,2594.36,77472.99,131511.73,6492.75,51764.64,25013.15,1339.05004883,9044.89,46.19,20926.8
2024-10-09,5792.0400390625,520.06,8269.8,39277.96,7365.59,22659.08,2594.36,77334.11,129962.06,6541.29,51869.14,24981.95,1351.9699707,9132.3,45.94,20637.25
2024-10-10,5780.0498046875,519.12,8256.5,39380.89,7620.74,22659.08,2599.16,77368.31,130352.86,6578.77,52391.29,24998.45,1360.57995605,8964.1,46.03,21251.99
2024-10-11,5815.02978515625,521.99,8258.5,39605.8,7620.74,22901.64,2596.91,78006.75,129992.29,6572.95,52395.66,24964.25,1362.5,8876.22,46.36,21251.99
2024-10-14,5859.85009765625,524.76,8313.3,39605.8,7579.94,22975.29,2623.29,78230.45,131005.25,6572.0,52000.59,25127.95,1358.76000977,8699.19,46.17,21092.88
2024-10-15,5815.259765625,520.57,8236.8,39910.55,7277.83,23292.04,2633.45,77823.02,131043.27,6558.98,52377.78,25057.35,1356.08996582,8860.3,45.19,20318.8
2024-10-16,5842.47021484375,519.61,8355.7,39180.3,7267.98,23010.98,2610.36,78303.68,131749.72,6542.64,52483.62,24971.3,1354.09997559,8956.03,45.54,20286.86
2024-10-17,5841.47021484375,523.92,8376.3,38911.19,7179.44,23053.84,2609.3,78567.57,130793.41,6571.59,52463.66,24749.85,1362.89001465,9002.34,45.47,20079.11
2024-10-18,5864.669921875,525.0,8368.9,38981.75,7471.95,23487.27,2593.82,79154.62,130499.26,6643.52,53027.42,24854.05,1362.68994141,8793.61,45.92,20804.12
2024-10-21,5853.97998046875,521.53,8327.5,38954.6,7340.56,23542.53,2604.92,79046.54,130361.56,6671.07,52814.82,24781.1,1358.0300293,8654.39,45.6,20478.47
2024-10-22,5851.2001953125,520.41,8321.2,38411.96,7363.0,23535.43,2570.7,78755.45,129951.37,6674.66,52368.69,24472.1,1348.92004395,8838.6,45.5,20498.96
2024-10-23,5797.419921875,518.85,8265.4,38104.86,7478.23,23334.76,2599.62,78525.98,129233.11,6686.98,52142.13,24435.5,1349.7199707,8714.69,45.23,20760.16
2024-10-24,5809.85986328125,518.98,8280.3,38143.29,7359.14,23192.52,2581.03,78880.67,130066.95,6725.8,51795.56,24399.4,1329.61999512,8872.85,45.16,20489.63
2024-10-25,5808.1201171875,518.82,8237.0,37913.92,7385.26,23348.45,2583.27,78929.39,129893.32,6754.69,51784.33,24180.8,1325.54003906,8908.47,45.12,20590.16
2024-10-28,5823.52001953125,520.96,8296.7,38605.53,7391.22,23198.07,2612.43,79400.6,131212.58,6735.46,51816.3,24339.15,1328.32995605,8945.8,45.32,20599.37
2024-10-29,5832.919921875,518.0,8205.2,38903.68,7417.53,22926.59,2617.8,79132.89,130729.93,6672.61,51166.29,24466.85,1335.76000977,8945.8,45.18,20701.15
2024-10-30,5813.669921875,511.52,8157.1,39277.39,7286.5,22820.43,2593.79,78646.7,130639.33,6550.32,50877.24,24340.85,1333.84997559,9006.55,44.74,20380.65
2024-10-31,5705.4501953125,505.4,8120.3,39081.25,7264.11,22820.43,2556.15,77327.59,129713.33,6550.32,50661.05,24205.35,1338.59997559,8863.88,44.45,20317.33
2024-11-01,5728.7998046875,510.91,8166.0,38053.67,7342.66,22780.08,2542.36,78091.68,128120.75,6550.32,50622.39,24304.35,1325.61999512,8885.0,44.49,20506.44
2024-11-04,5712.68994140625,509.21,8176.5,38053.67,7367.65,22965.39,2588.97,78052.32,130514.79,6629.96,50882.54,23995.35,1312.64001465,8663.88,44.74,20567.53
2024-11-05,5782.759765625,509.54,8178.6,38474.9,7556.62,23106.79,2576.88,78497.6,130660.75,6525.38,50831.51,24213.3,1313.34997559,8618.57,45.35,21006.97
2024-11-06,5929.0400390625,506.79,8167.1,39480.67,7363.47,23217.38,2563.51,77232.34,130340.92,6579.65,51732.46,24484.05,1329.56005859,8862.32,44.79,20538.39
2024-11-07,5973.10009765625,509.93,8181.0,39381.41,7546.95,23408.82,2564.63,77880.85,129681.7,6561.83,52311.08,24199.35,1326.65002441,8946.13,45.78,20953.35
2024-11-08,5995.5400390625,506.64,8087.3,39500.37,7461.44,23553.89,2561.15,76969.89,127829.8,6519.72,51845.17,24148.2,1317.33996582,9184.82,44.65,20728.2
2024-11-11,6001.35009765625,512.38,8114.0,39533.32,7355.57,23529.64,2531.66,76638.89,127873.7,6539.35,51449.43,24141.3,1310.45996094,9276.78,44.31,20426.94
2024-11-12,5983.990234375,502.24,8042.0,39376.09,7127.14,22981.77,2482.57,76130.89,127698.32,6508.64,51096.64,23883.45,1301.94995117,9226.86,43.47,19846.89
2024-11-13,5985.3798828125,501.6,8036.6,38721.66,7130.93,22860.23,2417.08,75762.68,127733.88,6558.5,50747.63,23559.05,1304.04003906,9300.3,43.19,19823.46
2024-11-14,5949.169921875,507.04,8057.7,38535.7,6973.08,22715.38,2418.86,75786.32,127791.6,6478.97,50553.31,23532.7,1286.65002441,9420.42,42.95,19435.82
2024-11-15,5870.6201171875,503.13,8079.8,38642.91,6980.06,22742.77,2416.86,75773.37,127791.6,6527.02,50469.4,23532.7,1271.2199707,9389.62,42.95,19426.35
2024-11-18,5893.6201171875,502.85,8110.5,38220.85,7057.1,22546.54,2469.07,76224.6,127768.19,6542.39,50469.4,23453.8,1270.22998047,9395.39,43.44,19576.62
2024-11-19,5916.97998046875,500.61,8096.0,38414.43,7082.21,22848.8,2471.95,76300.9,128197.25,6549.37,50222.4,23518.5,1259.07995605,9232.9,43.41,19663.68
2024-11-20,5917.10986328125,500.5,8104.7,38352.34,7090.86,22688.36,2482.29,76940.99,128197.25,6576.33,50168.88,23518.5,1271.72998047,9031.82,43.36,19705.02
2024-11-21,5948.7099609375,502.55,8181.3,38026.17,7034.89,22555.66,2480.63,77113.17,126922.11,6592.93,50174.64,23349.9,1286.67004395,9367.77,43.27,19601.12
2024-11-22,5969.33984375,508.48,8273.5,38283.85,6887.05,22904.32,2501.24,77151.12,129125.51,6564.16,50430.02,23907.25,1286.06994629,9549.89,43.28,19229.98
2024-11-25,5987.3701171875,508.79,8286.4,38780.14,6862.2,22948.37,2534.34,76530.52,129036.1,6549.16,50207.18,24221.9,1291.93994141,9659.96,43.31,19151.0
2024-11-26,6021.6298828125,505.91,8265.3,38442.0,6851.56,22678.76,2520.36,77006.99,129922.38,6558.3,49721.85,24194.5,1299.2199707,9636.12,43.13,19159.21
2024-11-27,5998.740234375,504.97,8269.3,38134.97,7027.4,22334.78,2503.06,76710.05,127668.61,6578.98,49787.82,24274.9,1301.06005859,9639.77,43.19,19603.14
2024-11-29,6032.3798828125,510.26,8281.0,38208.03,6946.68,22262.5,2455.91,76052.41,125667.83,6576.6,49812.64,24131.1,1311.26000977,9652.0,43.26,19423.62
2024-12-02,6047.14990234375,513.62,8324.0,38513.02,7009.05,22736.93,2454.48,77278.07,125235.54,6639.86,50414.17,24276.05,1308.82995605,9681.11,43.43,19550.3
2024-12-03,6049.8798828125,515.54,8353.3,39248.86,7072.13,23027.46,2500.1,77281.23,126139.2,6629.72,50828.06,24457.15,1309.18005371,9827.23,43.52,19746.33
2024-12-04,6086.490234375,517.46,8319.5,39276.39,7085.0,23255.33,2464.0,77711.67,126087.02,6631.36,51249.8,24467.45,1297.81005859,9886.05,43.63,19742.47
2024-12-05,6075.10986328125,519.69,8347.0,39395.6,7014.13,23267.94,2441.85,78286.27,127857.58,6660.14,51756.84,24708.4,1337.55004883,9935.96,43.92,19560.45
2024-12-06,6090.27001953125,520.48,8299.9,39091.17,7136.55,23193.27,2428.16,78365.24,125945.67,6648.65,51348.8,24677.8,1337.2800293,10081.0,43.85,19865.86
2024-12-09,6052.85009765625,521.23,8333.0,39160.5,7360.67,23273.25,2360.58,79049.14,127210.19,6714.12,52190.68,24619.0,1336.18005371,10257.39,44.75,20414.1
2024-12-10,6034.91015625,518.5,8248.0,39367.58,7306.16,23125.08,2417.84,78703.59,128228.49,6720.21,51377.28,24610.05,1335.84997559,10099.03,44.03,20311.29
2024-12-11,6084.18994140625,519.96,8318.9,39372.23,7249.38,22903.63,2442.51,78478.83,129593.31,6731.67,51284.21,24641.8,1336.47998047,10058.47,44.21,20155.06
2024-12-12,6051.25,519.21,8291.9,39849.14,7360.1,23046.8,2482.12,78341.47,126042.21,6781.04,51284.21,24548.7,1335.55004883,10058.63,43.99,20397.06
2024-12-13,6051.08984375,516.46,8300.8,39470.44,7186.59,23020.48,2494.46,78481.17,124612.22,6767.25,51619.75,24768.3,1331.57995605,10125.46,44.03,19971.25
2024-12-16,6074.080078125,515.84,8232.7,39457.49,7132.69,23039.9,2488.97,78481.17,123560.06,6798.99,50849.43,24668.25,1331.81994629,9997.66,43.79,19795.5
2024-12-17,6050.60986328125,513.67,8194.0,39364.68,7105.44,23018.01,2456.81,77192.96,124698.04,6730.22,50500.34,24336.0,1327.63000488,10011.27,42.96,19700.49
2024-12-18,5872.16015625,514.44,8105.9,39081.71,7180.79,23168.67,2484.43,77018.69,120771.88,6731.49,49968.44,24198.85,1329.82995605,9915.76,41.96,19864.56
2024-12-19,5867.080078125,506.67,8114.0,38813.58,7152.13,22932.25,2435.93,75920.26,121187.91,6699.84,49254.47,23951.7,1314.16003418,9765.12,42.1,19752.52
2024-12-20,5930.85009765625,502.2,8068.5,38701.9,7143.88,22510.25,2404.15,75888.87,122102.15,6700.82,49586.21,23587.5,1317.77001953,9724.5,42.27,19720.71
2024-12-23,5974.06982421875,502.92,8123.1,39161.34,7213.85,23104.54,2442.01,76067.92,120766.57,6665.37,49450.89,23753.45,1323.02001953,9626.56,42.51,19883.14
2024-12-24,6040.0400390625,503.82,8140.3,39036.85,7303.92,23120.24,2440.52,76320.98,120766.57,6680.17,49316.62,23727.65,1323.27001953,9672.75,42.64,20098.3
2024-12-26,6037.58984375,503.82,8140.6,39568.06,7303.92,23246.94,2429.67,76320.98,121077.5,6691.09,49535.58,23750.2,1342.68005371,9949.01,42.49,20098.3
2024-12-27,5970.83984375,507.18,8129.3,40281.16,7305.36,23275.68,2404.77,76197.45,120269.31,6703.27,49290.58,23813.4,1346.83996582,10025.47,42.3,20090.47
2024-12-30,5906.93994140625,504.86,8120.5,39894.54,7280.48,23190.2,2399.49,75427.06,120283.4,6710.02,48837.72,23644.9,1347.34997559,9889.71,41.96,20041.43
2024-12-31,5881.6298828125,507.63,8156.3,39894.54,7289.89,23035.1,2399.49,75381.32,120283.4,6710.02,49513.27,23644.8,1344.75,9830.56,41.82,20059.96
2025-01-02,5868.5498046875,510.68,8223.3,39894.54,7090.56,22832.06,2398.94,75798.56,120125.39,6681.92,49765.2,24188.65,1343.19995117,9961.34,41.76,19623.33
2025-01-03,5942.47021484375,508.2,8218.6,39894.54,7159.28,22908.3,2441.92,76120.25,118532.68,6700.98,48957.24,24004.75,1320.57995605,10075.17,42.15,19760.28
2025-01-06,5975.3798828125,513.03,8204.8,39307.05,7135.48,23547.71,2488.64,76176.57,120021.52,6780.03,49493.56,23616.05,1313.04003906,10085.5,42.3,19688.3
2025-01-07,5909.02978515625,514.68,8229.2,40083.3,7049.71,23651.27,2492.1,75404.5,121162.66,6806.47,50085.5,23707.9,1315.2800293,9972.03,42.0,19447.59
2025-01-08,5918.25,513.68,8258.5,39981.06,6990.65,23407.33,2521.05,74526.82,119624.51,6762.74,49634.26,23688.95,1316.63000488,9890.76,41.8,19279.85
2025-01-10,5827.0400390625,511.51,8255.3,39190.4,6898.15,23011.86,2515.78,74869.93,118856.48,6814.12,49596.7,23431.5,1293.22998047,9910.61,41.09,19064.3
2025-01-13,5836.22021484375,508.69,8223.0,39190.4,6843.71,22488.33,2489.56,73566.52,119006.93,6756.5,49829.97,23085.95,1298.33996582,9733.17,40.81,18874.15
2025-01-14,5842.91015625,508.29,8215.8,38474.3,6987.36,22797.52,2497.4,73714.84,119298.67,6823.01,49844.0,23176.05,1289.22998047,9715.86,41.27,19219.79
2025-01-15,5949.91015625,515.03,8314.8,38444.58,7011.6,22514.57,2496.81,75073.62,122650.2,6900.05,50242.84,23213.2,1297.64001465,9739.72,41.81,19286.08
2025-01-16,5937.33984375,520.05,8418.7,38572.6,7098.76,23025.1,2527.49,75255.73,121234.14,6957.67,49948.15,23311.8,1303.25,9866.73,41.76,19522.9
2025-01-17,5996.66015625,523.63,8503.2,38451.46,7108.81,23148.08,2523.55,76232.04,122350.38,6958.79,49940.89,23203.2,1313.47998047,9977.94,42.09,19584.07
2025-01-21,6049.240234375,526.03,8561.5,39027.98,7320.88,23300.01,2518.03,76465.94,123338.34,7038.23,50450.26,23024.65,1314.81005859,9999.55,42.54,20106.56
2025-01-22,6086.3701171875,528.05,8513.5,39646.25,7177.14,23525.41,2547.06,76273.16,122971.77,7026.97,50944.58,23155.35,1309.7199707,10105.37,42.57,19778.78
2025-01-23,6118.7099609375,530.5,8565.0,39958.87,7164.22,23525.41,2515.49,75640.25,122483.32,7050.96,51054.91,23205.35,1332.54003906,10112.76,42.67,19700.57
2025-01-24,6101.240234375,530.08,8480.8,39931.98,7312.16,23525.41,2536.8,75976.84,122446.94,7068.67,51357.31,23092.2,1337.58996582,10104.85,42.95,20066.2
2025-01-27,6012.27978515625,529.7,8523.5,39565.8,7382.81,23525.41,2536.8,76109.9,124861.5,7028.46,51687.45,22829.15,1337.58996582,9997.85,42.17,20197.78
2025-01-28,6067.7001953125,531.61,8540.8,39016.87,7382.13,23525.41,2536.8,76344.52,124055.5,7035.01,51535.96,22957.25,1337.58996582,10121.77,42.48,20225.12
2025-01-29,6039.31005859375,534.27,8541.0,39414.78,7382.13,23525.41,2536.8,77184.29,123432.12,7088.79,51555.78,23163.1,1337.58996582,10076.99,42.49,20225.12
2025-01-30,6071.169921875,538.85,8665.4,39513.97,7382.13,23525.41,2536.8,77475.84,126912.78,7222.08,52050.25,23249.5,1337.58996582,10082.1,43.21,20225.12
2025-01-31,6040.52978515625,539.54,8636.6,39572.49,7382.13,23525.41,2517.37,77802.01,126134.94,7199.59,51209.53,23508.4,1337.58996582,10004.38,42.72,20225.12
2025-02-03,5994.56982421875,534.86,8549.7,38520.09,7384.11,22694.71,2453.95,77473.37,125970.46,7204.69,51209.53,23361.05,1315.45996094,9774.4,42.41,20217.27
2025-02-04,6037.8798828125,536.05,8554.0,38798.37,7643.63,22793.96,2481.69,78342.43,125147.42,7269.19,51889.75,23739.25,1327.20996094,9807.1,43.17,20789.97
2025-02-05,6061.47998046875,538.56,8655.4,38831.48,7566.27,23161.58,2509.27,78558.21,125534.07,7273.99,51570.19,23696.3,1331.34997559,9719.81,43.06,20597.1
2025-02-06,6083.56982421875,544.85,8710.1,39066.53,7690.35,23316.6,2536.75,79266.73,126224.74,7301.44,52674.79,23603.35,1336.58996582,9842.15,43.24,20891.62
2025-02-07,6025.990234375,542.76,8688.1,38787.02,7784.07,23478.27,2521.92,79635.53,124619.4,7285.11,52817.75,23559.95,1340.80004883,9951.65,43.2,21133.55
2025-02-10,6066.43994140625,545.93,8783.2,38801.17,7946.81,23252.14,2521.27,79921.65,125571.81,7294.64,52928.12,23381.6,1330.88000488,9845.85,43.72,21521.99
2025-02-11,6068.5,547.19,8780.9,38801.17,7842.72,23384.05,2539.05,79765.16,126521.66,7278.04,53451.64,23071.8,1338.40002441,9882.79,43.55,21294.87
2025-02-12,6051.97021484375,547.79,8818.6,38963.7,8058.08,23289.75,2548.39,80141.7,124380.21,7282.34,54065.72,23045.25,1335.68005371,9779.57,43.79,21857.93
2025-02-13,6115.06982421875,553.75,8761.0,39461.47,8002.63,23399.41,2583.17,80067.18,124850.18,7328.35,54160.11,23031.4,1337.7800293,9914.68,44.07,21814.38
2025-02-14,6114.6298828125,552.42,8706.9,39149.43,8331.4,23152.61,2591.05,80972.25,128218.59,7359.91,54077.94,22929.25,1340.52001953,9877.59,44.41,22620.33
2025-02-18,6129.580078125,557.18,8769.1,39270.4,8475.4,23666.11,2626.81,81413.52,128531.71,7297.91,54476.74,22945.3,1337.39001465,9916.89,44.69,22976.82
2025-02-19,6144.14990234375,552.11,8699.2,39164.61,8463.1,23604.08,2671.52,80772.77,127308.8,7281.33,54096.51,22932.9,1344.64001465,9763.67,44.62,22944.25
2025-02-20,6117.52001953125,551.02,8660.0,38678.04,8322.56,23487.46,2654.06,81367.4,127600.58,7322.48,54303.93,22913.15,1349.44995117,9807.5,45.03,22576.99
2025-02-21,6013.1298828125,553.86,8631.5,38776.94,8666.72,23730.25,2654.58,81391.77,127128.06,7311.75,53738.75,22795.9,1353.72998047,9602.16,44.9,23477.92
2025-02-24,5983.25,553.4,8636.0,38776.94,8618.88,23565.31,2645.27,79920.35,125401.38,7311.33,53704.45,22553.35,1364.52001953,9574.83,44.21,23341.62
2025-02-25,5955.25,554.21,8693.0,38237.79,8499.19,23285.72,2630.29,80282.49,125979.5,7316.01,53050.33,22547.55,1360.56005859,9451.58,44.24,23034.03
2025-02-26,5956.06005859375,559.68,8696.0,38142.37,8792.89,23402.55,2641.09,80854.98,124768.71,7351.06,53296.71,22547.55,1360.56005859,9573.21,44.68,23787.94
2025-02-27,5861.56982421875,557.12,8730.8,38256.17,8734.58,23053.18,2621.75,79881.92,124798.96,7392.85,52607.61,22545.05,1363.61999512,9741.07,43.81,23718.3
2025-02-28,5954.5,557.19,8833.5,37155.5,8417.43,23053.18,2532.78,78549.06,122799.09,7332.12,52325.73,22124.7,1356.43005371,9658.72,43.21,22941.33
2025-03-03,5849.72021484375,563.14,8830.8,37785.47,8419.69,22756.25,2532.78,80196.24,122799.09,7344.96,52081.59,22119.3,1361.16003418,9911.07,42.83,23006.28
2025-03-04,5778.14990234375,551.08,8795.6,37331.18,8367.47,22596.88,2528.92,79453.52,122799.09,7313.89,52384.72,22082.65,1367.9699707,9898.01,43.19,22941.78
2025-03-05,5842.6298828125,556.1,8779.5,37418.24,8630.4,22871.9,2558.13,80406.52,122799.09,7333.1,52709.4,22337.3,1363.91003418,10188.85,44.48,23594.22
2025-03-06,5738.52001953125,555.91,8642.8,37704.93,8938.09,22715.43,2576.16,80950.98,123046.85,7370.32,52816.43,22544.7,1379.61999512,10459.08,44.2,24369.72
2025-03-06,5738.52001953125,555.91,8642.8,37704.93,8938.09,22715.43,2576.16,80950.98,123357.55,7370.32,52816.43,22544.7,1379.61999512,10459.08,44.2,24369.72
2025-03-07,5770.2001953125,553.36,8743.8,36887.17,8914.03,22576.07,2563.48,81180.41,125034.63,7377.09,52839.63,22552.5,1389.77001953,10507.11,44.42,24231.31
2025-03-10,5614.56005859375,546.21,8602.8,37028.27,8725.01,22459.15,2570.39,79922.73,124519.38,7369.67,51726.88,22460.3,1391.06994629,10422.24,43.36,23783.5
2025-03-11,5572.06982421875,536.9,8506.6,36793.11,8755.37,22071.09,2537.6,79733.77,123507.35,7365.82,51510.68,22497.9,1393.56994629,10438.33,43.72,23782.15
2025-03-12,5599.2998046875,541.26,8536.0,36819.09,8682.13,22278.36,2574.82,79557.93,123863.5,7391.3,52041.01,22470.5,1392.39001465,10580.26,43.96,23600.32
2025-03-13,5521.52001953125,540.45,8545.3,36790.03,8640.61,21961.68,2573.64,79860.1,125637.11,7449.87,51877.12,22397.2,1387.30004883,10727.58,43.78,23462.66
2025-03-14,5638.93994140625,546.61,8668.0,37053.1,8877.99,21968.05,2566.36,80678.05,128957.09,7509.0,52484.28,22397.2,1387.0300293,10840.59,44.58,23959.99
2025-03-17,5675.1201171875,550.95,8698.7,37396.52,8928.45,22118.63,2610.69,81213.18,130833.96,7601.82,52484.28,22508.75,1394.90002441,10862.14,45.34,24145.58
2025-03-18,5614.66015625,554.31,8699.8,37845.42,9177.8,22271.67,2612.34,81637.2,131474.73,7585.61,52773.32,22834.3,1388.64001465,10802.23,45.11,24740.58
2025-03-19,5675.2900390625,555.38,8711.5,37751.88,9163.67,21960.83,2628.62,82826.16,132508.45,7594.95,53060.76,22907.6,1377.63000488,9860.29,45.22,24771.15
2025-03-20,5662.89013671875,552.99,8699.1,37751.88,8950.18,22377.26,2637.1,82093.7,131954.9,7575.53,53100.83,23190.65,1378.94995117,9810.94,44.8,24219.96
2025-03-21,5667.56005859375,549.68,8647.0,37677.06,8742.44,22209.1,2643.13,82093.7,132344.88,7585.81,52672.42,23350.4,1378.27001953,9044.64,44.58,23689.73
2025-03-24,5767.56982421875,548.94,8638.7,37608.49,8850.69,22106.64,2632.07,81617.42,131321.44,7632.66,52674.84,23658.35,1390.69995117,9299.36,44.78,23905.57
2025-03-25,5776.64990234375,552.6,8676.5,37780.54,8616.05,22273.19,2615.81,82312.21,132067.69,7606.42,53203.26,23668.65,1388.79003906,9715.58,44.65,23344.26
2025-03-26,5712.2001953125,548.74,8660.6,38027.29,8654.26,22260.29,2643.94,82541.03,132519.63,7593.44,52806.89,23486.85,1381.4699707,9649.53,44.38,23483.33
2025-03-27,5693.31005859375,546.32,8662.6,37799.97,8677.68,21951.76,2607.15,82538.44,133148.75,7654.06,53477.74,23591.95,1380.26000977,9612.84,44.6,23578.81
2025-03-28,5580.93994140625,542.11,8641.4,37120.33,8606.51,21602.89,2557.98,82196.83,131902.18,7694.49,53172.97,23519.35,1373.93005371,9659.48,43.77,23426.61
2025-03-31,5611.85009765625,533.93,8613.1,35617.56,8516.55,20695.9,2481.12,81410.31,130259.54,7648.59,52484.43,23519.35,1363.88000488,9659.48,43.7,23119.59
2025-04-01,5633.06982421875,539.65,8604.3,35624.48,8537.34,21280.17,2521.39,82572.79,131147.29,7685.6,53337.9,23165.7,1376.91003418,9659.48,43.84,23206.85
2025-04-02,5670.97021484375,536.93,8546.6,35725.87,8531.51,21298.22,2505.86,81814.9,131190.34,7698.7,53800.93,23332.35,1376.93994141,9523.31,43.9,23202.54
2025-04-03,5396.52001953125,523.11,8460.0,34735.93,8420.14,21298.22,2486.7,79111.1,131140.65,7719.22,54089.28,23250.1,1283.18005371,9484.26,42.97,22849.82
2025-04-04,5074.080078125,496.34,7995.3,33780.58,8420.14,21298.22,2465.42,74876.27,127256.0,7504.21,51452.73,22904.45,1280.52001953,9379.83,40.58,22849.82
2025-04-07,5062.25,474.02,7783.0,31136.58,7262.72,19232.35,2328.2,75481.93,125588.09,7252.56,50458.32,22161.6,1280.52001953,9407.17,39.07,19828.31
2025-04-08,4982.77001953125,486.92,7722.5,33012.58,7430.62,18459.95,2334.23,77245.69,123931.89,7163.09,50316.59,22535.85,1197.51000977,9477.14,38.52,20127.69
2025-04-09,5456.89990234375,469.9,8143.1,31714.03,7535.68,17391.76,2293.7,75690.61,127795.93,7473.43,52527.67,22399.15,1168.68005371,9275.5,41.19,20264.5
2025-04-10,5268.0498046875,487.29,7951.5,34609.0,7668.38,19000.03,2445.06,79091.68,126354.75,7372.09,51514.82,22399.15,1249.29003906,9338.58,40.48,20681.79
2025-04-11,5363.35986328125,486.81,8093.5,33585.58,7801.51,19528.77,2432.72,79448.01,127682.4,7430.69,51498.9,22828.55,1309.93994141,9380.95,41.75,20914.7
2025-04-14,5405.97021484375,499.9,8135.2,33982.36,7965.81,19513.09,2455.89,81549.68,129453.91,7572.2,52391.35,22828.55,1325.86999512,9423.62,42.13,21417.41
2025-04-15,5396.6298828125,508.07,8237.0,34267.54,7982.88,19857.67,2477.41,82324.55,129245.39,7695.06,52643.04,23328.55,1310.76000977,9393.79,42.09,21466.28
2025-04-16,5275.7001953125,507.16,8180.8,33920.4,7779.01,19468.0,2447.43,82533.86,128316.89,7710.55,53018.57,23437.2,1293.25,9266.09,41.6,21056.99
2025-04-17,5282.7001953125,506.43,8289.2,34377.6,7897.44,19338.73,2470.41,82262.13,129650.03,7815.25,53018.57,23851.65,1303.0300293,9396.02,41.92,21395.15
2025-04-21,5158.2001953125,506.43,8216.6,34279.92,7897.44,19106.2,2488.42,82262.13,129650.03,7751.38,53758.75,24125.55,1294.29003906,9321.64,41.91,21395.15
2025-04-22,5287.759765625,507.71,8355.7,34220.6,7950.79,18793.43,2486.64,82722.24,130464.38,7814.36,54777.84,24167.25,1290.38000488,9312.13,42.54,21562.33
2025-04-23,5375.85986328125,516.78,8397.2,34868.63,8116.28,19639.14,2525.56,82614.15,132216.07,7922.51,55766.58,24328.95,1303.04003906,9312.13,43.03,22072.63
2025-04-24,5484.77001953125,518.62,8436.1,35039.15,8056.85,19478.81,2522.33,83257.43,134580.43,7998.6,56382.0,24246.7,1311.66003418,9490.9,43.53,21909.77
2025-04-25,5525.2099609375,520.46,8448.0,35705.74,8080.54,19872.73,2546.3,83413.7,134739.28,7991.62,56720.12,24039.35,1317.18005371,9432.55,43.45,21980.75
2025-04-28,5528.75,523.2,8422.1,35839.99,8080.19,20034.41,2548.86,83413.7,135015.89,7986.82,56980.13,24328.5,1312.31994629,9306.96,43.53,21981.37
2025-04-29,5560.830078125,525.1,8488.2,35839.99,8067.94,20232.63,2565.42,83976.99,135092.99,8059.4,55613.43,24335.95,1309.72998047,9224.84,43.65,22008.12
2025-04-30,5569.06005859375,527.49,8520.3,36045.38,8076.26,20235.03,2556.61,84226.0,135066.97,8041.14,56259.28,24334.2,1309.72998047,9078.43,43.76,22119.42
2025-05-01,5604.14013671875,527.61,8468.3,36452.3,8076.26,20235.03,2556.61,84226.0,135066.97,8041.14,56259.28,24334.2,1309.72998047,9078.43,43.75,22119.42
2025-05-02,5686.669921875,536.44,8632.0,36830.69,8231.04,20787.64,2559.79,84737.2,135133.88,8039.23,55811.99,24346.7,1309.72998047,9167.58,45.0,22504.69
2025-05-05,5650.3798828125,537.32,8627.6,36830.69,8231.04,20532.99,2559.79,84543.86,133491.23,8019.77,55835.99,24461.15,1320.41003418,9112.19,45.34,22504.69
2025-05-06,5606.91015625,536.36,8557.5,36830.69,8261.61,20522.59,2559.79,84542.97,133515.82,8069.8,57349.83,24379.6,1319.66003418,9134.68,45.16,22662.72
2025-05-07,5631.27978515625,533.48,8568.0,36779.66,8242.25,20546.49,2573.8,83992.55,133397.52,8173.81,57954.39,24414.4,1324.80004883,9074.62,44.64,22691.88
2025-05-08,5663.93994140625,535.64,8556.9,36928.63,8300.25,20543.4,2579.48,83463.76,136231.9,8162.87,56866.76,24273.8,1351.09997559,9279.21,44.61,22775.93
2025-05-09,5659.91015625,537.97,8541.4,37503.33,8308.83,20915.04,2577.27,84383.46,136511.88,8233.12,56551.18,24008.0,1352.25,9390.51,44.91,22867.75
2025-05-12,5844.18994140625,544.5,8630.5,37644.26,8559.23,21129.54,2607.33,84689.8,136563.18,8326.19,56765.58,24924.7,1372.04003906,9747.07,45.88,23549.47
2025-05-13,5886.5498046875,545.18,8582.5,38183.26,8386.21,21330.14,2608.42,85156.81,138963.11,8368.76,57357.54,24578.35,1382.7800293,9700.17,45.96,23108.28
2025-05-14,5892.580078125,543.89,8560.4,38128.13,8593.07,21782.87,2640.57,84915.46,138422.84,8469.64,57644.94,24666.9,1397.86999512,9701.55,46.31,23640.65
2025-05-15,5916.93017578125,546.95,8640.5,37755.51,8509.67,21730.25,2621.36,84795.93,139334.38,8411.01,57959.72,25062.1,1401.48999023,9541.3,46.29,23453.17
2025-05-16,5958.3798828125,549.27,8697.1,37753.72,8468.29,21843.69,2626.87,85102.51,139187.39,8386.16,57987.14,25019.8,1384.43994141,9668.36,46.26,23345.06
2025-05-19,5963.60009765625,549.99,8739.6,37498.63,8460.55,21523.83,2603.42,85000.3,139636.41,8392.1,58493.39,24945.45,1379.75,9668.36,46.36,23332.73
2025-05-20,5940.4599609375,554.03,8786.6,37529.49,8589.08,21526.03,2601.8,85281.33,140109.63,8418.33,58311.15,24683.9,1407.52001953,9514.01,46.31,23681.49
2025-05-21,5844.60986328125,553.83,8728.9,37298.98,8660.94,21803.91,2625.58,85877.94,137881.27,8418.33,58568.01,24813.45,1419.35998535,9398.93,46.19,23827.79
2025-05-22,5842.009765625,550.28,8763.2,36985.87,8557.64,21670.96,2593.67,85595.71,137272.59,8367.62,57894.82,24609.7,1409.56005859,9475.21,46.04,23544.32
2025-05-23,5802.81982421875,545.14,8736.1,37160.47,8583.86,21652.24,2592.09,85934.51,137824.29,8399.59,58410.37,24853.15,1409.40002441,9356.04,46.23,23601.27
2025-05-27,5921.5400390625,552.33,8810.1,37724.11,8469.97,21336.54,2637.22,86131.91,139541.23,8351.79,58593.83,24826.2,1427.44995117,9213.58,46.12,23382.0
2025-05-28,5888.5498046875,548.93,8754.9,37722.4,8443.87,21357.72,2670.15,86246.14,138887.81,8244.52,58735.86,24752.45,1432.18994141,9177.7,45.91,23258.32
2025-05-29,5912.169921875,547.89,8735.4,38432.98,8559.71,21347.3,2720.64,87054.56,138533.7,8192.18,58614.41,24833.6,1431.56994629,9170.56,46.08,23573.39
2025-05-30,5911.68994140625,548.68,8787.7,37965.1,8432.02,21347.3,2697.67,86553.41,137026.62,8047.51,57841.69,24750.7,1423.68005371,9019.57,45.52,23289.78
2025-06-02,5935.93994140625,547.93,8814.7,37470.67,8359.26,21002.71,2698.97,87497.78,136786.65,8048.93,57705.48,24716.6,1423.04003906,9008.87,45.85,23157.98
2025-06-03,5970.3701171875,548.45,8790.3,37446.81,8519.86,21126.93,2698.97,87181.75,137546.26,8112.07,57639.07,24542.5,1437.86999512,9277.01,45.96,23512.5
2025-06-04,5970.81005859375,551.03,8799.4,37747.45,8576.75,21618.09,2770.84,87990.24,137001.58,8169.98,57484.52,24620.2,1435.2800293,9474.96,46.53,23654.04
2025-06-05,5939.2998046875,551.89,8788.1,37554.49,8684.73,21674.43,2812.05,88796.11,136236.37,8145.59,57777.49,24750.9,1432.38000488,9486.56,46.77,23906.98
2025-06-06,6000.35986328125,553.65,8839.2,37741.61,8629.75,21660.66,2812.05,88597.1,136102.1,8170.04,58061.41,25003.05,1418.9699707,9486.56,46.92,23792.55
2025-06-09,6005.8798828125,553.25,8825.1,38088.57,8780.13,21790.29,2855.77,88686.26,135699.38,8172.55,57813.38,25103.2,1396.56005859,9486.56,47.32,24181.43
2025-06-10,6038.81005859375,553.13,8855.3,38211.51,8767.36,22242.14,2871.85,88974.3,136436.07,8227.18,58098.51,25104.25,1404.81994629,9659.31,47.59,24162.88
2025-06-11,6022.240234375,551.64,8851.4,38421.19,8865.72,22470.1,2907.04,88594.83,137128.04,8320.11,57767.33,25141.4,1405.15002441,9686.11,47.79,24366.95
2025-06-12,6045.259765625,549.85,8881.2,38173.09,8729.96,22287.82,2920.03,89326.21,137799.74,8269.44,57829.74,24888.2,1412.16003418,9520.22,47.87,24035.39
2025-06-13,5976.97021484375,544.95,8837.6,37834.25,8655.33,22072.95,2894.62,87856.89,137212.63,8209.92,57438.57,24718.6,1401.19995117,9311.88,47.11,23892.57
2025-06-16,6033.10986328125,546.92,8839.5,38311.33,8729.99,22049.9,2946.66,87856.89,139255.91,8165.29,57046.85,24946.5,1420.34997559,9350.01,47.23,24061.0
2025-06-17,5982.72021484375,542.27,8844.7,38536.74,8694.67,22211.59,2950.3,87147.29,138840.02,8091.57,56676.82,24853.4,1431.39001465,9339.59,46.61,23980.31
2025-06-18,5980.8701171875,540.34,8843.9,38885.15,8594.19,22356.73,2972.19,87470.15,138716.64,8086.72,56729.57,24812.05,1432.98999023,9196.13,46.6,23710.7
2025-06-20,5967.83984375,536.26,8749.0,38403.23,8527.07,22045.74,3021.84,87134.08,137115.83,8086.72,56264.69,25112.4,1435.18994141,9203.37,46.33,23530.49
2025-06-23,6025.169921875,535.04,8767.8,38354.09,8597.36,21732.02,3014.47,87683.75,136550.5,8029.71,56080.06,24971.9,1448.31994629,9141.31,46.71,23689.13
2025-06-24,6092.18017578125,540.99,8760.5,38790.56,8760.45,22188.76,3103.64,88357.2,137164.61,8148.15,56743.28,25044.35,1462.80004883,9448.9,47.92,24177.08
2025-06-25,6092.16015625,536.99,8703.4,38942.07,8859.29,22430.61,3108.25,87772.8,135767.29,8140.84,56933.19,25244.75,1465.35998535,9418.52,47.96,24474.68
2025-06-26,6141.02001953125,537.49,8757.6,39584.58,8803.83,22492.34,3079.56,88396.98,137113.89,8176.94,57474.19,25549.0,1463.56994629,9301.05,48.28,24325.41
2025-06-27,6173.06982421875,543.63,8786.4,40150.79,8762.47,22580.08,3055.94,88214.91,136865.79,8213.08,57391.51,25637.8,1475.89001465,9404.89,48.09,24284.16
2025-06-30,6204.9501953125,541.38,8759.9,40487.39,8678.3,22256.02,3071.7,88757.8,138854.6,8247.57,57450.88,25517.05,1477.56005859,9948.51,48.24,24072.29
2025-07-01,6198.009765625,540.26,8794.2,39986.33,8678.3,22553.72,3089.65,89195.72,139549.43,8211.83,57813.82,25541.8,1476.16003418,10080.35,48.33,24072.29
2025-07-02,6227.419921875,541.22,8796.6,39762.48,8724.9,22577.74,3075.06,88958.74,139050.93,8268.45,58346.72,25453.4,1482.76000977,10189.02,48.54,24221.42
2025-07-03,6279.35009765625,543.76,8817.0,39785.9,8648.44,22712.97,3116.27,89165.2,140927.86,8290.26,57890.99,25405.3,1481.19995117,10228.39,48.76,24069.95
2025-07-07,6229.97998046875,543.51,8768.6,39587.68,8608.54,22428.72,3059.47,89623.7,139489.7,8256.55,57423.4,25461.3,1508.66003418,10107.68,48.07,23887.84
2025-07-08,6225.52001953125,545.72,8866.9,39688.81,8708.66,22362.27,3114.95,89537.6,139302.85,8316.74,57183.32,25522.5,1529.27001953,9998.2,48.37,24148.08
2025-07-09,6263.259765625,549.97,8902.9,39821.28,8597.27,22527.01,3133.74,89536.2,137480.79,8329.49,56687.54,25476.1,1543.27001953,10167.26,48.29,23892.33
2025-07-10,6280.4599609375,552.94,8977.9,39646.36,8668.26,22693.25,3183.23,89540.64,136743.26,8343.68,56739.9,25355.25,1569.33996582,10331.31,48.42,24028.38
2025-07-11,6259.75,547.35,8945.9,39569.68,8687.56,22751.03,3175.77,89403.08,136187.31,8231.92,56593.65,25149.85,1594.01000977,10358.46,48.26,24139.58
2025-07-14,6268.56005859375,546.99,9019.8,39459.62,8732.74,22614.97,3202.03,89047.53,135298.99,8233.73,56362.67,25082.3,1605.66003418,10225.48,48.33,24203.33
2025-07-15,6243.759765625,544.96,8935.9,39678.02,8877.1,22835.94,3215.28,89303.83,135250.1,8152.47,56482.91,25195.8,1593.83996582,10225.48,48.68,24590.12
2025-07-16,6263.7001953125,541.85,8976.3,39663.4,8861.39,23042.9,3186.38,89296.25,135510.99,8152.47,56503.04,25212.05,1614.42004395,10121.52,48.91,24517.77
2025-07-17,6297.35986328125,547.22,8984.6,39901.19,8853.1,23113.28,3192.29,89613.01,135564.74,8210.46,56714.92,25111.45,1634.69995117,10370.71,49.19,24498.96
2025-07-18,6296.7900390625,547.01,8984.0,39819.11,8986.47,23383.13,3188.07,90973.7,133381.58,8184.5,56273.45,24968.4,1643.91003418,10366.16,49.08,24825.66
2025-07-21,6305.60009765625,546.59,8991.6,39819.11,9040.2,23340.56,3210.81,91999.67,134166.72,8125.16,55841.3,25090.7,1628.06005859,10616.18,49.4,24994.15
2025-07-22,6309.6201171875,544.35,9046.0,39774.92,9075.6,22987.92,3169.94,91590.3,134035.72,8118.91,55517.81,25060.9,1655.97998047,10616.09,49.43,25130.03
2025-07-23,6358.91015625,550.23,9112.2,41171.32,9241.2,23318.67,3183.77,92456.99,135368.27,8140.7,56478.9,25219.9,1653.01000977,10591.98,49.93,25538.07
2025-07-24,6363.35009765625,551.56,9140.6,41826.34,9257.62,23373.73,3190.45,92258.27,133807.59,8141.82,57035.9,25062.1,1661.22998047,10689.05,49.66,25667.19
2025-07-25,6388.64013671875,549.96,9144.3,41456.23,9150.49,23364.38,3196.05,91303.41,133524.18,8221.9,57323.14,24837.0,1669.32995605,10642.6,49.51,25388.36
2025-07-28,6389.77001953125,548.77,9088.2,40998.27,9177.15,23412.98,3209.52,91097.47,132129.26,8074.31,57083.56,24680.9,1695.63000488,10542.09,49.18,25562.14
2025-07-29,6370.85986328125,550.37,9140.0,40674.55,9145.92,23201.52,3230.57,91520.73,132725.68,8121.42,57820.78,24821.1,1621.29003906,10487.25,49.2,25524.46
2025-07-30,6362.89990234375,550.25,9137.7,40654.7,9038.27,23461.72,3254.47,91597.64,133989.74,8121.45,57395.85,24855.05,1630.7800293,10618.97,48.84,25176.94
2025-07-31,6339.39013671875,546.12,9113.1,41069.82,8882.95,23542.52,3245.44,90781.36,133071.05,8186.09,57397.93,24768.35,1615.22998047,10743.2,48.56,24773.34
2025-08-01,6238.009765625,535.8,9101.6,40799.6,8804.42,23434.38,3119.41,90140.54,132437.39,8161.33,56900.07,24565.35,1614.10998535,10746.98,48.2,24507.82
2025-08-04,6329.93994140625,540.61,9163.9,40290.7,8893.48,23378.94,3147.75,91801.9,132971.2,8209.84,56650.26,24722.75,1653.2199707,10853.49,48.7,24733.46
2025-08-05,6299.18994140625,541.41,9150.2,40549.54,8951.07,23660.59,3198.0,92195.51,133151.3,8195.17,57071.56,24649.55,1690.43005371,10849.96,48.84,24902.54
2025-08-06,6345.06005859375,541.08,9121.3,40794.86,8932.68,23447.36,3198.14,92725.08,134537.62,8247.31,57154.22,24574.2,1723.31005859,10901.01,49.07,24910.64
2025-08-07,6340.0,546.06,9095.0,41059.15,8981.73,24003.77,3227.68,93305.76,136527.61,8360.9,58260.88,24596.15,1734.84997559,10956.05,49.48,25081.64
2025-08-08,6389.4501953125,547.09,9094.6,41820.48,8895.28,24021.26,3210.01,93492.9,135913.25,8520.53,58070.17,24363.3,1729.07995605,10972.63,49.44,24858.83
2025-08-11,6373.4501953125,546.77,9129.2,41820.48,8888.08,24135.5,3206.77,93282.68,135623.15,8591.5,58342.87,24585.05,1741.90002441,11038.32,49.3,24906.82
2025-08-12,6445.759765625,547.9,9171.4,42718.17,8916.85,24158.36,3189.91,93808.59,137913.68,8585.6,58675.04,24487.4,1755.25,10954.5,49.9,24969.69
2025-08-13,6466.580078125,550.86,9145.4,43274.67,9150.05,24370.02,3224.37,94846.89,136687.32,8737.86,58477.57,24619.35,1753.71,10949.95,50.5,25613.67
2025-08-14,6468.5400390625,553.87,9212.4,42649.26,9128.93,24238.1,3225.66,94566.18,136355.78,8739.42,58167.27,24631.3,1793.78,10824.55,49.88,25519.33
2025-08-15,6449.7998046875,553.57,9146.8,43378.31,9039.09,24334.48,3225.66,94498.37,136340.77,8739.42,58320.48,24631.3,1783.25,10870.57,49.94,25270.08
2025-08-18,6449.14990234375,554.02,9175.1,43714.31,9033.68,24482.52,3177.28,93676.22,137321.64,8827.17,58319.7,24876.95,1786.37,10929.77,50.23,25176.85
2025-08-19,6411.3701171875,557.82,9186.2,43546.29,9006.23,24353.5,3151.56,93625.37,134432.26,8736.84,58462.79,24980.65,1810.46,10962.02,49.82,25122.91
2025-08-20,6395.77978515625,559.1,9304.5,42888.55,9013.27,23625.44,3130.09,93491.96,134666.46,8683.66,58221.47,25050.55,1828.46,11134.73,49.75,25165.95
2025-08-21,6370.169921875,559.08,9318.2,42610.17,8974.77,23962.13,3141.74,94120.41,134510.85,8725.72,58663.97,25083.75,1874.91,11313.9,49.64,25104.62
2025-08-22,6466.91015625,561.31,9338.5,42633.29,9079.93,23764.47,3168.73,95066.86,137968.15,8854.26,59225.48,24870.1,1814.02,11372.33,50.63,25339.15
2025-08-25,6439.31982421875,558.68,9318.8,42807.82,9248.0,24277.38,3209.86,95329.32,138025.17,8883.36,58492.13,24967.75,1783.12,11477.8,50.34,25829.92
2025-08-26,6465.93994140625,554.21,9302.4,42394.4,9148.66,24305.1,3179.36,94747.07,137771.39,8827.0,58132.4,24712.05,1849.05,11529.81,50.21,25524.92
2025-08-27,6481.39990234375,554.77,9252.7,42520.27,9020.26,24519.9,3187.16,94362.41,139205.81,8884.47,58647.52,24712.05,1848.55,11359.01,49.91,25201.77
2025-08-28,6501.85986328125,553.68,9221.9,42828.79,8916.93,24236.45,3196.32,94234.6,141049.2,8920.99,59151.68,24500.9,1861.2,11368.78,50.1,24998.83
2025-08-29,6460.259765625,550.15,9193.8,42718.47,8947.79,24233.1,3186.01,94184.63,141422.26,8899.91,58708.86,24426.85,1865.38,11288.05,49.86,25077.63
2025-09-02,6415.5400390625,543.17,9169.7,42310.49,9108.12,24016.78,3172.35,93697.21,140335.16,8991.5,59747.88,24579.6,1865.38,10877.52,49.82,25496.56
2025-09-03,6448.259765625,546.79,9181.7,41938.89,9050.02,24100.3,3184.42,94190.87,139863.63,9062.92,59651.57,24715.05,1859.59,10737.68,50.01,25343.44
2025-09-04,6502.080078125,550.1,9232.5,42580.27,8937.09,24179.85,3200.83,92976.22,140993.25,9175.32,59867.62,24734.3,1883.59,10828.93,49.85,25058.52
2025-09-05,6481.5,549.22,9224.7,43018.75,9057.22,24494.58,3205.12,94165.62,142640.14,9210.68,60479.76,24741.0,1845.48,10729.49,50.45,25417.99
2025-09-08,6495.14990234375,552.05,9227.9,43643.81,9121.66,24547.38,3219.59,95384.96,141791.58,9089.29,60649.76,24773.15,1807.22,10449.36,50.91,25633.92
2025-09-09,6512.60986328125,552.4,9257.7,43459.29,9242.4,24855.18,3260.05,95844.92,141618.29,8985.16,60679.53,24868.6,1825.17,10486.09,51.19,25938.14
2025-09-10,6532.0400390625,552.3,9239.6,43837.67,9328.16,25192.59,3314.53,96243.56,142348.7,8973.69,60489.19,24973.1,1828.63,10586.32,51.54,26200.27
2025-09-11,6587.47021484375,555.34,9316.7,44372.5,9260.25,25215.71,3344.2,96529.35,143150.84,9151.39,61553.58,25005.5,1855.08,10382.89,52.29,26086.33
2025-09-12,6584.2900390625,554.85,9265.7,44768.12,9364.94,25474.64,3395.54,97036.59,142271.58,8989.75,61798.94,25114.0,1865.45,10372.04,52.26,26388.17
2025-09-15,6615.27978515625,557.17,9275.9,44768.12,9384.76,25357.16,3407.31,97295.83,143546.58,9088.53,62102.13,25069.2,1876.75,11000.26,52.64,26446.57
2025-09-16,6606.759765625,550.8,9205.8,44902.27,9386.39,25629.64,3449.62,97499.97,144061.74,9066.03,62102.13,25239.1,1875.39,11182.96,53.03,26438.52
2025-09-17,6600.35009765625,550.64,9209.1,44790.38,9596.77,25438.25,3413.4,97966.34,145593.63,9007.14,61596.23,25330.25,1868.85,11165.85,53.26,26908.4
2025-09-18,6631.9599609375,555.02,9243.3,45303.43,9456.52,25769.36,3461.3,98038.48,145499.49,9007.14,61323.95,25423.6,1861.74,11048.11,53.13,26544.86
2025-09-19,6664.35986328125,554.12,9223.3,45045.81,9472.35,25578.37,3445.24,98714.31,145865.11,9007.14,61200.27,25327.05,1859.53,11294.48,53.01,26545.11
2025-09-22,6693.75,553.41,9237.2,45493.66,9370.73,25880.6,3468.65,98704.59,145109.25,9116.93,62004.11,25202.35,1819.6,11468.07,53.27,26344.15
2025-09-23,6656.919921875,554.96,9202.6,45493.66,9290.34,26247.37,3486.19,99474.87,146424.94,9146.8,62368.19,25169.5,1821.45,11331.75,53.3,26159.13
2025-09-24,6637.97021484375,553.89,9239.5,45630.31,9442.99,26196.73,3472.14,99474.87,146491.75,9114.79,61905.95,25056.9,1853.48,11366.93,53.12,26518.66
2025-09-25,6604.72021484375,550.23,9240.7,45754.93,9444.22,26023.85,3471.11,98701.06,145306.23,9040.46,61945.04,24890.85,1858.67,11377.55,52.81,26484.69
2025-09-26,6643.7001953125,554.53,9302.0,45354.99,9303.1,25580.32,3386.05,99706.31,145446.66,9023.05,62307.07,24654.7,1852.65,11151.2,52.71,26128.21
2025-09-29,6661.2099609375,555.54,9290.5,45043.75,9454.12,25580.32,3431.21,100292.32,146336.8,8996.57,62610.12,24634.9,1862.23,11048.13,53.19,26622.89
2025-09-30,6688.4599609375,558.19,9363.1,44932.63,9555.33,25820.54,3424.6,100951.42,146237.02,8970.68,62915.57,24611.1,1863.13,11012.12,53.4,26855.57
2025-10-01,6711.2001953125,564.63,9448.3,44550.85,9555.33,25982.91,3455.83,101696.83,145517.35,8939.37,61929.72,24836.3,1870.63,11220.22,53.82,26855.57
2025-10-02,6715.35009765625,567.61,9426.4,44936.73,9724.38,26378.39,3549.21,101107.08,143949.64,8899.67,62220.31,24836.3,1859.8,11082.63,54.07,27287.13
2025-10-03,6715.7900390625,570.46,9483.8,45769.5,9658.34,26761.06,3549.21,102696.68,144200.65,8890.29,61984.43,24894.25,1859.51,10858.52,54.23,27140.93
2025-10-06,6740.27978515625,570.25,9475.0,47944.76,9573.38,26761.06,3549.21,102817.19,143608.08,8832.48,60404.19,25077.65,1918.97,10734.87,54.48,26957.78
2025-10-07,6714.58984375,569.28,9491.8,47950.88,9573.38,27211.95,3549.21,102337.45,141356.43,8829.98,60215.75,25108.3,1909.65,10814.11,54.06,26957.78
2025-10-08,6753.72021484375,573.8,9548.2,47734.99,9523.87,27063.68,3549.21,103889.98,142145.38,8909.39,60888.56,25046.15,1922.95,10756.27,54.49,26829.47
2025-10-09,6735.10986328125,571.31,9499.2,48580.44,9530.13,27301.92,3549.21,103073.55,141708.19,8818.68,60819.31,25181.8,1940.89,10726.98,53.93,26752.6
2025-10-10,6552.509765625,564.17,9382.0,48088.8,9358.32,27301.92,3610.6,102649.82,140680.34,8675.8,60568.93,25285.35,1980.57,10720.36,51.94,26290.33
2025-10-13,6654.72021484375,566.64,9443.9,48088.8,9222.54,26923.42,3584.55,103635.0,141783.36,8794.53,61045.09,25227.35,2012.28,10556.18,53.45,25889.49
2025-10-14,6644.31005859375,564.55,9467.4,46847.32,9079.16,26793.15,3561.81,103463.32,141682.99,9013.34,60785.62,25145.5,2013.69,10316.4,52.97,25441.36
2025-10-15,6671.06005859375,567.78,9407.5,47672.67,9250.91,27275.71,3657.28,104261.67,142603.66,9112.58,61637.54,25323.55,2009.64,10464.48,53.84,25910.61
2025-10-16,6629.06982421875,571.66,9373.4,48277.74,9259.46,27647.87,3748.37,105756.03,142200.02,9112.15,62544.56,25585.3,2022.27,10370.78,54.19,25888.52
2025-10-17,6664.009765625,566.25,9382.4,47582.15,9011.97,27302.37,3748.89,103429.03,143398.63,9129.98,61743.92,25709.85,1977.14,10208.76,54.18,25247.11
2025-10-20,6735.1298828125,572.49,9441.6,49185.5,9232.67,27688.63,3814.69,104022.9,144509.32,9159.75,61672.35,25843.15,1870.86,10484.39,54.92,25858.84
2025-10-21,6735.35009765625,573.31,9414.7,49316.06,9302.66,27752.41,3823.84,101623.98,144085.15,9114.74,60773.78,25868.6,1915.9,10467.2,54.31,26027.56
2025-10-22,6699.39990234375,572.3,9512.9,49307.79,9223.78,27648.91,3883.68,101487.92,144872.79,9049.45,61308.2,25868.6,1930.88,10551.34,54.26,25781.78
2025-10-23,6738.43994140625,574.44,9590.5,48641.61,9300.74,27532.26,3845.56,103341.88,145720.98,9149.64,61511.95,25891.4,1945.78,10608.26,54.74,25967.99
2025-10-24,6791.68994140625,575.77,9633.5,49299.65,9363.94,27532.26,3941.59,103114.19,146172.21,9184.41,61145.49,25795.15,1944.6,10941.79,55.1,26160.16
2025-10-27,6875.16015625,577.04,9674.0,50512.32,9467.22,27993.63,4042.83,101364.96,146969.1,9207.64,61860.3,25966.05,1900.76,10853.43,55.71,26433.71
2025-10-28,6890.89013671875,575.77,9699.8,50219.18,9375.79,27949.11,4010.41,102437.86,147428.9,9232.17,62795.24,25936.2,1949.28,10871.08,55.69,26346.15
2025-10-29,6890.58984375,575.41,9747.0,51307.65,9375.79,28294.74,4081.15,103062.81,148632.93,9326.5,63352.85,26053.9,1949.76,10871.08,56.01,26346.15
2025-10-30,6822.33984375,574.84,9754.5,51325.61,9346.86,28287.53,4086.89,102366.75,148780.22,9428.89,62889.86,25877.85,1925.18,10837.3,55.43,26282.7
2025-10-31,6840.2001953125,571.9,9735.9,52411.34,9168.58,28233.35,4107.5,101936.85,149540.43,9428.89,62769.18,25722.1,1885.36,10971.52,55.3,25906.65
2025-11-03,6851.97021484375,572.29,9701.7,52411.34,9258.73,28334.59,4221.87,101749.17,150454.24,9511.78,62653.89,25763.35,1857.64,11060.39,55.65,26158.37
2025-11-04,6771.5498046875,570.59,9707.8,51497.2,9173.21,28116.56,4121.74,100021.2,150704.2,9322.9,62390.73,25597.65,1897.71,10914.1,54.63,25952.41
2025-11-05,6796.2900390625,571.91,9772.3,50212.27,9163.24,27717.06,4004.42,101399.6,153294.44,9432.13,63378.51,25597.65,1886.47,10970.37,55.12,25935.42
2025-11-06,6720.31982421875,567.91,9712.8,50883.68,9355.97,27899.45,4026.45,102681.22,153338.63,9459.59,63093.12,25509.7,1869.6,11073.27,54.71,26485.91
2025-11-07,6728.7998046875,564.8,9732.3,50276.37,9267.56,27651.41,3953.76,101451.32,154063.53,9605.06,63376.13,25492.3,1824.71,10924.53,54.55,26241.84
2025-11-10,6832.43017578125,572.83,9841.8,50911.76,9443.24,27869.51,4073.24,103466.33,155257.31,9660.17,63094.01,25574.35,1804.18,10789.03,55.51,26649.07
2025-11-11,6846.60986328125,580.14,9899.6,50842.93,9461.49,27784.95,4106.39,103846.22,157748.6,9710.83,64321.27,25694.95,1821.6,10576.45,55.57,26696.42
2025-11-12,6850.919921875,584.24,9885.3,51063.31,9538.99,27947.09,4150.39,105472.94,157632.9,9893.86,63190.66,25875.8,1872.27,10640.86,55.58,26922.74
2025-11-13,6737.490234375,580.67,9748.1,51281.83,9599.06,27903.56,4170.63,106584.53,157162.43,9710.38,62529.44,25879.15,1864.23,10628.63,54.93,27073.04
2025-11-14,6734.10986328125,574.82,9691.2,50376.53,9397.96,27397.5,4011.57,104557.95,157738.69,9603.02,62328.63,25910.05,1871.54,10565.74,54.96,26572.47
2025-11-17,6672.41015625,571.69,9627.8,50323.91,9328.4,27447.31,4089.25,104793.85,156992.93,9904.47,62328.63,26013.45,1893.54,10698.13,54.31,26384.29
2025-11-18,6617.31982421875,561.85,9572.5,48702.98,9174.84,26756.12,3953.62,102999.17,156522.13,9809.37,61984.45,25910.05,1898.07,10728.6,54.04,25930.04
2025-11-19,6642.16015625,561.72,9543.8,48537.7,9151.04,26580.12,3929.51,104615.49,155380.66,9873.59,62080.58,26052.65,1886.2,10903.91,53.85,25830.66
2025-11-20,6538.759765625,563.94,9442.8,49823.94,9143.34,27426.36,4004.85,104347.97,155380.66,9802.08,61672.19,26192.15,1897.46,10979.73,53.11,25835.58
2025-11-21,6602.990234375,562.11,9575.0,48625.88,8919.78,26434.94,3853.26,102167.57,154770.1,9826.58,61877.27,26068.15,1899.89,10922.86,53.1,25220.03
2025-11-24,6705.1201171875,562.89,9543.3,48625.88,9079.42,26504.24,3846.06,102549.12,155277.56,9802.98,62522.61,25959.5,1916.36,10888.02,53.66,25716.51
2025-11-25,6765.8798828125,568.02,9636.7,48659.52,9158.31,26912.17,3857.78,102807.9,155910.18,9950.81,63214.56,25884.8,1909.6,10857.17,53.85,25894.56
2025-11-26,6812.60986328125,574.22,9685.5,49559.07,9162.37,27409.54,3960.87,104252.57,158554.94,9998.3,63242.71,26205.3,1923.55,10914.65,54.24,25928.09
2025-11-28,6849.08984375,576.44,9712.3,50253.91,9130.18,27626.48,3926.59,103256.8,159072.13,10128.58,63596.78,26202.95,1923.92,10898.7,54.32,25858.9
2025-12-01,6812.6298828125,575.28,9694.0,49303.28,9172.84,27342.53,3920.37,104387.69,158611.01,10144.02,63551.13,26175.75,1933.56,11116.45,54.28,26033.27
2025-12-02,6829.3701171875,575.66,9705.5,49303.45,9182.65,27564.27,3994.93,103207.26,161092.25,10146.49,63820.61,26032.2,1950.12,11123.47,54.3,26095.06
2025-12-03,6849.72021484375,576.23,9703.5,49864.68,9028.55,27793.04,4036.3,103578.32,161755.18,10176.08,63597.44,25986.0,1971.99,11036.82,54.34,25760.74
2025-12-04,6857.1201171875,578.85,9707.6,51028.42,9106.48,27795.71,4028.51,103172.79,164455.61,10179.42,63714.86,26033.75,1979.53,10918.51,54.33,25935.91
2025-12-05,6870.39990234375,578.77,9660.0,50491.87,9198.3,27980.89,4100.05,104797.38,157369.36,10222.61,63378.3,26186.45,1975.5,11007.37,54.74,26085.09
2025-12-08,6846.509765625,578.37,9641.1,50581.94,9083.53,28303.78,4154.85,103154.32,158187.43,10222.61,63528.0,25960.55,1983.82,11189.5,54.62,25765.37
2025-12-09,6840.509765625,577.78,9612.1,50655.1,8936.41,28182.6,4143.55,103102.7,157981.13,10179.97,63694.68,25839.65,1973.02,11238.36,54.53,25434.24
2025-12-10,6886.68017578125,578.18,9681.0,50602.8,8954.69,28400.73,4135.0,103462.96,159074.97,10170.37,63409.4,25758.0,1946.98,11193.88,55.14,25540.78
2025-12-11,6901.0,581.35,9722.1,50148.82,8934.28,28024.75,4110.62,104629.65,159189.1,10362.86,64712.07,25898.55,1924.29,11233.66,54.88,25530.52
2025-12-12,6827.41015625,578.25,9665.8,50836.55,9079.35,28198.02,4167.16,105735.33,160766.37,10400.01,64712.07,26046.95,1867.03,11311.31,54.24,25976.8
2025-12-15,6816.509765625,582.55,9752.3,50168.11,8917.7,27866.94,4090.59,105285.03,162481.74,10302.23,64326.16,26027.3,1869.84,11456.34,54.08,25628.89
2025-12-16,6800.259765625,579.81,9682.0,49383.29,8757.93,27536.66,3999.13,105285.03,158577.88,10188.43,63230.87,25860.1,1909.87,11348.83,52.98,25235.42
2025-12-17,6721.43017578125,579.8,9752.5,49512.28,8843.57,27525.17,4056.41,106466.49,157327.26,10134.52,62528.06,25818.55,1897.95,11286.81,52.6,25468.79
2025-12-18,6774.759765625,585.4,9801.9,49001.5,8841.51,27468.53,3994.51,106838.21,157923.34,10194.26,63807.32,25815.55,1903.47,11335.05,53.2,25498.14
2025-12-19,6834.5,587.51,9872.3,49507.21,8901.23,27696.35,4020.55,107215.11,158473.02,10304.26,63966.98,25966.4,1933.28,11341.9,53.72,25690.54
2025-12-22,6878.490234375,586.76,9865.0,50402.39,8939.68,28149.64,4105.93,108382.46,158141.65,10389.39,64778.18,26172.4,1985.28,11311.06,54.01,25801.78
2025-12-23,6909.7900390625,588.74,9874.3,50412.87,8913.83,28310.47,4117.32,108996.04,160455.83,10403.73,65595.41,26177.15,2012.87,11290.36,54.31,25774.15
2025-12-24,6932.0498046875,588.71,9874.6,50344.1,8915.12,28371.98,4108.62,109502.81,160455.83,10386.99,65616.43,26142.1,2023.13,11340.1,54.42,25818.94
2025-12-26,6929.93994140625,588.71,9883.6,50750.39,8915.12,28556.02,4129.68,109502.81,160896.64,10483.15,65636.36,26042.3,1965.97,11294.37,54.8,25818.94
2025-12-29,6905.740234375,589.26,9871.8,50526.92,8891.71,28810.89,4220.56,108266.34,160490.3,10521.68,65347.08,25942.1,1990.66,11150.9,54.66,25635.24
2025-12-30,6896.240234375,592.79,9942.3,50339.48,8991.02,28707.13,4214.17,108732.62,161125.37,10481.4,64366.7,25938.85,2009.7,11220.17,54.88,25854.61
2025-12-31,6845.5,592.2,9922.6,50339.48,8913.68,28963.6,4214.17,107977.91,161125.37,10481.4,64308.29,26129.6,2030.63,11261.52,54.71,25630.55
2026-01-02,6858.47021484375,596.15,9997.8,50339.48,9168.99,29349.81,4309.63,108231.57,160538.69,10428.63,64141.36,26328.55,2030.63,11498.38,56.24,26338.48
2026-01-05,6902.0498046875,601.76,10027.0,51832.8,9148.47,30105.04,4457.52,108781.32,161869.76,10693.57,65014.37,26250.3,2028.68,11702.0,56.86,26347.25
2026-01-06,6944.81982421875,605.29,10106.3,52518.08,9244.24,30576.3,4525.48,110889.52,163663.88,10927.79,65022.24,26178.7,2055.96,12023.78,57.28,26710.46
2026-01-07,6920.93017578125,605.0,10029.1,51961.98,9138.75,30435.47,4551.06,110023.49,161975.24,10876.8,64871.7,26140.75,2096.76,12028.84,56.85,26458.96
2026-01-08,6921.4599609375,603.84,10079.3,51117.26,9039.34,30360.55,4552.37,109039.62,162936.48,10916.08,65521.01,25876.85,2074.03,12087.97,56.87,26149.32
2026-01-09,6966.27978515625,609.68,10139.5,51939.89,9048.53,30288.96,4586.32,110081.09,163370.31,10929.15,66062.62,25683.3,2066.21,12200.95,57.14,26231.8
2026-01-12,6977.27001953125,610.96,10148.2,51939.89,9220.08,30567.29,4624.79,112315.32,163150.35,11066.16,66745.61,25790.25,2080.24,12254.83,57.94,26608.48
2026-01-13,6963.740234375,610.45,10147.6,53549.16,9285.41,30707.22,4692.64,113135.92,161973.05,11254.48,66337.42,25732.3,2089.21,12385.61,57.51,26848.48
2026-01-14,6926.60009765625,611.57,10219.8,54341.23,9315.56,30941.78,4723.1,113121.35,165145.98,11219.98,67403.08,25665.6,2067.1,12369.89,57.75,26999.82
2026-01-15,6944.47021484375,614.58,10222.9,54110.5,9266.86,30810.58,4797.55,113088.49,165568.32,11088.48,66649.28,25665.6,2047.48,12456.69,58.09,26923.63
2026-01-16,6940.009765625,614.39,10256.0,53936.17,9220.81,31408.7,4840.74,112264.86,164799.98,11156.73,67141.11,25694.35,2080.35,12668.52,57.87,26844.97
