Date,US - SPX,5-Year Breakeven inflation rate,10-Year Breakeven inflation rate,Crude Oil Futures,Gasoline Futures,Natural Gas Futures,Heating Oil Futures,Gold Futures,Silver Futures,Copper Futures,Aluminum Futures,Corn Futures,Live Cattle Future,Cotton Future,Cocoa Future
2025-08-15,100.0,100.0,100.0,100.0,100.0,100.0,100.0,100.0,100.0,100.0,100.0,100.0,100.0,100.0,100.0
2025-08-18,99.98992368192145,100.0,100.0,99.8407643312102,101.47744538167338,99.10836762688615,100.70222822417286,99.86400993318749,100.14219881500988,99.5214245965498,98.91907973026576,99.80456026058631,100.22761760242793,100.39976310334615,98.86446001449626
2025-08-19,99.40417239815613,98.7603305785124,98.73949579831933,98.35987261146498,100.73348352281657,94.85596707818931,100.99482331757821,99.29344291373499,98.30678077682687,98.44184752365054,97.50099166997224,98.89250814332247,100.30349013657056,100.02961208172934,98.7919787388258
2025-08-20,99.1624543215746,99.17355371900827,98.73949579831933,99.85668789808918,102.64054068213969,94.3758573388203,102.31825343236554,100.17442204221605,99.46807109940751,98.83138564273791,98.64141213804047,99.0228013029316,101.82094081942337,100.08883624518803,94.89007006523315
2025-08-21,98.76538985357921,100.82644628099173,100.42016806722691,101.14649681528662,104.11274689579295,96.91358024691358,104.42043664190864,99.97043694199728,100.27386438446347,98.90929326655538,99.33558111860373,100.91205211726384,101.76674615217863,99.82232750962392,92.41362647982605
2025-08-22,100.26528500233549,102.4793388429752,101.26050420168069,101.36942675159236,104.45853198512076,92.52400548696845,103.7137069547603,101.06131378229763,102.84134298880842,99.25431274346133,100.91233637445458,101.17263843648207,103.13245176674614,100.69588392063962,93.99613433196424
2025-08-25,99.83751463942906,102.89256198347107,101.26050420168069,103.18471337579618,104.34850945669827,92.45541838134432,105.45577312626604,101.03175072429494,101.91705069124424,99.66611018363942,101.69575565251886,101.43322475570034,102.6772165618903,99.67426710097718,96.93162599661754
2025-08-26,100.25024244484332,103.30578512396696,101.68067226890756,100.71656050955416,102.41001728925447,93.17558299039781,102.50731487733515,101.48997812333708,101.66161948650428,99.26544240400669,102.2015073383578,100.9771986970684,103.27335790158247,98.77109860823214,91.96665861319158
2025-08-27,100.48993920141962,103.30578512396696,102.10084033613447,102.14968152866244,103.11730497197044,98.97119341563787,103.2635606572136,101.95116182817952,101.94338380513494,98.38619922092377,100.89250297500992,99.6742671009772,103.84782137437676,98.72668048563814,94.79342836433922
2025-08-28,100.80715774396462,102.89256198347107,101.26050420168069,102.86624203821655,104.2699219363965,100.96021947873798,104.06932252982219,102.71093241884941,104.550362080316,101.03505843071787,100.40658468861562,106.84039087947883,102.7205722956861,99.64465501924784,94.38270113553997
2025-08-29,100.16217497060758,102.06611570247934,101.26050420168069,101.9267515923567,103.15397914811129,102.77777777777777,102.17420661715057,103.94666824336309,107.23633969716919,102.18141346688925,100.3371677905593,109.5114006514658,103.90201604162151,98.51939591353272,93.13843923653057
2025-09-02,99.46882435637613,102.4793388429752,101.26050420168069,101.9267515923567,103.15397914811129,102.77777777777777,102.17420661715057,103.94666824336309,107.23633969716919,102.18141346688925,100.3371677905593,110.22801302931595,103.84782137437676,97.79389991116373,91.15728436820488
2025-09-03,99.97612268428269,101.65289256198346,100.84033613445378,101.86305732484078,105.41206056478232,105.07544581618656,106.27503938780106,107.47649736888785,110.75707702435813,103.06065664997217,100.15866719555733,108.92508143322475,103.32755256882722,98.0307965649985,92.64315051944915
2025-09-04,100.81057203356147,100.82644628099173,100.0,101.08280254777068,105.28108136427936,105.41838134430728,104.91559756921001,106.62508129840951,109.063857801185,101.46911519198667,99.71241570805236,109.38110749185668,102.73141122913505,98.01599052413384,89.38149311427881
2025-09-05,100.49149115123637,100.0,99.57983193277312,98.51910828025477,102.90773825116571,104.52674897119343,102.9484582489309,108.00271980133627,109.41935483870968,101.30217028380635,100.16858389527965,108.92508143322475,102.30869282462605,97.76428782943441,90.25126842232424
2025-09-08,100.70312411283358,99.58677685950414,98.73949579831933,99.14012738853503,102.61434484203909,105.9670781893004,104.06932252982219,108.7151894992018,110.3410138248848,101.49137451307735,101.16025386751288,109.90228013029315,102.23282029048342,98.0307965649985,87.40033824595312
2025-09-09,100.97382958379735,100.41322314049587,99.15966386554622,99.72929936305734,104.39042280085921,106.89300411522633,104.42943956785957,108.85709217761486,108.86372613561555,101.71396772398442,101.15033716779055,109.38110749185668,99.79406026446998,98.40094758661532,89.33317226383184
2025-09-10,101.27508196944703,99.58677685950414,98.73949579831933,101.38535031847134,105.20249384397758,103.87517146776406,105.050641458474,108.85117956601431,109.54575378538512,102.79354479688372,101.23958746529156,108.66449511400651,100.21677866897898,98.71187444477346,90.21502778448901
2025-09-11,102.1344912140714,99.58677685950414,98.31932773109243,99.31528662420382,103.6988526222036,100.61728395061729,102.71888363718209,108.60284987879145,110.99144173798553,103.68391764051196,103.98651328837762,109.38110749185668,100.70453067418165,98.78590464909682,90.93984054119353
2025-09-12,102.08518463282003,100.0,99.15966386554622,99.82484076433121,104.01844187143081,100.85733882030179,103.08350213819493,108.98125702122627,112.78472679394338,103.55036171396775,103.81792939309797,112.05211726384366,99.70734879687838,98.94877109860822,89.6351775791254
2025-09-15,102.56566072560089,99.58677685950414,99.57983193277312,100.79617834394905,102.26855975271127,104.35528120713306,104.61850101282919,109.94501271211494,113.13232389730086,105.00834724540901,104.10551368504561,110.29315960912052,101.71255148493388,98.9635771394729,92.3411452041556
2025-09-16,102.43356329949074,100.0,99.57983193277312,102.7388535031847,103.74600513438466,106.41289437585735,107.36439342786406,110.12534736593153,113.01382488479264,104.48525319977742,104.83934946449823,111.92182410423453,101.21396054628224,100.20728457210541,89.04324716115003
2025-09-17,102.33418551780996,100.41322314049587,100.0,101.99044585987261,103.12778330801069,106.31001371742113,105.72586090479408,109.9095370425117,110.99934167215272,103.10517529215359,104.24434748115827,111.20521172638436,100.19510080208107,99.57062481492449,89.21237013771443
2025-09-18,102.82427612896778,100.82644628099173,100.0,100.73248407643311,102.27379892073138,100.78875171467764,105.04163853252308,108.74179625140425,110.90980908492429,102.40400667779635,104.07576358587862,110.42345276872965,100.74788640797745,99.05241338466094,87.37617782072965
2025-09-19,103.32661578794765,100.41322314049587,100.42016806722691,99.36305732484077,100.2043275527846,99.039780521262,103.25455773126266,109.55478034647905,113.10599078341012,103.00500834724542,103.41134470448235,110.48859934853421,101.268155213527,98.1492448919159,87.49697994684706
2025-09-22,103.78229096560803,100.0,99.57983193277312,99.171974522293,100.487242625871,96.22770919067216,102.9214494710781,111.60350026606751,116.42922975641869,103.10517529215359,102.16184053946846,109.90228013029315,104.15131151094732,98.04560260586318,84.06619956511234
2025-09-23,103.21126427888463,100.0,99.57983193277312,100.97133757961782,101.62938125425683,97.83950617283952,104.51946882736888,112.80376042097795,117.46675444371294,103.37228714524207,101.67592225307418,111.07491856677525,103.51181443745936,98.66745632217943,84.46484658129984
2025-09-24,102.91746125235537,100.0,100.0,103.48726114649682,102.80295489076335,98.01097393689987,106.6351564258384,111.39655886004849,116.37129690585913,107.1452420701169,102.30067433558112,110.55374592833876,102.6772165618903,97.97157240153982,85.14133848755738
2025-09-25,102.40194137566345,100.0,100.0,103.47133757961784,102.41001728925447,99.58847736625515,108.75534548728338,111.48524803405664,118.79921000658327,105.90984974958263,102.5089250297501,110.94462540716611,101.5824842835465,98.13443885105121,83.65547233631312
2025-09-26,103.00630091625602,100.0,100.0,104.64968152866243,104.19657358411483,109.94513031550068,108.78685572811165,112.60568793235973,122.85977616853192,106.21035058430716,102.40975803252677,109.96742671009771,101.5824842835465,98.3121113414273,83.45010872191351
2025-09-29,103.27777857688474,99.58677685950414,98.73949579831933,101.03503184713377,101.72892544663907,112.03703703703705,105.72586090479408,113.97150121208537,123.80776826859775,108.89259877573735,103.53034510115033,109.8371335504886,101.37654454801648,96.97956766360674,84.53732785697028
2025-09-30,103.70027231041419,100.0,99.15966386554622,99.31528662420382,100.71252685073608,113.2716049382716,104.61850101282919,114.50363625613433,122.81764318630677,108.10239287701724,104.00634668782229,108.27361563517914,101.78842401907653,97.3793307669529,81.52935491664654
2025-10-01,104.05284502683358,98.7603305785124,98.73949579831933,98.37579617834396,98.805469691413,119.20438957475994,103.6191762322755,115.22201856560044,125.55365371955234,108.68113522537564,104.24434748115827,108.5342019543974,101.66919575113809,97.1128220313888,80.63541918337764
2025-10-02,104.11718659509023,97.93388429752066,98.31932773109243,96.30573248407643,96.97700005239167,118.03840877914953,100.99032185460275,114.35286466032046,122.10401579986834,110.17250973845299,104.20468068226893,109.90228013029315,101.2247994797312,96.37251998815516,78.29185793669969
2025-10-03,104.12400760379705,98.34710743801652,97.89915966386556,96.94267515923568,97.47472101430293,113.9917695473251,100.66621652036913,115.55903742683145,126.30678077682687,113.7228714524207,104.87901626338754,109.18566775244301,101.66919575113809,96.68344684631329,74.77651606668277
2025-10-06,104.5037053748186,98.34710743801652,98.31932773109243,98.23248407643312,99.62801907057158,115.12345679012346,101.02633355840649,117.55158753621475,127.5786701777485,112.14245965498053,105.83101943673145,109.90228013029315,102.61218296119662,96.44655019247853,75.89997583957478
2025-10-07,104.1053993469698,98.7603305785124,98.73949579831933,98.29617834394905,99.22460313302247,119.95884773662553,101.97164078325456,118.38230946609119,125.12179065174456,113.46688925987758,106.82268940896469,109.38110749185668,103.06741816605245,95.43973941368077,74.64363372795361
2025-10-08,104.71209059753097,98.7603305785124,98.73949579831933,99.60191082802548,100.04191334416095,114.30041152263375,103.14202115687601,120.33642760007095,129.01645819618167,113.40011129660546,107.52677508925031,109.96742671009771,103.56600910470411,96.10601125259105,72.4812756704518
2025-10-09,104.42354905940485,98.7603305785124,98.31932773109243,97.94585987261146,98.6325771467491,112.10562414266118,102.64686022957461,117.44220422160467,124.17906517445687,114.0345019476906,109.50019833399445,108.99022801302931,104.010405376111,95.45454545454545,71.81686397680599
2025-10-10,101.59245192173026,97.10743801652893,96.63865546218487,93.78980891719746,95.37381463823544,106.51577503429354,99.23024983119515,118.26405723408028,124.41606319947334,108.93711741791876,104.75009916699722,107.62214983713353,105.14849338825059,94.52176488007107,70.64508335346702
2025-10-13,103.17715923535053,97.10743801652893,96.63865546218487,94.72929936305732,96.59977995494316,106.9272976680384,101.2694125590817,122.18411872524095,132.79526003949965,114.50194769059546,106.78302261007538,107.0358306188925,106.11315846520701,94.15161385845424,70.33099782556172
2025-10-14,103.01575645440788,96.28099173553719,96.63865546218487,93.47133757961784,95.80342641588516,103.840877914952,98.92415034886339,123.0828356885236,133.3034891375905,111.80856983861993,105.77151923839747,107.62214983713353,106.87188380663342,94.03316553153685,71.26117419666586
2025-10-15,103.43049800934048,96.28099173553719,96.21848739495799,92.78662420382166,96.10729816105203,103.42935528120714,97.8978167904569,124.21214450422752,135.29427254772878,111.61936560934893,105.91035303451011,108.59934853420195,106.99111207457186,94.40331655315367,70.17395506160908
2025-10-16,102.77946641694153,94.62809917355372,95.79831932773108,91.49681528662421,92.2303138261644,100.75445816186557,96.15575061895116,127.25713947850767,140.34496379196838,111.27434613244296,107.61602538675128,109.90228013029315,107.4680251463256,94.35889843055966,72.37255375694612
2025-10-17,103.32118774883243,94.62809917355372,95.37815126050421,91.0031847133758,93.34625661444963,103.15500685871058,97.22709880711233,124.55803228285936,131.93943383805134,110.61769616026712,108.19119397064657,110.09771986970685,104.84500325168003,95.17323067811667,71.21285334621889
2025-10-20,104.42385944936821,94.21487603305785,94.9579831932773,90.79617834394905,93.01094986116205,116.49519890260632,97.7762772901193,128.8771950570567,135.31007241606318,112.09794101279911,108.43911146370489,110.29315960912052,105.6362453934533,94.99555818774058,71.26117419666586
2025-10-21,104.42727373896507,95.04132231404958,95.79831932773108,91.14649681528662,92.8275789804579,119.13580246913583,98.35246455097906,121.47756163897594,125.61948650427912,110.53978853644966,108.19119397064657,109.38110749185668,106.40580966832864,95.38051525022209,71.46653781106548
2025-10-22,103.86988906965529,95.86776859504131,96.21848739495799,93.15286624203823,94.7922669880023,118.3127572016461,100.27008777852804,120.18565600425708,125.55892034233047,111.19643850862548,109.2423641412138,110.22801302931595,103.97788857576413,94.37370447142433,76.08117902875091
2025-10-23,104.47517978013792,100.0,96.63865546218487,98.39171974522293,98.12437784879761,114.67764060356653,106.86473103758722,122.55661325607522,128.2527978933509,113.75626043405677,111.59262197540659,111.53094462540716,104.56319098200737,94.86230381995853,76.57646774583232
2025-10-24,105.30078680070467,99.17355371900827,96.21848739495799,97.9299363057325,97.89909362393252,113.30589849108368,107.10330857528699,122.32602140365401,127.9420671494404,114.02337228714524,111.86037286790955,110.29315960912052,101.41990028181228,95.05478235119928,76.33486349359748
2025-10-27,106.59493882668052,97.93388429752066,95.79831932773108,97.62738853503186,97.76287525540944,118.03840877914953,108.48075624577989,118.83462425353277,123.1705069124424,115.11407902058988,112.93137643792146,111.72638436482086,98.49338825059615,95.5877998223275,74.67987436578883
2025-10-28,106.8388220625186,97.52066115702479,95.79831932773108,95.78025477707006,97.62665688688635,114.71193415637862,106.38307449921227,117.75261633063323,124.61882817643186,115.10294936004453,113.6453788179294,112.57328990228012,98.23325384782137,96.31329582469647,72.50543609567528
2025-10-29,106.83416621306831,97.93388429752066,96.63865546218487,96.30573248407643,99.05694975637869,130.82990397805213,107.90456898492012,118.2729261514811,126.16984858459513,117.1619365609349,113.90321301071002,113.09446254071662,100.10838933448949,97.73467574770505,73.01280502536844
2025-10-30,105.77599383459545,98.34710743801652,96.21848739495799,96.44904458598727,99.15649394876094,135.6652949245542,108.4492460049516,118.72228463312247,128.02106649111258,113.61157484696717,112.80245934153115,112.11726384364822,100.19510080208107,96.41693811074919,73.18192800193285
2025-10-31,106.05290710482626,99.17355371900827,96.63865546218487,97.10191082802547,99.58610572641065,141.42661179698214,107.97209092955211,118.14876130786969,126.82027649769584,113.27768503060658,113.53629512098374,112.44299674267101,99.577281595491,97.03879182706544,74.30538777482484
2025-11-03,106.23539369181607,99.58677685950414,97.05882352941177,97.21337579617835,100.38769843348877,146.2962962962963,108.27368894890841,118.6661148229173,126.52797893350889,112.83249860879243,114.72629908766363,113.15960912052117,100.6720138738348,97.24607639917086,79.23411452041556
2025-11-04,104.98852692708638,98.34710743801652,96.21848739495799,96.4331210191083,100.7387226908367,148.93689986282578,110.04276389826695,117.08449121977178,124.53192890059248,110.15025041736229,111.95953986513287,112.44299674267101,98.75352265337091,96.53538643766656,79.72940323749698
2025-11-05,105.37210835789325,98.7603305785124,96.63865546218487,94.90445859872611,100.03143500812071,145.1303155006859,109.49808687823544,118.0423342990599,126.45687952600395,110.98497495826378,111.34470448234828,113.42019543973943,95.61023195317581,96.57980456026058,77.26503986470162
2025-11-06,104.19423901087046,97.93388429752066,95.79831932773108,94.63375796178343,102.98108660344738,149.41700960219478,112.36101733063248,117.98616448885473,126.26728110599079,110.57317751808571,111.56287187623958,111.72638436482086,94.8515066117494,95.55818774059817,74.71611500362407
2025-11-07,104.3257156570539,97.52066115702479,95.79831932773108,95.14331210191084,101.65557709435743,147.97668038408779,111.7308125140671,118.54194997930587,126.77551020408163,110.33945464663329,111.7512891709639,111.33550488599349,95.96791675699112,94.19603198104825,72.63831843440445
2025-11-10,105.9324379466114,98.34710743801652,96.21848739495799,95.7484076433121,103.26924084455389,148.76543209876544,113.00472653612425,121.85892508721103,132.4845292955892,113.65609348914857,112.90162633875447,111.9869706840391,99.08952959028832,95.21764880071069,74.90939840541193
2025-11-11,106.15228488650705,98.34710743801652,96.21848739495799,97.19745222929936,105.41206056478232,156.55006858710564,115.94418185910422,121.69041565659553,133.62475312705726,112.7657206455203,112.20745735819119,112.57328990228012,98.50422718404508,94.58098904352975,71.62358057501812
2025-11-12,106.2191095744705,97.93388429752066,95.37815126050421,93.13694267515925,98.93120972389585,155.45267489711935,109.72316002700879,124.56690120026018,140.76892692560895,113.64496382860322,113.27846092820309,113.42019543973943,97.66962930847605,93.72223867337873,69.54578400579851
2025-11-13,104.46045518309602,97.93388429752066,95.79831932773108,93.45541401273886,99.09362393251952,159.32784636488338,108.87688498762098,124.00224679240822,140.01316655694535,113.56705620478577,113.8635462118207,115.04885993485341,94.94905701278994,95.54338169973349,68.30152210678908
2025-11-14,104.40804470221113,98.34710743801652,95.79831932773108,95.68471337579619,101.28359616492901,156.5843621399177,111.74881836596894,121.03707207473542,133.4720210664911,112.69894268224819,112.80245934153115,112.11726384364822,95.01409061348363,94.95114006514656,65.92172022227591
2025-11-17,103.45143040564939,97.93388429752066,95.79831932773108,95.39808917197452,100.2567192329858,149.55418381344307,112.3700202565834,120.45467983208182,133.5378538512179,111.56371730662214,110.53153510511702,113.28990228013029,95.93539995664426,94.84749777909387,65.66803575742934
2025-11-18,102.59729021991508,97.52066115702479,95.37815126050421,96.60828025477709,100.69680934667574,149.8971193415638,118.14989871708306,120.21817536806007,133.03752468729425,110.71786310517531,108.57794525981754,113.81107491856677,95.75113808801213,95.33609712762807,65.5713940565354
2025-11-19,102.98242360053871,97.52066115702479,95.37815126050421,94.34713375796179,97.46948184628282,156.03566529492454,114.88183659689399,120.7000532135044,133.91441737985517,111.70840289371175,109.81753272510907,111.9869706840391,94.19033167136354,94.43292863488303,61.657405170331
2025-11-20,101.3792670103163,96.69421487603306,94.11764705882354,93.94904458598727,96.6102582909834,153.42935528120714,110.35786630654965,120.02601549104239,132.4581961816985,110.59543683917641,110.38278460928204,111.14006514657981,93.38825059614135,94.37370447142433,63.80768301522107
2025-11-21,102.37511914053776,95.86776859504131,94.11764705882354,92.45222929936307,95.04374705296799,157.06447187928669,107.76952509565609,120.60249512209545,131.43647136273864,111.63049526989425,109.07378024593415,110.87947882736155,93.11727725991761,94.53657092093573,62.32181686397681
2025-11-24,103.95857732381775,95.04132231404958,93.69747899159664,93.69426751592358,95.65149054330172,156.0013717421125,106.41008327706507,121.03707207473542,132.52402896642528,110.57317751808571,109.9761999206664,110.42345276872965,89.97398655972252,94.75866153390584,62.696303454940804
2025-11-25,104.90061843307576,93.80165289256198,93.27731092436976,92.27707006369428,94.4202860585739,153.66941015089165,104.38892640108035,122.39106013125998,134.20671494404212,111.3633834168058,109.65886552955178,110.35830618892508,89.88727509213092,95.0992004737933,61.59700410727229
2025-11-26,105.62513674191982,94.62809917355372,93.69747899159664,93.39171974522293,95.73531723162361,156.31001371742113,103.54265136169253,124.23283864482943,141.1639236339697,115.61491374513078,112.21737405791352,112.50814332247556,92.31519618469542,95.60260586319215,61.524522831601836
2025-11-28,106.19073538952806,94.62809917355372,93.69747899159664,93.39171974522293,95.73531723162361,156.31001371742113,103.54265136169253,124.23283864482943,141.1639236339697,115.61491374513078,112.21737405791352,116.67752442996742,94.45046607413829,95.80989043529759,66.48949021502779
2025-12-01,105.62544713188318,95.45454545454545,94.11764705882354,94.45859872611464,97.91481112799288,168.75857338820305,105.33423362592842,126.37616035002661,155.7393021724819,118.04117974401782,114.28004760015867,115.96091205211727,93.61586819856926,95.6914421083802,67.11766127083837
2025-12-02,105.88499370514013,95.04132231404958,94.11764705882354,93.37579617834395,95.89249227222717,165.98079561042525,104.10533423362594,124.77975521787974,154.58327847267938,116.70562047857543,114.39904799682665,117.26384364820848,95.72946022111425,95.60260586319215,65.89755979705242
2025-12-03,106.20050888813014,94.62809917355372,94.11764705882354,93.86942675159237,95.7300780636035,171.2962962962963,103.56966013954536,125.12564299651157,154.3647136273864,119.9554813578186,115.35105117017056,115.57003257328991,96.20637329286798,95.43973941368077,66.48949021502779
2025-12-04,106.31523961726646,96.28099173553719,94.9579831932773,95.015923566879,95.72483889558337,173.62825788751715,103.7002025658339,125.43605510554012,151.39170506912444,119.61046188091264,115.78738595795319,116.54723127035831,97.11684370257966,94.87710986082321,66.27204638801642
2025-12-05,106.5211341497851,96.69421487603306,94.9579831932773,95.6687898089172,96.09158065699167,181.37860082304528,106.36506864731037,125.43605510554012,155.5049374588545,121.58041179744019,115.38080126933757,115.8957654723127,98.48254931714719,94.65501924785312,68.80889103648225
2025-12-08,106.15073293669029,95.86776859504131,94.9579831932773,93.7579617834395,94.20548016974905,168.44993141289436,103.45262210218323,124.68810973807129,153.798551678736,121.19087367835282,114.67671558905197,115.63517915309447,98.27660958161717,94.2848682262363,68.86929209954096
2025-12-09,106.05770679352784,95.86776859504131,94.9579831932773,92.7547770700637,93.76539005605909,156.85871056241427,101.73756470853029,125.23502631112163,160.21066491112575,118.41958820255985,113.43712812376042,116.74267100977198,98.3958378495556,94.5513769618004,71.05581058226625
2025-12-10,106.77354932437188,95.86776859504131,94.53781512605043,93.0891719745223,93.33577827840939,157.57887517146776,102.31825343236554,124.89505114409035,160.7083607636603,119.16527545909852,113.54621182070608,115.76547231270358,99.07869065683937,94.9363340242819,75.15100265764677
2025-12-11,106.995568994011,95.86776859504131,94.53781512605043,91.71974522292994,92.1988788180437,145.09602194787382,100.33310826018456,127.50546916573052,170.09084924292296,122.45965498052311,114.67671558905197,116.35179153094461,100.13006720138738,94.7142434113118,75.96037690263348
2025-12-12,105.85460577067936,95.86776859504131,94.9579831932773,91.46496815286625,91.79546288049457,141.04938271604942,98.94215620076525,127.95778395317213,163.28373930217245,119.28770172509739,114.10154700515669,114.85342019543974,99.52308692824626,94.50695883920639,75.85165498912781
2025-12-15,105.68560222087804,94.62809917355372,94.53781512605043,90.47770700636943,90.98863100539634,137.58573388203018,97.82129191987396,128.16176905339088,167.449637919684,120.46744574290484,113.58587861959539,114.5928338762215,99.95664426620421,94.66982528871777,70.9833293065958
2025-12-16,105.43365641647975,92.97520661157024,93.69747899159664,88.0095541401274,88.29045947503536,133.2647462277092,95.42201215395005,128.076036185183,166.7491770901909,119.28770172509739,113.87346291154303,113.74592833876223,100.02167786689789,93.42611785608528,72.45711524522832
2025-12-17,104.2114542981061,93.3884297520661,94.11764705882354,88.86942675159236,89.02394299785195,137.99725651577504,96.27729011928878,129.30585939809615,176.17116524028964,120.99053978853647,115.43038476794922,114.78827361563518,99.52308692824626,93.91471720461948,72.21551099299349
2025-12-18,105.03829530803932,93.3884297520661,94.11764705882354,89.171974522293,89.42735893540106,134.01920438957475,95.64258383974791,129.02796665287056,171.74193548387095,121.03505843071787,115.78738595795319,115.83061889250814,99.02449598959461,94.03316553153685,71.68398163807683
2025-12-19,105.96452924062716,93.80165289256198,94.11764705882354,90.00000000000001,89.82029653690992,136.6255144032922,95.26896241278416,129.7020043753326,177.71955233706387,122.64885920979411,117.51289170963904,115.63517915309447,100.0650336006937,94.388510512289,70.6088427156318
2025-12-22,106.64656954741358,92.97520661157024,93.69747899159664,92.37261146496816,91.60685283177031,135.97393689986285,96.85347738014856,132.12913143735588,180.55299539170505,122.63772954924876,117.02697342324475,116.48208469055375,100.3360069369174,94.1812259401836,71.11621164532495
2025-12-23,107.13185289938293,92.5619834710744,94.11764705882354,92.96178343949045,91.69067952009222,151.16598079561044,98.2534323655188,133.2022704428546,187.32587228439763,123.58375069560378,117.33439111463704,116.61237785016287,99.71818773032733,94.7734675747705,71.97390674075864
2025-12-24,107.47697625668191,92.5619834710744,94.11764705882354,92.91401273885351,91.90024624089695,145.4732510288066,96.94800810263338,133.1165375746467,188.76892692560895,124.09571508069006,117.71122570408568,117.52442996742671,99.08952959028832,95.11400651465797,72.07054844165258
2025-12-26,107.44426418273945,91.73553719008265,93.69747899159664,90.35031847133759,89.45355477550166,149.7256515775034,94.8413234301148,134.59173416898244,203.2811059907834,129.98330550918197,120.30940103133676,117.26384364820848,99.56644266204205,95.48415753627478,71.91350567769993
2025-12-29,107.06906328094303,92.14876033057851,93.27731092436976,92.48407643312102,90.51710588358569,136.69410150891633,96.00270087778529,128.41009874061376,185.54312047399603,123.90651085141904,116.47163823879414,115.2442996742671,99.27379145892044,95.27687296416937,75.40468712249336
2025-12-30,106.9217718876025,92.97520661157024,94.11764705882354,92.27707006369428,90.79478178865197,136.21399176954733,97.11456223272565,129.67244131732986,205.18499012508227,128.692264885921,117.58230860769537,114.78827361563518,99.92412746585735,95.23245484157535,73.24232906499154
2025-12-31,106.13507716975832,93.3884297520661,94.53781512605043,91.43312101910828,89.85173154503066,126.40603566529494,95.498537024533,128.33619109560695,185.9196840026333,126.47746243739569,117.89964299881,114.72312703583063,100.41187947106005,95.15842463725198,73.26648949021502
2026-01-02,106.33617201357539,94.21487603305785,94.53781512605043,91.27388535031848,88.97155131765075,124.07407407407408,95.2104433941031,127.99621592857567,187.00460829493088,126.68892598775736,119.08964696548989,114.00651465798046,102.319531758075,94.7734675747705,70.92292824353709
2026-01-05,107.01184554086964,94.62809917355372,94.9579831932773,92.86624203821657,90.11368994603657,120.81618655692729,96.45734863830745,131.5999526991072,201.8617511520737,133.0105731775181,121.79690598968662,115.83061889250814,102.26533709083026,95.72105419010957,73.41145204155593
2026-01-06,107.67496720086547,95.04132231404958,95.37815126050421,90.97133757961784,89.09729135013359,114.88340192043896,93.76547377897818,132.9184650860285,213.4009216589862,134.94713411240957,123.58191193970647,115.70032573289902,102.59050509429872,96.32810186556114,71.92558589031167
2026-01-07,107.30457355825756,95.04132231404958,95.37815126050421,89.15605095541402,88.77770210090637,120.88477366255144,92.58158901643036,131.92514633713714,204.3791968400263,130.45075125208683,121.509321697739,116.41693811074919,101.68003468458704,96.017175007403,71.45445759845373
2026-01-08,107.312787536556,95.45454545454545,95.37815126050421,91.97452229299363,92.22507465814428,116.83813443072704,95.40850776502364,131.87193283273223,197.87755102040816,129.0261547022816,120.82506941689806,116.22149837133551,102.00520268805549,95.43973941368077,73.41145204155593
2026-01-09,108.00769010060421,95.86776859504131,95.79831932773108,94.14012738853503,93.28862576622832,108.67626886145405,96.10623452622103,133.06036776444154,208.92955892034232,131.3856427378965,122.59024196747323,116.15635179153094,101.33318881422066,95.3657092093574,64.5687364097608
2026-01-12,108.17808661999715,97.52066115702479,96.21848739495799,94.74522292993632,93.98019594488395,116.90672153635116,96.97951834346162,136.42464376515107,224.0710994075049,134.25709515859768,124.40499801666004,109.8371335504886,101.99436375460655,96.10601125259105,65.75259724571151
2026-01-13,107.96831599818006,97.93388429752066,96.63865546218487,97.37261146496814,95.69340388746267,117.24965706447188,100.76074724285394,135.96346006030865,227.3548387096774,133.91207568169173,125.0,109.38110749185668,102.86147843052242,96.06159312999702,63.10703068374003
2026-01-14,107.39248205226815,97.52066115702479,96.21848739495799,98.7579617834395,97.47472101430293,106.99588477366255,102.17420661715057,137.04546798320817,240.64516129032262,134.79131886477464,123.92899642998809,109.96742671009771,101.95100802081076,96.22445957950842,61.48828219376661
2026-01-15,107.6695467322372,97.52066115702479,96.21848739495799,94.07643312101911,94.84465866820348,107.27023319615914,98.83862255232951,136.69071128717553,243.1784068466096,133.3667223149694,124.73224910749703,109.5114006514658,103.37090830262304,95.80989043529759,59.9903358299106
2026-01-16,107.60039033430513,98.7603305785124,97.89915966386556,94.49044585987262,95.02802954890764,106.41289437585735,100.04051316677919,135.85407674569856,233.14549045424621,129.794101279911,122.86790955969853,110.68403908794788,101.44157814871015,95.73586023097423,61.31915921720223
2026-01-20,105.3809431161184,99.17355371900827,97.89915966386556,94.49044585987262,95.02802954890764,106.41289437585735,100.04051316677919,135.85407674569856,233.14549045424621,129.794101279911,122.86790955969853,110.42345276872965,101.70171255148492,95.2620669233047,56.148828219376654
2026-01-21,106.60207022535069,100.0,98.31932773109243,96.52866242038216,98.47016293812541,167.18106995884773,106.18050866531622,143.01129308815703,243.94206714944042,128.39176405119645,122.22332407774692,109.90228013029315,101.86429655321916,95.202842759846,53.73278569702826
2026-01-22,107.18704931945109,100.0,97.05882352941177,94.52229299363057,96.3325823859171,173.01097393689986,103.46612649110962,145.25512919056348,253.77748518762343,128.63661658319424,123.35382784609281,110.48859934853421,101.81010188597442,94.58098904352975,53.98647016187484
2026-01-23,107.22208553287523,101.65289256198346,97.47899159663865,97.24522292993632,97.94100696809346,180.89849108367628,105.36124240378122,147.2151599361438,266.8413429888084,132.3873121869783,124.81158270527568,112.18241042345277,102.7205722956861,94.47734675747704,50.748973181928
2026-01-26,107.7588481958394,101.2396694214876,97.47899159663865,96.54458598726116,96.30638654581652,233.19615912208508,105.734863830745,150.2542422988234,304.1579986833443,134.01224262659989,126.1900039666799,111.59609120521172,103.18664643399089,93.23363932484453,52.52476443585407
2026-01-27,108.19870862634271,102.06611570247934,98.31932773109243,99.34713375796179,98.6325771467491,238.47736625514403,108.51226648660817,150.25719860462368,279.0177748518762,130.47301057317753,125.4264180880603,111.14006514657981,102.92651203121612,94.50695883920639,53.55158250785214
2026-01-28,108.18986629763066,103.30578512396696,99.15966386554622,100.65286624203821,99.75899827107455,127.98353909465021,110.14629754670268,156.79063442322476,298.97037524687295,131.8864774624374,127.43950813169378,112.05211726384366,103.50097550401041,94.35889843055966,50.132882338729154
2026-01-29,108.05001669292365,104.13223140495869,98.73949579831933,104.17197452229301,101.39361869335148,134.3621399176955,111.80733738465003,158.304262992964,301.3271889400921,138.08569838619923,126.57675525585086,112.24755700325733,102.87231736397138,93.98874740894283,50.459048079246195
2026-01-30,107.58519636707473,104.54545454545455,99.15966386554622,103.8375796178344,101.75512128673967,149.31412894375856,114.0220571685798,140.27966652870575,206.7965766951942,131.8642181413467,122.60015866719556,111.59609120521172,102.66637762844138,93.52976014213799,50.31408552790529
2026-02-02,108.16521679224842,104.13223140495869,98.73949579831933,98.94904458598727,96.99795672447215,111.0082304526749,106.22552329507091,137.54508366345416,202.78867676102698,129.67167501391208,117.88972629908767,110.94462540716611,103.84782137437676,92.78945809890435,50.85769509543368
2026-02-03,107.25619814689622,104.54545454545455,99.15966386554622,100.65286624203821,99.4341698538272,113.54595336076818,108.45374746792709,145.8936912434222,219.35747202106649,135.48135781858656,121.12257040856802,111.66123778501628,104.75829178408844,92.25644062777613,51.944914230490454
2026-02-04,106.71215267552363,103.71900826446281,98.73949579831933,103.72611464968153,102.9601299313669,118.82716049382715,111.18613549403558,146.3607875598652,222.24094799210005,130.2170283806344,119.68464894882982,111.92182410423453,104.83416431823109,92.15279834172343,49.359748731577675
2026-02-05,105.40482043183572,102.4793388429752,97.47899159663865,100.78025477707007,100.9378110756012,120.3360768175583,107.7290119288769,144.54857210429847,202.01184990125083,129.5715080690039,117.23522411741372,113.35504885993485,102.14610882289182,91.44210838021912,50.845614882821934
2026-02-06,107.48085234598032,103.30578512396696,98.31932773109243,101.19426751592357,102.33142976895269,117.3525377229081,108.63380598694576,147.21811624194407,202.4884792626728,130.929326655537,119.72431574771916,112.11726384364822,102.86147843052242,90.40568551969203,50.70065233148103
2026-02-09,107.98505434474028,103.30578512396696,98.73949579831933,102.48407643312103,104.02368103945095,107.61316872427984,108.79585865406258,150.16259681901496,216.5477287689269,132.72120200333893,121.28123760412535,111.72638436482086,103.27335790158247,91.22001776724903,50.56776999275188
2026-02-10,107.62830271954601,102.06611570247934,97.47899159663865,101.8471337579618,102.64577985015978,106.82441700960221,107.98109385550305,148.7317448116833,211.6761026991442,131.63049526989428,119.60531535105116,111.72638436482086,102.93735096466507,91.19040568551969,47.004107272287996
2026-02-11,107.62303366065595,102.89256198347107,97.47899159663865,102.9140127388535,115.38219730706764,108.33333333333333,106.61264911096107,150.7272512268669,220.9874917709019,132.78797996661103,120.75565251884173,111.40065146579805,104.47647951441577,91.7826473201066,46.58129983087702
2026-02-12,105.93754802527636,102.89256198347107,97.47899159663865,100.06369426751593,112.34347985539894,110.32235939643347,104.0018005851902,145.9882930290309,199.29427254772875,128.7813021702838,120.93415311384372,112.37785016286645,104.33557337957944,95.18803671898135,44.68470645083353
