Date,US - SPX,EU - STOXX 600/SPX,UK - FTSE/SPX,JP - N225/SPX,CN - CSI300/SPX,TW - TAIEX/SPX,KR - KOSPI/SPX,AU - AS51/SPX,BR - IBOV/SPX,CL - IPSA/SPX,MX - ME/SPX,IN - NIFTY/SPX,VN - VN30/SPX,TR - XU100/SPX
2025-08-08,100.0,100.0,100.0,100.0,100.0,100.0,100.0,100.0,100.0,100.0,100.0,100.0,100.0,100.0
2025-08-11,99.74958721782137,100.19240329433967,100.62556115679959,100.25104142198784,100.67949169655522,100.72781403808078,100.14985377017143,101.3756561082058,100.0370606135198,101.08606182678876,100.72182459682229,101.16350682837063,100.99434146412534,100.85121575676543
2025-08-12,100.88128976032726,99.27317178086767,99.69398349455496,101.25418923245755,100.06475619623384,99.69216755109576,98.50571296467957,99.8313869714876,100.58539447109871,99.88342251327273,100.15892874767928,99.63133197723312,100.62671131884467,98.96262323253626
2025-08-13,101.20714428401187,99.48813517657264,99.56223497202798,102.24299925238367,100.53093565345054,100.24181717625336,99.24926875658771,99.59065569359622,99.36999321087345,101.32749387776714,99.5004510134138,99.84568452852398,100.21472321167009,98.6030231267636
2025-08-14,101.23781923846941,100.00144706234961,99.66249326455932,100.73484106442075,100.42192162060317,99.66897856645144,99.25889176385722,99.7173367975914,99.09893175158709,101.31487661431373,98.94248241368699,99.86388085724369,102.47344096190835,97.44427628300963
2025-08-15,100.9445195991867,100.23768405651188,99.53449549203637,102.7545045028045,101.41452397063723,100.35604574913792,99.54729372233437,100.007070792355,99.37592846351973,101.60925234548705,99.4913323389607,100.15404064352136,102.16788681937959,98.14288866074672
2025-08-18,100.93434810830904,100.32927730061611,99.74973867245768,103.56085614348103,102.31917599332851,100.97674140248778,98.06411678803238,100.28910252453099,100.10095052983985,102.63982390847748,99.50002764379468,101.16307872008927,102.35695504468607,98.68730872971592
2025-08-19,100.34306428886606,101.61268922754891,100.68243943895732,103.77070991885036,102.53273291772827,101.03648802092391,97.84346740269137,101.05188879493747,98.5721757730986,102.18812089169673,100.33191010036676,102.18337955274983,104.34856913233372,99.56174407017785
2025-08-20,100.09906313767645,102.09411360604919,102.01432961383739,102.452447470029,103.95135241860523,98.25487530520537,97.41378697603561,102.10615064077855,98.9846002531321,101.81369242546671,100.16132390200063,102.71908443522109,105.64291468106116,101.37688506173397
2025-08-21,99.69824831795943,102.50089370358491,102.6566937254908,102.19666551401743,104.77670814522281,100.05576300186465,98.16944329463018,102.93646037156905,99.26770733207255,102.71813723535783,101.32831588457182,103.26872684158491,108.76215928431317,103.42227171631302
2025-08-22,101.21231027036298,101.37028434368096,101.25354714575158,100.72250006232746,105.37377317058309,97.74600378975707,97.5316366497901,101.39660639780472,100.29602132015947,102.67207106783583,100.76788738485969,100.85747247535906,103.65581160169752,102.40127884330357
2025-08-25,100.78049953253938,101.32761982084114,101.68738473440283,101.56816166092031,108.03033741533454,100.28350984596457,99.22090839118648,101.07810341127515,100.76738455319646,103.4508696268254,99.94655573422413,101.6873167133529,102.326704633825,103.79379978823408
2025-08-26,101.19712563296706,100.10307167831063,100.66469558232029,100.17314359286382,107.18522369422972,99.98467774203964,97.87350549197089,100.56333186541045,100.16801449589374,102.37132856542152,98.92293168209633,100.23155864889914,105.6733320242288,103.83487359656627
2025-08-27,101.43908637238783,99.96520531986368,100.31294853551441,100.2309095495305,105.33341734766444,100.62770819371931,97.87959233666076,100.18256887454051,100.9695068499028,102.79206395502447,99.56145288911318,99.99247820258131,105.39276454433568,102.05268088361248
2025-08-28,101.75930110623943,99.45484482403273,99.57938283625944,100.64047460140031,106.86099200358257,99.15145873231688,97.85201008196486,99.68451068325514,101.98462754540401,102.88980096784192,100.10133530822063,98.82613463687271,105.78007045856546,101.81904328091409
2025-08-29,101.10822634417667,99.45711303549804,99.90005714351116,101.02763452523958,108.34365203111666,99.77613999450556,98.16445443311574,100.32641759252596,102.91282113854561,103.30765725095286,99.9917243837771,99.1619048010391,106.70032634483073,101.74701981257408
2025-09-02,100.4083268975027,98.87972916370077,99.82283431647157,100.7602673772987,108.94586357399376,99.57475932879107,98.42489959322384,99.1064489547877,102.83358252409496,105.09832831292616,102.47069272511202,100.47753396741521,107.44408437443032,98.7300654842318
2025-09-03,100.92041675754268,99.03364217715786,99.98410990462804,99.36853414748516,107.65385117312054,99.41401857081587,98.29805445623386,99.67242160873575,101.96801447503594,105.39560501456494,101.78639798864475,100.51858007717036,106.5670859878912,96.96626933034325
2025-09-04,101.7627476444707,98.80844024622988,99.57655043139908,100.0531055251505,104.49764617029867,98.91655754532498,97.98676027387265,98.56762169022427,101.94072061036957,105.8195195028534,101.30947652534242,99.76419128560346,107.04896559667314,96.98085013412647
2025-09-05,101.44065298067477,98.96361044724337,99.79886883956026,101.40438549340709,107.1136452078006,100.5222444903933,98.42963456178707,98.88059389650064,103.45891575540156,106.56462184788025,102.67032234459863,100.10807266444866,105.21610739688008,96.39539965998641
2025-09-08,101.6542848570726,99.26449744960226,99.73222203772991,102.66158234102937,107.06224298922571,100.52721991474765,98.66622108344788,98.23650672939642,102.62731220164423,104.9391786729877,102.74254038843746,100.02750353044365,102.81826198026536,93.68137735532403
2025-09-09,101.92754719426568,99.06113963054915,99.69232746449035,101.9534767409647,106.02678720293963,101.51484487119346,99.6382984227077,98.02544266488054,102.2270845407159,103.45884644749412,102.51738918078021,100.14370401422781,103.56110410874646,93.75863426058054
2025-09-10,102.23164496774086,98.74859330664978,99.21145657707481,102.53522788411156,105.92839879300904,102.58684791743511,101.00205729393674,98.16323898494375,102.44867804472517,103.01942078062281,101.89182068910705,100.26537774647952,103.44878996985261,94.37325485132651
2025-09-11,103.09917150111794,98.45663849632803,99.14645450992614,102.9128746764402,107.4629888951626,101.81698717044661,101.04868864801222,96.8542671611712,102.15906933385281,104.17542445071672,102.8122927358404,99.55068544161139,104.06205344473005,91.78090647962631
2025-09-12,103.04939920954294,98.41727808921547,99.04188405660389,103.88058331050078,106.8993937452699,102.91218694724455,102.64953855608927,96.90104723812851,101.58062787312774,102.38481275688738,103.2719706574591,100.0309314503145,104.69430845211294,91.72927984128238
2025-09-15,103.53441349318953,98.36582080079135,98.51144130927548,103.39394736985827,106.65879388077289,101.95771631152053,102.52281798535216,96.80535362692295,102.01084021796783,103.02492512694256,103.29247196438118,99.38472366420214,104.8350774896867,96.8294550388961
2025-09-16,103.40106838099973,97.36662780478466,97.7733102474091,103.83750818778302,106.5673657447466,103.18621825876517,103.92974116240113,96.44204267376976,102.5089611462898,102.90240281623373,103.42567703158319,100.18731212703777,104.89420444653305,98.56461060031889
2025-09-17,103.30075195669374,97.43287037615444,98.00352985599316,103.67934644979475,107.32376209264048,102.51512941797063,102.93837684506553,96.5356985348409,103.69960298881675,102.33326254706942,102.68276428678615,100.64677889729478,104.62991816200027,98.50937677941944
2025-09-18,103.79547156972775,97.73980093065222,97.74550533148971,104.36711172810809,105.57033733805076,103.35451238823718,103.88538429628558,96.09634430087624,103.13860833672919,101.84551225043165,101.74161264496652,100.53621426628538,103.73505631961501,97.00605614036579
2025-09-19,104.30255592524114,97.10690177713714,97.14971411366315,103.26911057385352,105.14608685816694,102.08974768221123,102.900656270973,95.85100293210111,102.89509568533097,101.35037322451498,101.0427807706644,99.66749519150221,103.1081897253833,98.68713813506011
2025-09-22,104.76253504426319,96.55665829422394,96.82820914115113,103.83789258611485,105.16549930119079,102.84248396249573,103.1449799549133,95.56332498737284,101.91246376833618,102.1353335291745,101.92046154631961,98.7413195405247,100.45113607180608,99.76394202449258
2025-09-23,104.18611489856708,97.36280143387036,97.32846475987101,104.41238615688997,105.68116944428978,104.87697828214087,104.24010111198712,95.89933856000798,103.40544637021523,103.03688714431843,103.0861213770495,99.1581993784137,101.10958648302417,99.12344929150582
2025-09-24,103.88953684486926,97.45248943563637,97.89320576012159,105.02497720685582,107.06836518524707,104.97345464484134,104.11637346686288,95.24725242586099,103.74795845210305,102.96941542081386,102.61420505713367,98.99640339094088,103.18130530114166,99.71503372617012
2025-09-25,103.36914778190429,97.29590302716194,97.99835129878961,105.84197771845088,108.25349922138602,104.80568173625646,104.60948297173987,96.19749774699393,103.42642224083241,102.6438618056398,103.19591461468858,98.83543518657211,103.99112513216657,100.31065864835722
2025-09-26,103.9792156168073,97.48094549258789,98.1725019775217,104.30125291405858,106.60064893820476,102.41501952813053,101.44728870995046,96.01379966101943,102.91896690733458,101.84511833293064,103.1900195171524,97.32335514228329,103.04614931467464,97.73819924759428
2025-09-29,104.25325743714806,97.40178688921031,98.07273413767108,103.3132188300939,107.95621404968436,102.14580973007081,102.5300761747548,96.44685627316171,103.27664537694933,101.27930675035664,103.41935030922447,96.98957519014803,103.30672854559776,96.58026825156715
2025-09-30,104.67974170679604,97.46768091710804,98.2044981863832,102.63847340939336,107.9967245598504,102.6849732647133,101.91563731802738,95.66274644781532,102.78574511854985,100.57640603871809,103.50048759291582,96.50110130887188,102.9355620357321,95.87327390098791
2025-10-01,105.0356445416234,98.25812399108547,98.87658213475736,101.4215577175253,107.63078839988624,102.98057212021033,102.49655775294666,95.94658409439128,101.93334471911142,99.88576460211587,101.53348996216319,97.05414305672042,102.99973654319732,97.35402971308123
2025-10-02,105.10059382860265,98.71566868450317,98.61986559266825,102.2368083295757,107.5642755219953,104.48340832188492,105.20106618486437,96.37078609233298,100.77286728077277,99.38071650509033,101.94687159564533,96.99416625582626,102.34013774280051,96.1007837434525
2025-10-03,105.10747926307357,99.20482612124584,99.27781996832307,104.12464509670849,107.55722914645942,105.99220011630712,105.19417461965355,97.23751162840001,100.94197544692017,99.26946862481853,101.55373334012832,97.21411187085933,102.31747666418904,94.15129110671717
2025-10-06,105.49076335396008,98.80799400831776,98.7909001001141,108.6770148886336,107.16643687725053,105.60709413383995,104.81196813726834,96.57132051201978,100.1619205427596,98.26562433780214,98.60513511781777,97.57448973692775,105.20555552357602,92.74096692174753
2025-10-07,105.08869524761353,99.01731595892792,99.21532331147831,109.1067372228093,107.57645439852261,107.79729929521848,105.21297748896036,96.62563084707881,98.96867839285518,98.61366732786384,98.67360665176828,98.0675207690418,105.09515640209153,93.7829841909948
2025-10-08,105.70111681594278,99.22524760859342,99.31957320965938,107.98619701248748,106.9531673141225,106.58877961254332,104.60338415046631,96.45103355692495,98.94443553785887,98.92402630969774,99.19802596130805,97.25798963074138,105.21395343773068,92.74091667805595
2025-10-09,105.40984994643728,99.06764840878695,99.18234232463274,110.20244642043708,108.83843456501927,107.82419158778525,104.89242260613881,96.0923534318253,98.91267754062567,98.1874042370556,99.35899640940688,98.05493638393105,106.48897602217089,92.74393978254726
2025-10-10,102.55201254142531,100.55577658908368,101.06793939792311,112.12713850910825,109.67065109320555,110.82894985871899,109.68034423533553,98.04461006438437,100.93166185568137,99.28845076534085,101.70741502035084,101.20190063558758,111.69427987000343,95.26962309464761
2025-10-13,104.1516877262125,99.44481412331122,99.67818896455888,110.4049676549429,107.45162479077179,107.61384041753253,107.21657887830543,96.94931008008308,100.16065470334867,99.10138246735283,100.93256940229605,99.41895816031537,111.73957689029722,92.36974405504529
2025-10-14,103.9887604643702,99.23325421436327,99.93902987050016,107.72322245961475,106.33354270415569,107.26093786914855,106.70332728315147,97.10120808865932,100.24656825356963,101.7261814326069,100.66102580556195,99.25165590218865,111.99306629600751,90.41303258838059
2025-10-15,104.40741933457511,99.40081667441692,99.24323616585285,109.18151131244625,107.47564437749288,108.75492144500305,109.12404710229747,97.65374934920264,100.49339379090057,102.43382328622886,101.66251248022877,99.55363297348188,111.31964909671461,91.34305992150318
2025-10-16,103.75023862118906,100.7140183681189,99.99203568977225,111.26762395454854,108.44132880399775,110.93709533574243,112.55037951595952,98.89875997007843,100.8436962607581,103.07780127131814,103.8119478598819,101.21975841654836,112.72881938002308,91.09857472543692
2025-10-17,104.29707661723266,99.23783998802121,98.60845025056642,109.08949039395304,105.43925298218082,108.976392805622,111.9758006947314,97.7102993066784,101.1605237084475,102.73799376072807,101.94571249938689,101.17921235768928,109.63524982267106,89.20519019096238
2025-10-20,105.41016326809466,99.27197048346832,98.07825168219563,111.57466496602395,104.88017646684887,109.35111053716922,112.7380138782933,97.58563768458077,100.86757359476945,101.98458302859916,100.75228719624576,100.62985557001896,102.64640113589938,90.64627178931721
2025-10-21,105.41360980632595,99.41091125705465,98.3193051406144,111.86717565394473,106.48636790804184,109.59941431007975,113.00473492384498,97.27255222823129,100.56821451079252,101.48012400973401,99.28107392624987,100.72566117912602,105.11412401495468,90.49469108655713
2025-10-22,104.85096052957168,99.76829628849325,99.76973509850431,112.44861510998014,106.70228298551699,109.77661057850356,115.38906116994714,97.36073341446159,101.66058699797904,101.29386944193868,100.69155660112142,101.26617335113465,106.50445992453643,91.71164207075262
2025-10-23,105.46196832944688,99.56117748364912,99.85440876021383,110.2866780319546,106.40227199894923,108.68014408237518,113.59450770650116,97.15051068998793,101.6633492012706,101.82197676469215,100.44088362780697,100.76821105764853,106.70451251714341,91.67217759926436
2025-10-24,106.29537337013512,99.00927816020175,99.76500450073709,110.90227651472424,106.81336333011022,107.82804133293958,115.51827639697183,96.49978378133693,101.17859720820792,101.40755018505378,99.05969134449398,99.6064777332626,105.80369704264767,93.8130549488963
2025-10-27,107.6017489156396,98.02295990789017,98.63755681359237,112.25067789358194,106.76933049876116,108.30390203714728,117.04685911886004,95.2575678774929,100.49510466924603,100.4297521240709,99.00100291546232,99.0490799543178,102.16282121336843,91.92569974307293
2025-10-28,107.84793567643929,97.58395580904342,98.84992727759284,111.34449945206984,105.98246297365772,107.8848252242626,115.84320179896612,94.88130928292703,100.57938851294794,100.46744235467544,100.26787029001092,98.70937380466161,104.53153162265423,91.86500862206778
2025-10-29,107.84323585157847,97.52719153813874,99.45979349117046,113.76278093529173,107.24901290656308,109.2237323933334,117.89170846950792,93.5065582718607,101.40522455128043,101.49839486750105,101.16263873775773,99.16164403605724,104.56182858738161,91.8690121133202
2025-10-30,106.77506882759774,98.4052670092257,100.4951417928987,114.94107282616292,107.4566212628516,110.2882850327815,119.23855470616982,94.55246804176845,102.52116648324963,103.63921127676944,101.42795527496169,99.47689433362686,104.2764901724548,92.49973760662249
2025-10-31,107.05459759793862,97.64634606560364,99.79309511787979,117.06603978390868,105.60037953966402,109.78962575137305,119.52695708755567,94.09261788542676,102.77595102572634,103.36860037413362,100.96899520289715,98.619997223139,101.85301494917356,93.40083113085167
2025-11-03,107.23880780650843,97.54508768728053,99.45887237493885,116.864948779205,105.70828088780925,109.99404455826284,122.6440529047361,93.91723940677781,103.22637023758736,104.09819753152543,100.61042084659813,98.60847521555654,100.18310792821028,93.99564421868428
2025-11-04,105.9801641408101,98.41035346148523,100.78104768571718,116.19033805421795,106.16598974469771,110.44392003774202,121.1573092920832,94.33587435890482,104.62584306455194,103.2428128006159,101.37768783693757,99.13782710103169,103.5595565163462,93.85396093311371
2025-11-05,106.3673685734098,98.27894786200096,101.05625346313806,112.87881119336036,105.97551754125776,108.47832299709108,117.28023326583568,94.52458900815436,106.0366967916592,104.07220415564757,102.6078321490697,98.776940048859,102.5714302691981,93.99443141071201
2025-11-06,105.17837401955157,98.69480351030252,101.76694531835851,115.68126974707336,108.70555880080911,110.42652490111846,119.25853565222732,95.20167705180472,107.26630691664518,105.55510715310601,103.30050723285014,99.55034870381492,102.8033271193256,95.9486131727902
2025-11-07,105.31109248842658,98.03062992424235,101.08319654199285,114.1565361140056,108.23062932442289,109.30685016720507,116.9579641054612,94.5636277009435,107.63758092618212,107.0432666646894,103.63310259018601,99.35707315210918,100.20852222498358,94.54050299182846
2025-11-10,106.93299058491345,97.91636106806386,100.62524978385781,113.84589735620598,106.9593891431473,108.49802586888819,118.66479731120461,94.1921973442427,106.82638861296412,106.02455209660917,101.60692775512103,98.16502434321191,97.57826121049496,91.95174023677757
2025-11-11,107.15491402224461,98.96051388959428,101.57059455799448,113.45652168850708,105.76291314009691,107.94480434395155,119.3827877768244,93.6488613531415,108.31575316034447,106.35983361499008,103.36878729066632,98.42367383241088,98.31637311436512,89.95329858293964
2025-11-12,107.22236988248297,99.5971953876221,101.6278920871366,113.87661464085429,105.55420389226298,108.50641318832413,120.58606425328588,93.25459941777642,108.16821570809307,108.29633238094904,101.48792941318862,99.05405766858179,100.98758813364937,90.44417307255138
2025-11-13,105.4471046557,100.65513901064449,102.25724028679099,116.28932294585499,108.62883505011678,110.161330270857,123.21415926531903,92.6538702063447,109.66101923330311,108.0774168952767,102.11670250107434,100.7347320096452,102.24680749981177,91.86115347260855
2025-11-14,105.39419914755112,99.69109943740277,101.16830655359973,114.29376207068157,106.97445960699805,108.21773590031502,118.57449435693673,92.68854191525038,110.11835726686334,106.93614287963551,101.8398557537535,100.90563736547185,102.69926350305798,91.36344697950045
2025-11-17,104.42854944146976,100.06508612756686,101.86229799917234,115.23014763073701,107.26178514549206,109.41698863091574,121.9882585347338,92.89935848650032,110.6111867229951,111.3128713045212,102.78156783633968,102.24512148410712,104.86731822390156,93.36366476731114
2025-11-18,103.56634173427663,99.16147374184604,101.40322265246719,112.4470033320456,107.45240230452644,107.54957911658141,118.92410828854263,92.93239544078307,111.19757486848172,111.16187669129829,103.06495514373859,102.68653562074563,105.99332414611101,94.4090619888152
2025-11-19,103.95511277516327,98.76777191287812,100.54924383175184,111.64629769462925,107.52155934663077,106.44255716774293,117.75684439540053,92.36116742653986,109.97381989759498,111.47118692070994,102.8387559799773,102.86554660908178,104.93655687769807,95.59290713271098
2025-11-20,102.33681405674055,100.72614919077164,102.35671569605339,116.41720338346259,108.66615772755428,111.56821786269693,121.91242685095793,93.49363773075525,111.71288607276098,112.41382887936379,103.7777811240943,105.05171428981089,107.23230973588049,97.77977493074187
2025-11-21,103.34207220551089,99.42265792121377,101.48934433555164,112.5126348116282,104.98448547359862,106.48915462046298,116.15683314811174,93.3184698896796,110.19150123769748,111.59856713876249,103.11002244539405,103.53732316573199,106.3252015814922,96.32709576333431
2025-11-24,104.94048646167687,98.04414952394289,99.8932090213124,110.79888442276015,103.2563366499192,105.14206406048775,114.1738370544334,92.3596923673698,108.86889811496354,109.63480124476403,102.59848048641851,101.53531893058272,105.61338147088104,94.55730851783322
2025-11-25,105.89142533384424,98.04920051612311,99.77087767581435,109.87983871039431,103.30349860017812,105.80157661994622,113.49331405716178,92.25545382565899,108.33078277243303,110.28870313015256,102.8023938877345,100.33394920369317,104.29573175725886,93.44264195494183
2025-11-26,106.62278686011501,98.43952479113507,99.93255588996233,111.14350925395308,103.21683474216682,107.01777895201974,115.72686104205458,91.85136416796068,109.41275415604194,110.0549356071903,102.14270251937126,100.87951676133405,104.33700678927984,93.29299791423585
2025-11-28,107.19372769780264,98.29376241819834,99.69700625000857,112.10151206160224,102.87242928565657,107.29028412417793,114.11422810843615,91.1896614023506,109.1849865354903,110.89515668601817,102.16747397833232,100.33320866459634,103.801244175647,92.66048934805204
2025-12-01,106.62310018177241,98.62095261153836,100.04517036907117,110.56953760872005,104.561338643926,106.75583146635445,114.54321424535092,91.25003718702102,109.4511243047313,111.6586006878055,102.64052712371425,100.7654654299513,104.87966000920441,95.01760469548584
2025-12-02,106.88509822328281,98.4441959258146,99.79242968264136,110.29888853934438,103.80018407757954,107.3577870035599,116.43555775506881,91.17387221000456,110.8908440549629,111.41202324686508,102.8230998961091,99.96721622975319,105.51861916220572,94.84455260747542
2025-12-03,107.20359350901457,98.24891094941212,99.39616735390283,111.22301915376562,102.96265138552987,107.92720374276247,117.2918156839527,91.03843158608143,111.0163786014154,111.40496828249624,102.15913181944354,99.49333253049363,106.38497322049739,93.826146821326
2025-12-04,107.31940789237386,98.5891206803222,99.4814970585479,113.69590955855014,103.20378150161493,107.82109052996913,116.93911231722956,91.01839866868488,112.7479430605239,111.32127089789404,102.23729911220141,99.56858818448524,106.67649640844456,92.72020291124115
2025-12-05,107.5272471391058,98.3849587453775,98.84076096651401,112.28297599807047,103.86453383077459,108.32961829032395,118.78572159622227,90.78867084322515,107.68119181526738,111.57750740257082,101.50068218015429,99.95901925373661,106.25354541951786,93.29412648797883
2025-12-08,107.15334741395768,98.66002899245598,98.96075080804088,112.87577006417808,105.07308182908741,109.96207165180914,120.79340435113612,90.96573877836977,108.61865732582882,111.96684474346942,102.09543946212902,99.442499883379,107.07336345715461,95.16871447843937
2025-12-09,107.05944262064068,98.6458342425373,99.01592281726002,113.13817939846771,104.62980374967961,109.5873170999659,120.57054401959127,91.14511864891671,108.57215057197426,111.59761424011805,102.45309550170056,99.06620713377443,106.5838572525786,95.66811719496991
2025-12-10,107.78204642448787,98.0523175494117,98.48999881793749,112.26363752083057,103.78377439673258,109.69511657376391,119.51507913878243,90.53405389720082,108.59094868262436,110.74489555127,101.31042125692886,98.09109908951035,104.47201923035485,94.65062516675974
2025-12-11,108.00616311342075,98.3853334870835,98.77046409340755,111.02560980203377,102.67428484827596,108.01832161985689,118.56388116996486,91.15169218248857,108.44336658826057,112.6067652044317,103.17718068099322,98.42168556643551,103.04025111522745,94.7898862733859
2025-12-12,106.85442326882524,98.91550219239159,99.27813084433186,113.76130146600498,104.43675937168628,109.85765531707861,121.4902108383759,91.84969278071472,110.69828780248925,114.228544323146,104.28928504137491,100.05257233938003,101.05172124793307,96.47386222506331
2025-12-15,106.68382344737273,99.81041423475487,100.49092202340056,112.44500156632601,103.9440676400003,108.74140163198469,119.44858102862865,91.72864160391188,112.05834180314763,113.3355246772262,103.83313272279284,100.13696696292979,101.36564721976002,97.86707018455988
2025-12-16,106.42949796547256,99.57834665878575,100.04390483179431,110.95043090411659,102.9448823363166,107.70936482024001,117.05692817196326,91.59507347095384,109.6273197799752,112.35143984271869,102.30904867176824,99.731436244554,103.78311865835306,97.18032386244411
2025-12-17,105.1957519085492,100.7444736652236,102.1529213198739,112.54487168063831,106.05856899713015,108.92712066104342,120.12606670101857,92.42993744774635,110.03832712318655,113.06765159552734,102.35843916548777,100.73897622944659,104.3449627975958,97.78275679244437
2025-12-18,106.03040259387538,100.91681398986401,102.00669912246916,110.50704120671173,104.60147213314686,107.84728689690341,117.3617879001916,92.29499647356955,109.58575713383763,112.83885888233402,103.63035745151923,99.93436534666571,103.82466766609451,97.42766515524623
2025-12-19,106.96538498749082,100.39526442710056,101.72815812618352,110.67159788749552,104.03754829905407,107.79124701301129,117.09431854306918,92.1117708901071,109.00596855181435,113.05946860563208,102.9815659115956,99.6396908356455,104.52891034970415,96.63441465072485
2025-12-22,107.65386729864919,99.6258609498244,100.75638902919914,111.9521610940517,104.35530896411977,108.85476019034654,118.8161620532825,91.68705204202026,108.08236332817758,113.2644977562396,103.62057758542788,99.78788097426713,106.65397721727065,95.75532516954814
2025-12-23,108.14373424698947,99.50923902340838,100.53635057556731,111.46821521737758,104.08783042620601,108.98078544312798,118.60605875537694,92.12969703641643,109.16724287729068,112.90706054401805,104.45253671677091,99.35389253029048,107.64634511003112,95.1471300572096
2025-12-24,108.4921173620395,99.18464682841874,100.0256373631198,110.9587059398353,104.05277732869742,108.86685475190481,117.97538558590743,91.69585106593442,108.81669184132829,112.36341202770343,104.15048950573022,98.90225039801929,107.84761084997501,95.25942687896158
2025-12-26,108.45909631614737,99.2148442105283,100.056090790024,111.88822629556275,104.60512859921825,109.60639956586726,118.61620728951515,91.72376843763502,109.14885788622581,113.43816915433553,104.21384253953872,98.55467792474802,104.83247239801756,94.90416981708545
2025-12-29,108.08035156829716,99.65553755561344,100.36450150418142,111.78590923780727,104.56896226683017,110.97218613860578,121.65135330432764,91.79646958246937,109.25472861091683,114.25408343658054,104.11812534280382,98.51951550363677,106.52100734737576,94.02696918118232
2025-12-30,107.9316689788786,100.39063457316033,101.25837451103259,111.52463720007124,104.98182056804724,110.72484967133171,121.63449966124244,91.68541700188736,109.838157044545,113.97347569783444,102.69735392184299,98.64287283850082,107.68798813854772,94.74140248597634
2025-12-31,107.13754377523863,101.03409156357787,101.91318014116997,112.35128042994758,105.27468992742858,112.54211473406248,122.53607924212,92.06115823210595,110.65229974146389,114.81827021531916,103.36468335648972,100.10481397821336,109.61602169335072,95.79538605679916
2026-01-02,107.3405379992685,101.51565100409259,101.92283811947588,112.13881027268233,105.07560247742951,113.82711864570571,125.07480449823967,92.17976718700042,110.0409040070264,114.02416004642359,102.90140367589909,100.6762570843241,109.40872424841864,97.62524899732445
2026-01-05,108.02259339545456,101.82394989474979,101.82308887075003,114.73635720783233,106.39231732042676,116.01892178739266,128.550069426797,92.0713094978507,110.25272331959385,116.18271130524414,103.64340239482097,99.74325999568232,108.61351574595443,98.7267315042596
2026-01-06,108.69197836949549,101.79049556334445,102.39119210601366,115.5373317310741,107.37205379280648,117.10937230040763,129.7062104143498,91.09520478609873,110.78821153460167,117.99625858950122,103.01757811305272,98.85860312970959,109.39616330547777,100.81677312590793
2026-01-07,108.31808628633901,102.09291862465457,101.98825572972446,114.70852615966223,107.42719071143843,116.97235948886376,130.889617127626,91.15099574674389,110.0236012583074,117.85107666486006,103.13384353316638,99.05603776141736,111.95220919511284,101.20734564207619
2026-01-08,108.32637784727235,101.88937076474458,101.94472441540121,112.83512951218877,106.54165094445085,116.67548884237729,130.91727156410732,91.50421806654793,110.66806347189053,118.26762570997187,104.15815160217157,98.04852702428114,110.73011116466247,101.69706443767579
2026-01-09,109.02784390223326,102.21290894130635,102.09462783971233,113.91334074678718,106.33139522320181,115.65146913093743,131.04502689602134,90.98624002370771,110.2488103430047,117.64740521360967,104.34346929375124,96.68904884777281,109.60287821069805,101.9871577527461
2026-01-12,109.19984985014818,102.26616256600374,102.09590742138148,113.73391035212825,106.85532048394633,116.53036642778724,131.93608434232274,91.25840932711647,109.92694814497517,118.93462129574124,105.25617115142269,96.93874610149122,110.17329173628056,102.27618379220846
2026-01-13,108.98809790369471,102.37932179924401,102.2604754851073,117.48558298461667,106.41734123941245,117.29125773711615,134.13180832785002,91.72607904795579,109.34574537642536,121.1936179871574,104.81571621961443,96.9088455156856,110.86333689394381,103.56847765628689
2026-01-14,108.4068250933049,103.11711914399298,103.28544630131431,119.86263636315613,106.55869879012656,118.82091284313658,135.72633748376936,92.41984896121572,112.08553871312064,121.46994852195428,107.07054648557313,97.17592494835567,110.27822955397002,103.99165197089388
2026-01-15,108.68650670347866,103.35798076330698,103.57186762359565,119.04657454453933,106.4973942196663,118.01262199948961,137.51101698927158,92.43666973334629,112.08301741640969,119.73738724114904,105.6006847790882,96.92586337232372,108.9504332384972,104.45188728135074
2026-01-16,108.61669710981406,103.3924364075883,103.60148957036357,118.73930387890937,106.12722529081798,120.38089978418903,138.83813758406208,93.02135908236727,111.634585643597,120.55180594213543,106.44832378746752,97.09680293947902,110.77065876358023,106.29639947489025
2026-01-20,106.37628677765794,103.58022380545665,104.66199012614645,119.11572407247787,108.06480688005051,124.29101840363201,143.080361516964,93.49729491513072,115.00727013520118,123.11967558637356,109.56809592986079,97.35972586803496,113.38959329701517,109.71133315893802
2026-01-21,107.6089476717679,102.37163007073748,103.57863842709132,117.27025835020535,106.9218008271205,120.88026482580972,142.1413810659639,93.15148443261072,117.47761356894554,122.75112717191465,108.8774950575764,95.95839691636273,111.8096297247904,107.79712771839583
2026-01-22,108.19945200806322,102.85863067184576,103.13487824922794,118.65071256641795,106.35267646811195,122.14319082569946,142.59216675993733,92.66826484852085,119.4019205444803,124.82364501438028,108.77961690875601,95.93695673726934,111.30472209573642,108.24745300810253
2026-01-23,108.23481914538998,102.73720348149521,103.03403517746274,118.96095851391446,105.8404883047155,122.93187603282902,143.62606324831916,92.92408188746572,121.58524883861483,124.7004472483216,108.50091377558422,94.99072791909785,111.02308963112013,109.4011820089773
2026-01-26,108.77665163690698,102.43214017303121,102.57548693771356,116.25452399778212,105.41332952378659,122.71376269653835,141.7513337840558,92.94088133770909,120.88636657010315,124.57755095216119,108.76923424286058,94.51756514009249,108.05199271136894,110.40294831132074
2026-01-27,109.22066663538546,102.6081561588592,102.75187824568972,116.76335754569295,104.95641717142357,123.18073600195207,145.03303583386784,93.26716332538554,122.54955818340487,124.92988977412247,108.59762758672191,94.60965169984826,106.95612735341955,109.36727974999908
2026-01-28,109.21174078914568,101.84665044021011,102.22300894743299,116.82800988076245,105.23934967476536,125.04297753900038,147.4968906208947,92.90400504159129,124.42702662914658,124.95493032860969,110.31274653182483,95.2463401351831,105.76011868247697,111.88343657824763
2026-01-29,109.07057027751281,101.74888034628088,102.53000074767466,117.0162491185948,106.17689734653995,124.18364288299313,149.12845519357788,93.10536692194682,123.53755651048976,123.99618631692736,109.71773083040854,95.65618490805839,107.05559180886128,115.56813066430539
2026-01-30,108.60135963258526,102.83815562856076,103.49717076573263,117.4056717981531,105.56948086277391,122.90888172739223,149.86197365270323,92.20521124538513,122.87224296709638,123.41470050239458,107.18933839504503,95.69813512798271,108.09486138909845,116.1278619492403
2026-02-02,109.186858464354,103.34303225764405,104.13054112073938,115.31391524066696,102.76423846264426,120.57327539956884,141.22106718123533,92.09514444135507,123.17663700426442,123.42621645402254,106.61455097748369,94.31189728691974,106.16453119253084,113.69105412082139
2026-02-03,108.26925395973619,104.32355734237366,104.73920309320309,120.85292593840387,104.85306307296118,123.79193669891981,152.1550906459288,92.2554651870491,126.17844110543157,125.84559569935641,110.9156777328899,97.53425559708886,106.71067696006997,116.79577389680685
2026-02-04,107.720069872258,104.88766538717962,106.16878760590569,120.52054297762578,106.26001637221478,124.78807324254015,155.33174688844926,93.97148737171271,124.11268583119515,124.48769401803435,109.87552925452921,98.21612230797105,106.74466590546274,117.52566450791086
2026-02-05,106.40038961930196,105.07710175413958,106.52340231660303,120.94715183451808,106.9308324957957,124.42437327637244,151.18213191115166,94.1487891081109,125.94180526281107,124.10955778476298,111.44481166729472,98.92045695188881,107.0402143829086,116.39599031800738
