Date,US - SPX,US Cyclicals/Defensives,US Growth/Value,US Small/Large,US Equity/Bond,US High beta/Low volatility
2016-02-21,100.0,100.0,100.0,100.0,100.0,100.0
2016-02-28,101.57838850487708,101.05500452135124,100.66540217123116,101.13430667004867,102.07255261451064,103.19992889140079
2016-03-06,104.28672525949918,103.53717648745477,100.0263096083074,102.79640623337656,106.34287580190514,111.72986513025056
2016-03-13,105.44431115739876,103.05577934505583,99.65714991950738,102.24124931979543,108.62652209615786,111.06935391546422
2016-03-20,106.87253213688159,105.33392786254177,99.95278508608801,102.19369545392149,108.05214104228007,112.28137321386322
2016-03-27,106.16128598193279,103.75060174381558,100.7750659142313,100.80566261479727,106.98809087283207,109.07988135724753
2016-04-03,108.08226165838364,103.47198318476076,101.91391384121718,102.39061224020989,108.03885843918985,107.36336241310337
2016-04-10,106.7692824153904,101.13701196637088,102.30226407170011,101.69650329615907,105.69913302022576,107.8261523425821
2016-04-17,108.49680091994796,103.84878239026575,101.53233820940734,103.13653259658821,107.50073812367305,112.74867352860522
2016-04-24,109.06256432818554,105.16759062159639,100.17240440146242,104.1561584057794,111.08128039141216,119.16510862888208
2016-05-01,107.69222837226728,105.42342260013709,99.22562689509856,104.02465661395775,108.813695018228,117.18256372103355
2016-05-08,107.2667282562299,104.77875349737475,100.08631414852528,102.8406875709153,107.6016856713939,110.17169564869408
2016-05-15,106.71766073723903,103.56595271995081,100.30308756725714,102.21841422865343,105.61791197333939,107.91560211416052
2016-05-22,107.0154051563373,104.687230443658,100.12252046016708,102.96962752950603,107.72913245133819,112.28989075026246
2016-05-29,109.45259761430192,105.05846918588355,100.50850562669247,104.14004544890787,110.47398921832885,114.7798576857166
2016-06-05,109.45623850208275,103.00833572174706,100.63064501623413,105.44102065126495,107.69178691611,113.7714310862403
2016-06-12,109.2966886889456,102.00186170894845,99.87766941930818,105.6277332326684,106.34699583735224,110.84577798586442
2016-06-19,108.00091455027334,101.9779572719858,99.75863738519011,105.02884382953192,103.909927826119,109.88733696748183
2016-06-26,106.23794194617165,100.39500642373551,99.49172253314498,105.10097119447033,102.0762970199956,107.29572647092924
2016-07-03,109.65543070874972,99.29006336519699,99.49137234396537,104.40303076465386,101.89420159884757,105.47501020411138
2016-07-10,111.06069881876107,99.07833223455113,100.32203805289537,104.83858372370909,101.04098932944522,104.33811525981741
2016-07-17,112.72095637719954,100.86893722471804,99.55561640566313,105.88022091909679,106.41276897867141,109.3750137008689
2016-07-24,113.41394717173674,101.00134280843602,99.8035278126948,105.9236010518041,106.791569854707,109.82414904736882
2016-07-31,113.3393853544907,101.22639627990391,101.0221370457822,106.57442120545994,104.65161121314873,111.1795896337719
2016-08-07,113.8227577637158,102.1653334201982,100.98385212695253,107.05611876039806,107.87541855374397,113.17506203767165
2016-08-14,113.8842836750612,102.19324807433662,101.0898980231675,106.7835532321885,106.40999897380068,113.28486958399013
2016-08-21,113.87490138731829,103.13232114833475,100.77243720969629,107.55885615513552,107.5003330539735,116.90659350847872
2016-08-28,113.10160737557298,104.83874104578355,100.68769173744685,108.37191151191577,107.15583611141224,117.98997887355081
2016-09-04,113.6720555624936,105.80200786924294,100.18473666129152,108.96402762096244,107.47869722913512,117.05233834559263
2016-09-11,110.95172679287309,105.55048073174638,99.63574612337503,108.74542262425821,107.38246814738292,120.22471633639755
2016-09-18,111.54354928253505,103.77371067692773,101.57852452208101,108.5934125165745,108.041654491342,118.56851078597973
2016-09-25,112.87477752075148,103.90538330388893,101.7792497989213,109.88826399796238,107.71363968931202,117.14014495046075
2016-10-02,113.06145576696893,105.13493164667442,101.42725269489607,109.47073317728682,107.32697281106832,120.85704455594009
2016-10-09,112.30380738837972,106.03821742148729,101.0855244331736,108.92274000895668,109.5621266427718,124.54083257547424
2016-10-16,111.22130525317728,106.86340062546755,100.95646505041158,107.78003051436214,110.50653545102212,121.34622985740864
2016-10-23,111.64783652973999,107.8297904155129,101.52612800109968,107.89455307660387,109.52092358350211,123.93602659153693
2016-10-30,110.8787180816035,108.03752830188355,100.0464474995595,105.86369334245522,111.1688813562029,123.3017467808132
2016-11-06,108.72883749890359,108.30746263557668,99.35995723526821,105.7862994122394,108.01378326470068,122.16422290899955
2016-11-13,112.86226356030195,112.80831383104398,96.72187653383652,112.4061036788494,120.99901543551294,130.1339843005363
2016-11-20,113.77216724608977,115.12280817174391,96.45919206912453,114.42739403918456,123.36484838298168,133.6859385168593
2016-11-27,115.41209439268908,116.32309229299341,96.1385237118949,115.54805421374483,125.1009921784473,134.22272651682053
2016-12-04,114.29621320937002,117.56247211568551,94.24030069018454,113.88516007724643,125.32738642697885,137.52581464590833
2016-12-11,117.8200833661459,120.57056002655777,94.25212808931198,116.7113280150669,131.53343328900712,140.43989499744822
2016-12-18,117.74395571254657,117.45112593454472,94.10864694601202,114.67337793963634,131.08142144727108,136.19597382328396
2016-12-25,118.04221571190749,118.00923134963821,94.185015316678,114.96280203344249,130.45822104863757,136.19732518222557
2017-01-01,116.74071290365002,117.79032193156613,94.18899187952931,115.01049044179581,128.02692633572568,134.2252664972633
2017-01-08,118.72998705193369,117.73876587493541,95.68502545784754,113.8932916079826,128.2718902121601,136.97957634148324
2017-01-15,118.60796638976825,118.07414958612641,96.2913628521502,114.41847230154194,127.7060717806309,137.6413078401974
2017-01-22,118.43433677982827,117.62611995198287,96.70421717053839,112.88932432727437,128.98842520218443,136.0680910717266
2017-01-29,119.65344858907324,119.7746612881611,96.92916219563735,113.34887247521219,130.59457132582406,138.4836273615886
2017-02-05,119.79579966307784,117.44815796817521,97.42783123612138,113.80747297589866,131.49810355392157,137.80582055075746
2017-02-12,120.76985171784342,117.46225843832802,98.01801338268365,113.73625075077582,130.80769514429446,136.84954119182004
2017-02-19,122.59799748625979,117.19794465892906,97.93148353457873,112.86785253255485,133.31621513637245,136.04766545193348
2017-02-26,123.44169048201917,115.58190859168727,97.79186865652065,111.67324220467762,132.39234019410978,132.0269142973065
2017-03-05,124.26451839011146,115.9352029644641,97.87726766929671,110.93007473811045,136.30346713098726,132.96293574998475
2017-03-12,123.71596645138328,115.05471907777395,98.23983003315924,109.11853024335834,138.319911380597,130.97832483127783
2017-03-19,124.01057283258649,115.61421863132966,98.79472212237434,110.94042838824767,136.3197626485587,130.0077375801302
2017-03-26,122.22360983329953,113.88650934081429,100.0224919061972,109.6236032295258,132.004317729015,127.62775763612304
2017-04-02,123.20078083039485,115.2767680117702,100.24641777873393,111.2876209357915,133.25290080564992,131.91627702955807
2017-04-09,122.8263931774346,114.57246946504813,100.3349976052139,109.90195008698184,132.94766382238424,131.63212442189746
2017-04-16,121.43988964290911,113.04426758657624,100.6668825791202,109.55721363865798,128.48926084440214,129.1687500017442
2017-04-23,122.4692042636069,114.90361581971075,101.5609384849556,111.45442280380134,129.5652510910771,128.72930737022307
2017-04-30,124.32082484694587,114.50279420017269,102.56112746925554,111.34242652791247,132.77172047404989,128.9934745727918
2017-05-07,125.10767671004288,114.79881904589287,103.02730516911625,110.37242465902064,134.84339573542746,128.6351746506559
2017-05-14,124.67018457900707,114.44599943318407,104.11087002658594,109.60287464563667,134.3276101305709,128.69547821112482
2017-05-21,124.19203162429298,113.68439124909008,104.28275774066753,108.77950516154951,131.43895648930294,128.01915105295413
2017-05-28,125.96961233583701,113.30887439393076,105.01372435334213,108.33382079501077,133.56253100198413,125.73877835283835
2017-06-04,127.18195158459456,112.00049976511576,105.82570175622679,109.11294823807629,132.6233998119328,123.50025366184721
2017-06-11,126.80130058622112,113.67888746431991,103.53176305993381,110.7471162246938,133.5071972551581,125.88095797890064
2017-06-18,126.87325267621165,113.61557664304789,103.0021303692427,109.53498820737875,131.03092105263156,123.39490595174125
2017-06-25,127.14179997599051,111.31331533504705,105.02301028598136,109.8710756156639,129.8261890961679,123.6773897346908
2017-07-02,126.36537429153863,114.09066155544276,103.38941093477455,110.64187853889837,131.8609509870524,126.73381478999437
2017-07-09,126.45766952374515,114.77248452976477,103.18891546630873,110.66321990597177,134.61207656827196,127.26253232343112
2017-07-16,128.2352502352892,114.66382819346552,104.51245947617728,110.13123476738001,135.85497158706994,129.9901139853634
2017-07-23,128.92719713892419,113.78228063829229,105.34681010443134,110.10764734366411,134.0206824992707,128.93648461901094
2017-07-30,128.90425699982956,114.64807369923575,104.92823566844247,109.59063317642774,135.98439370779187,128.80902670888503
2017-08-06,129.1508953210391,115.63776193337816,103.98304662651225,108.01743329767987,135.125449626791,127.43894675031677
2017-08-13,127.29927473770013,113.84482699268024,104.2627757440622,106.60971305586328,131.74673650109415,124.46124792650704
2017-08-20,126.47696877505896,113.26038358396247,104.66952677603389,106.02913842262487,130.7892362893566,122.86027451099974
2017-08-27,127.38948218810226,113.77716725410518,104.48179062579324,106.81502138024737,131.0615918551681,123.28560993619998
2017-09-03,129.13629357878517,112.72997470803203,105.9371455513183,108.13234202448194,133.4166633793557,125.42728223965666
2017-09-10,128.34787587933488,110.2854015052751,106.80454379634851,107.73962397128835,130.42317869832044,123.77177258035621
2017-09-17,130.37105102118628,112.30859546595062,105.31207416597941,108.55122750272712,134.0270768875795,126.43945205594511
2017-09-24,130.47481632294014,115.1968885175971,104.42180282461256,109.89732462050097,134.86317683571053,129.2100542935364
2017-10-01,131.3685651604976,116.17796557452964,104.50806269938737,112.17548904229882,137.3987478876109,131.36262977059755
2017-10-08,132.93130803221857,117.18031204497905,104.48819485404579,112.25472365377655,140.4330087132859,132.18573590406712
2017-10-15,133.13153139941087,116.74899922742522,105.22206567830135,111.51680557754243,138.22558580817113,131.2916708975796
2017-10-22,134.28077890046973,116.85708284176908,103.81982785469572,111.05128061417008,141.4991982493816,131.74287410214492
2017-10-29,134.58634613614603,119.30713799246635,104.60172623806582,110.6662968986847,142.68102613971385,131.1405270911308
2017-11-05,134.93935948636494,119.36164683279567,105.47031501908005,109.337951135583,140.3573795914916,131.48944047976516
2017-11-12,134.65048177474694,117.94269809307913,106.52448742620302,108.14541188913407,141.9011904462127,130.32651012698685
2017-11-19,134.47058881939375,118.24893145381836,106.55871853185634,109.63766461790951,139.20598486496826,130.62381132308545
2017-11-26,135.69960486183277,118.7563543668646,107.3688297636846,110.54630214911647,140.10113449658257,131.32586429846597
2017-12-03,137.77492362728665,119.39685247096357,104.24529510422802,110.18770086763949,142.58849557157907,131.206740009472
2017-12-10,138.25881798196284,120.41032864358515,103.95830158187984,108.64170045137575,142.99642808397138,133.00232694335625
2017-12-17,139.52643252702944,119.98258821504035,104.50762110297502,108.14935704140373,141.67860728314506,132.81302945838115
2017-12-24,139.9190755404013,121.71057375507259,104.20248598219399,108.80139971300594,146.29062287108277,137.15467314506628
2017-12-31,139.4117191011794,121.5762281586358,103.95792478404553,108.68443342074983,143.53090307885333,135.77506424160734
2018-01-07,143.03777599297894,122.40257180211633,105.43194731538925,107.67645194185545,148.40450864091957,139.4161982524571
2018-01-14,145.28464931694526,124.0526237440184,105.2972467374305,108.12936449730555,152.28857814005784,143.7948933143443
2018-01-21,146.53922795611126,122.9690063821032,105.75447592252955,107.53931170748127,155.47595367605234,143.5366910279166
2018-01-28,149.80185804942366,122.39641647082202,105.72659480669748,105.87069796824284,158.21555858416266,142.2675691825759
2018-02-04,144.02746095052376,123.66292355741939,105.77612807446808,105.8327754256813,157.17044050879468,139.80409981063116
2018-02-11,136.59283175393912,124.00374994641281,105.97178075353564,106.64624401254285,151.28546780495734,137.8173028341787
2018-02-18,142.46784975150942,124.56876004852384,106.78507910755192,106.76049342329424,156.97733074123218,138.99612495062698
2018-02-25,143.25417966915532,126.0842247915587,107.85004745475905,106.58035961457016,158.67222353022095,141.50052416482578
2018-03-04,140.33152702016122,125.58380416870773,107.95300345341245,107.64446618972543,155.13143131249117,142.48673831742641
2018-03-11,145.30186078645468,127.11653857921488,109.02449722130643,108.30344672266743,161.37557401655218,144.57427363520173
2018-03-18,143.49977409946268,126.37393108010495,109.41774196614126,108.87777337010469,156.15684469159498,142.7772147196408
2018-03-25,134.9612557345574,126.01502202464674,109.50260889535932,110.33569923473185,146.51916837431696,139.67982022498816
2018-04-01,137.70453737364943,125.43393784340735,108.05838916580541,109.56094085295564,147.2944257160924,138.03336340532792
2018-04-08,135.80650183629322,125.49514875499692,107.35289264380712,109.93929719850004,146.33489282273607,136.18771260787358
2018-04-15,138.5091099213301,124.97075958749038,107.7087407738196,110.3776178256734,149.64147259270746,138.91426811761315
2018-04-22,139.23076952454716,127.87446217250249,107.38955851109526,110.80290090122284,153.56468362210876,139.53014378634234
2018-04-29,139.21877750954874,126.35636305939302,107.18150378605196,110.38364670257546,152.98057728432445,138.33089998724762
2018-05-06,138.88036590158376,128.59146888880304,110.36334768603515,111.23408429088089,152.54236219080036,138.6205025585244
2018-05-13,142.23320344529827,129.93687922089578,110.82956422471008,111.3839094101119,156.14391236999919,141.6709002523436
2018-05-20,141.46408499716176,129.39090554366894,110.4374012560363,113.42191204351815,157.95005869984075,145.32597897919842
2018-05-27,141.90001129184427,129.5765266549416,111.08288972934406,113.10386095889913,155.2355495092097,144.28586463031195
2018-06-03,142.59300208638146,129.43632954443638,112.23371717876967,113.94682574528869,155.18048628428932,145.39987879334743
2018-06-10,144.9086958276317,130.8212310696326,112.04552334476945,113.82269646539373,158.80027046034465,146.09129630462962
2018-06-17,144.94154019992038,128.66118393389317,113.8198780685827,114.60527972364231,157.0781745393061,145.31750026777462
2018-06-24,143.64941967940584,127.6011876999445,114.03672100553659,115.82213433260516,155.5297164087779,142.4327030484618
2018-07-01,141.74566820284124,126.66385345576094,113.38374122573482,114.47673821380535,152.0696253012378,138.26463098676146
2018-07-08,143.90701885508847,124.63073514650213,113.9274092558231,116.26045653676638,153.09486210115412,138.46664563004228
2018-07-15,146.07045728914008,124.76099711464177,114.74189395395922,113.9552284848948,155.4507888469008,139.0037187997283
2018-07-22,146.09757299184352,126.15045375091363,114.42356197171348,114.53572406603092,158.02469084685876,139.6145778310321
2018-07-29,146.9834926476345,125.38233248612951,112.09668276100595,111.60299162711054,160.73819644999722,139.21907018064348
2018-08-05,148.10614639144103,123.49933724091247,112.08969923371008,111.42135479960315,162.3094296958005,137.20620271972535
2018-08-12,147.737487408066,124.17027231250925,112.55870970896875,112.55180911854094,160.1235556867783,137.0032144704674
2018-08-19,148.61609982754157,122.16366749310248,111.55047338121602,112.32234496792641,160.77160351917675,134.0258357164942
2018-08-26,149.89675027850882,123.38777206971541,112.7722970200718,113.48442901352315,160.41635810198437,137.60698632134992
2018-09-02,151.29576777348382,123.82081840215801,114.085570846686,113.35480813311516,163.71226406566387,138.66900259090983
2018-09-09,149.7397974622503,122.57920511319827,112.56150864707806,112.79952453379526,164.723052897395,134.62737244838056
2018-09-16,151.47618267428808,122.24815420941589,112.77449742882433,112.06526662377362,167.41676507802617,136.173956661797
2018-09-23,152.76360568574276,122.59162107442623,111.2217689166138,110.55503902965171,170.1365906543553,138.56711027826475
2018-09-30,151.94547528671038,120.40672343165937,114.33980424357384,110.09910266740334,169.15102256900033,138.4728913844502
2018-10-07,150.4640795230997,119.46352547078583,111.35414400391421,106.98757437431077,173.73025726512736,135.96216943514742
2018-10-14,144.28817906853615,117.26488022581259,111.696980637439,105.72510653148768,164.48464367483476,132.99255249413207
2018-10-21,144.32208006210388,115.32342913194597,110.05987592793316,105.42137584475996,165.7640198109958,127.92285230270923
2018-10-28,138.6337275803742,114.59077670343383,109.98363935418199,105.64193021989318,157.43921867300054,122.46114258670353
2018-11-04,141.9902187422464,116.57019634117489,109.3866377435667,107.59697344308057,165.6387158203125,127.77876591462885
2018-11-11,145.01193918393446,115.21842571323693,108.41340246895635,105.50487176792649,167.19944125863844,124.11884910976825
2018-11-18,142.6790339731748,114.73950373558937,106.77308782756782,105.76397971833703,162.83419904279282,121.18240055238023
2018-11-25,137.2712208062224,113.77770785396217,105.10983518802479,107.26114839136775,156.00150835396042,118.70666429413497
2018-12-02,143.9252614851232,113.65427459958306,106.56308742964755,105.24575493319155,163.08061762081275,121.46301953921281
2018-12-09,137.29833650892584,112.07435476694927,106.79934593133409,104.1918883500299,151.87777922930215,116.01701967633822
2018-12-16,135.57081163917988,110.7741581751948,107.59563803890735,102.77090780794009,150.00277978526617,115.04683350230864
2018-12-23,126.01132978079437,110.79416982868938,105.5692264499147,101.30417124857989,136.0452885982715,111.41752557824434
2018-12-30,129.6154904244015,112.374882457034,107.80049436216648,101.91342221718737,139.6482546382349,115.55112273510579
2019-01-06,132.02452328876046,114.27299662329024,107.48886869033807,103.23749286361218,141.0287170635083,118.46468784998314
2019-01-13,135.3784047233772,115.1889800082318,108.78016039945962,105.56786378991998,146.1230795535985,122.05386198746726
2019-01-20,139.2604949545061,116.98281566274747,108.72921098256865,105.10930896362329,152.06622328747073,123.79827973056679
2019-01-27,138.95024294014672,118.26308325159467,109.03876674602063,105.35958076066933,150.45747989781245,124.64913445966374
2019-02-03,141.12828311645228,116.51614953681326,109.65663729270867,105.01862524566377,152.33690502025462,122.9370768294598
2019-02-10,141.1986693700895,116.06375834412921,110.74395328010091,105.25120452866337,150.8348758258412,120.55149424684328
2019-02-17,144.72984676318075,116.51464464989556,110.54087041103293,106.99126951850444,155.15204358125652,123.26043368249766
2019-02-24,145.61992925220366,117.19189059036881,110.34981633337941,107.76022591275233,156.6687218097941,123.45716764562286
2019-03-03,146.19455300273307,116.95487692253872,111.32760519643207,107.24694587563502,161.2468664847745,123.3449377998059
2019-03-10,143.033613159747,117.20870394962317,111.22876160148714,104.90646163471575,154.04204839118756,119.24673994201709
2019-03-17,147.17433372708388,116.86731309734837,112.06841366970863,104.0351189757498,157.6532193275154,121.23025118589084
2019-03-24,146.03916602282786,115.0855255956815,113.50336748096119,101.55132515055898,152.6006888131374,120.19631098522557
2019-03-31,147.7958816467048,115.74534521601363,114.20675033782497,102.68843090935802,152.4368129152167,120.47025910968749
2019-04-07,150.83794523060888,119.24774774332494,114.77101534233447,103.48996857640269,158.74902934269934,124.88827660747714
2019-04-14,151.60288811513658,122.33782127543581,115.33907405365895,103.09121727958536,161.39341831743707,126.10786577315447
2019-04-21,151.4787924015436,125.73690310645445,115.31484410839106,101.90285697318888,161.0136548176024,127.0390478271632
2019-04-28,153.29599004586373,124.56503852411107,116.74489484913133,102.27757499260062,161.69844019229737,126.05292587704788
2019-05-05,153.59633782702906,124.07943651799901,116.1906984704912,103.45824362718552,162.23667781113537,125.484767304498
2019-05-12,150.24663195602113,122.77245313656076,115.53765997435057,103.10024730879863,157.57573689044756,121.35535682847222
2019-05-19,149.10625752763096,121.41830068570468,115.68308511629625,101.41821129326962,154.80093162155725,117.54132914225603
2019-05-26,147.36101197330134,119.30948058518278,114.32489056547594,101.2118486467814,150.99843603263423,114.00363898299611
2019-06-02,143.5023838267182,119.73010111922817,115.67747402572755,100.55466968414662,142.47257496238842,111.93786999580846
2019-06-09,149.8263640248716,119.6869076961869,115.06471423646751,99.60356326729541,148.9818497055437,113.22592760790488
2019-06-16,150.53759744944352,120.22939436505705,115.15400797256257,99.64733514648381,150.13480930511182,112.37583521840403
2019-06-23,153.84767365729851,118.86147446606185,116.19975733714661,99.20186033907402,152.62984573537247,115.73134144757972
2019-06-30,153.39402667803233,120.63382845489947,115.75731501706244,100.61533756281733,150.53014723414404,118.61398441035868
2019-07-07,155.930808874142,121.22041341196805,116.41341311905376,99.48993641689184,153.7752346365375,117.3658920392278
2019-07-14,157.14888952286165,122.91374220525968,117.45853638860466,98.28323087891664,157.53249808817128,118.42828131333343
2019-07-21,155.21123705272936,121.37584931197051,117.30273624012204,98.08545949157408,153.97095708513683,118.27929301579718
2019-07-28,157.77931051515125,123.23822387394527,118.22631305128401,98.37080346134799,156.74052718776147,119.54434064107551
2019-08-04,152.8877141297126,120.35209332687992,117.55416862929815,98.63870151821638,146.26020644092011,113.23276701142333
2019-08-11,152.18898193521332,119.32287970710176,118.51293010332782,97.76768924802496,142.07603720397478,110.18494924906665
2019-08-18,150.62623906349236,117.21670166515648,119.51570114684526,97.44380770194,134.87132693634666,107.9279525097595
2019-08-25,148.45863779620882,117.09869499684136,120.17426550245906,96.55705079409947,133.15853605011648,107.58297228526237
2019-09-01,152.5962266908391,118.01188027601992,120.33772656059509,96.25504526456754,135.48602240771547,108.64636972293881
2019-09-08,155.32073102406844,119.44840909195446,120.23792069070885,95.23564632068478,139.49159268039648,110.35281753284387
2019-09-15,156.8162065844819,121.45762328570684,117.09786561708822,99.04562172935958,150.46069928378742,114.9156728587347
2019-09-22,156.0173754367633,119.11684580769142,117.67555499389186,98.30964695733705,143.43627178917941,111.78779816170285
2019-09-29,154.43846498643515,120.06107618950492,116.6575957785685,96.88780181081009,141.21533737943435,108.51371503011518
2019-10-06,153.92849881995772,118.00375585486191,118.43930459992349,95.85820803304948,137.57121545853596,107.3850813105263
2019-10-13,154.88064189615397,119.57948844323643,119.00253871790913,95.99617239056865,143.94552166405583,109.88160153848105
2019-10-20,155.7112862556359,119.59562007731338,117.94953765976824,97.03894510996317,145.65855248035774,109.36684094767453
2019-10-27,157.60671206573662,120.25023395490338,117.70900953774395,97.29661540493052,148.56123363653865,113.16168936617204
2019-11-03,159.91979607973136,119.37797827408012,117.66019039613018,97.82681547168666,148.60895221198538,114.51950473599832
2019-11-10,161.2844033660644,120.84268931505295,116.04404663064436,97.61944789078328,156.24878275331704,117.96471275230446
2019-11-17,162.7120896697193,119.04926411542674,117.71442264166316,96.57278192231612,154.42787331681916,117.40227534065247
2019-11-24,162.1817930914027,117.97397046453544,117.28438814976525,96.33250343503792,151.6608395878008,116.96663355919921
2019-12-01,163.78207784447224,118.4855104840775,118.49349707535373,97.5070159060177,152.72701816425726,117.66568585731272
2019-12-08,164.0391423443269,117.50345569446694,117.85235668881097,97.96774226856743,155.2883099551259,117.61421147924891
2019-12-15,165.23271701759862,117.84683595628336,117.83269849886295,97.52951114055645,155.71997641565977,120.75863481915474
2019-12-22,167.96608169311975,117.03952465533749,118.32795174088253,97.90369007933417,160.1461826518478,121.95190695491556
2019-12-29,168.94638436292166,117.72081672479413,119.79280363657803,97.12366486970537,160.42316873907663,122.50246219149751
2020-01-05,168.67680590261745,118.68681649676307,120.70382133748254,96.74348543195487,158.12683463466792,122.81399065921075
2020-01-12,170.26718642249295,117.65360389397668,123.09923406172558,95.53831247381808,160.52997744961718,123.54371591274129
2020-01-19,173.61845812985416,117.67511528707874,124.2564914121636,96.07296530573926,164.1032917557238,122.78637786716709
2020-01-26,171.83774574560354,117.49443141882261,125.25517485965378,94.83884912952506,157.88681937552786,119.07611430493506
2020-02-02,168.19030182068576,118.38030183369554,126.34601584630514,93.95029633005049,150.46064174234635,113.80926836794588
2020-02-09,173.51885566133225,118.54893065601198,127.61270311233297,93.44031088560138,156.93826954810868,116.63906748546226
2020-02-16,176.25378617320672,119.48767867671133,130.02844627573174,93.652830081446,159.35694108151736,116.66983931296737
2020-02-23,174.0423796791614,118.9540937646961,128.9891977207195,94.32164134724236,153.70123573020808,115.86357287632694
2020-03-01,154.0437341912589,116.11074239733881,130.8885232751352,93.76052537341032,130.1548157046123,114.41341904379267
2020-03-08,154.99014859786993,109.01964947756773,130.61766063257946,91.37115848676089,121.70188014680896,102.15795967973875
2020-03-15,141.36240747721232,106.1910063330858,134.4811702594489,83.54294223062854,119.37235624810533,95.58151348276073
2020-03-22,120.18687684009642,100.08071135837189,137.0528350696186,82.2113589244203,97.92027326517385,95.84524110373768
2020-03-29,132.52145354933725,103.36194204266977,137.1536874243982,83.20130915403122,103.10849949065792,94.60515916389163
2020-04-05,129.76722378614903,95.8533383353306,137.2546541967748,78.93786148449767,100.5011466060831,93.82771985218041
2020-04-12,145.47132756316273,103.69183823030774,135.37681791035138,83.59795482875096,114.77162250337587,96.33102955854044
2020-04-19,149.88997771802138,98.99599475916332,141.15305685762033,79.67274533268694,116.54820804282622,96.25784126908444
2020-04-26,147.91790230887025,98.51460093998956,142.93813620969692,80.94885193185006,113.01536052861351,100.64788520566417
2020-05-03,147.60347473090212,102.22209644717279,143.89950272251716,83.02413483046497,114.88694536444379,103.67467751513932
2020-05-10,152.77039097660705,104.01027625639792,149.01846061763803,84.46885179857489,121.68373620258568,108.51995544148298
2020-05-17,149.3236923643327,99.78467938074319,152.6258386035088,81.54037794712833,117.16988395517166,106.30702624727653
2020-05-24,154.10786982985977,104.57597819770771,153.1481691809113,85.24730225617404,121.76619978858352,115.50809314177437
2020-05-31,158.74135782454155,105.38116592520173,149.6113989637305,85.1724374968509,126.92886178861787,116.10741524412094
2020-06-07,166.54308016814792,113.22463671012434,145.04421496009283,88.00855483690927,139.57551532840088,137.3259563213167
2020-06-14,158.5849269537341,111.73506923579355,151.81256222343112,84.84682008554343,127.89147877515916,129.2287006806967
2020-06-21,161.52738806911626,110.36956654751575,154.97733862251886,85.04792346814672,129.6819616355687,126.48039928689055
2020-06-28,156.9027731471032,109.57979495211283,158.74844781421766,85.04156478856665,123.8907282211296,120.3805588125166
2020-07-05,163.2100638211983,109.97168995907887,161.29276536940432,84.81452451530873,130.22804454607046,120.12194419778233
2020-07-12,166.07952895568772,112.27513938743918,166.68950755223105,82.52752105510285,130.28153729909417,118.35663343335776
2020-07-19,168.14910632117952,108.85410570650014,159.97111648347183,84.67019383615298,131.61965051265142,118.54113893815716
2020-07-26,167.67459425424624,110.17656829100527,159.58012312911077,84.65197716743968,128.98674811476377,119.56638982515433
2020-08-02,170.56805614910937,110.82282842713693,165.34462319671377,83.84783731385093,130.28677083333335,117.12680905803441
2020-08-09,174.74788443414812,112.36482786468356,164.606536463702,86.78898028705301,134.37899439432738,120.47983317922552
2020-08-16,175.87262595975903,113.61109156538988,163.42492280316114,86.7120637275314,140.84562867692117,124.33854029713018
2020-08-23,177.1402277744488,114.00037368468968,170.56215231422388,84.3871849512159,139.3701658393502,119.02998957750081
2020-08-30,182.9203535429339,117.03348710102397,172.56716799804462,83.00347674684951,148.46508328419813,125.00803166962156
2020-09-06,178.69411030387792,116.55302932916184,168.25491598301667,82.75512547045588,143.62884192193067,126.51975697540117
2020-09-13,174.21028061951617,115.16435899860191,165.01849317300483,82.87074379540908,138.57919117572555,122.53363541603332
2020-09-20,173.08919271206292,114.27987588077167,162.67260006899375,85.53653685742172,137.92770695140715,124.84329245524786
2020-09-27,171.99365467095987,113.18843876011539,170.08279378802348,82.34137908164817,135.83957137864383,117.66671026053505
2020-10-04,174.59874806927922,115.04751310252557,169.8844673758598,84.62397969811502,139.9600268817204,120.34818322982414
2020-10-11,181.3106737717446,114.539242807551,170.50019187521852,86.70328311354862,147.83053103592772,122.92989624852426
2020-10-18,181.65848039782938,113.68148388248179,171.37439584421145,86.23415515481268,146.82577416635687,120.69048166040785
2020-10-25,180.6979861944155,113.9350599337632,170.01204626928484,87.22490196201791,149.31448464495924,125.76635975441054
2020-11-01,170.5075613982893,112.81525371439254,169.07648205666302,86.74083791516821,141.40002822819494,123.93504319254576
2020-11-08,182.9949153601799,112.92216688144303,175.0297909478676,86.06887947506769,149.87790524433854,123.90611390849666
2020-11-15,186.942707066263,113.88475104524618,163.81819544976202,89.93160017072083,154.48784228260416,135.5005763003216
2020-11-22,185.5030287476097,117.3661793156634,163.7920836586462,92.51576558768576,150.11327552602523,143.25000062340746
2020-11-29,189.71675802621618,120.89401094252811,163.54372662428023,93.82621560769991,154.8735994192881,152.30186813990275
2020-12-06,192.88552705096873,120.18777596706339,162.9054971273927,94.17192064988585,162.60000285250217,158.84681569893294
2020-12-13,191.0260772858633,119.04758411374523,162.54333489016173,95.9095457898501,157.4182632502992,157.03802613853895
2020-12-20,193.42207424432166,120.41884002218698,167.11837385412517,97.30356501288077,161.13225328631745,152.95875315323306
2020-12-27,193.09096987267205,121.42023369035617,168.32200327754435,99.12976086452765,160.07071929238987,153.5915962755867
2021-01-03,195.85510386905432,122.02756127939527,167.35382526513604,96.54514670815203,161.73520876920477,154.01623804887336
2021-01-10,199.4326707554091,123.52474197880777,165.31795838408922,100.47335547480161,171.91412204544454,161.97627903463678
2021-01-17,196.49020964002693,122.81916213632888,160.66856447501002,103.56341136548042,168.84913912582883,165.59211376002764
2021-01-24,200.30816423255496,123.65177726268564,167.61784211763492,103.58158403613918,172.008035400755,163.62567537134993
2021-01-31,193.6739320200422,120.88980167666364,166.97551921032087,102.33619042874497,166.12191731770832,156.09313666510297
2021-02-07,202.67340460052904,125.91274528581928,169.60985302776967,105.13971332929543,178.7079637221622,165.75537544336618
2021-02-14,205.17629853344786,126.06565251048951,169.7692169895347,106.44053359946857,182.1121779620692,170.44784616165273
2021-02-21,203.71001372716538,129.19524104443659,166.666320800815,106.30092213425321,185.75024483928942,178.24864808440506
2021-02-28,198.7271660004224,130.01723173384354,160.36998353163384,106.29684724899344,181.33479845001864,187.3455776635723
2021-03-07,200.33267020800292,130.56657316767394,152.51062349674024,105.49419921738368,188.4367881706981,192.47349928368166
2021-03-14,205.62004127952,133.81907592847662,152.12896269133873,110.29670383915959,197.61437317788722,195.38593947008204
2021-03-21,204.0432186109962,131.69767749748112,151.72785549402187,108.17614818876575,197.21640151515155,189.28650986547314
2021-03-28,207.24691978984185,130.01957486479097,151.46573788019944,103.68880294936378,197.70537549087763,182.78400942182665
2021-04-04,209.61059432146266,131.47007683707594,155.4664284365968,103.84385219084922,198.78066841350937,185.15300398015188
2021-04-11,215.29058294559786,133.2577274938189,160.04928781358416,100.47667769529349,204.17926972735313,183.4789953647035
2021-04-18,218.24558348218326,131.93279061323514,160.5175732588638,99.9243790339775,204.4405335194361,180.17065380867797
2021-04-25,217.9692070006379,130.88048994331265,160.37360844640003,100.48180244133049,203.0194786311819,179.14434217762386
2021-05-02,218.02135062424037,133.6110404706018,158.8145645720022,100.3230780905596,205.37448044395563,184.1013630058292
2021-05-09,220.70310635198703,134.21126153883972,151.50051238626068,99.86867973980598,206.8663011144629,187.8010220810711
2021-05-16,217.63966846534163,132.80729380090744,148.5500040417662,99.26772376952803,207.35330532353368,187.58905367032438
2021-05-23,216.7015924555713,130.926533620773,149.58048234023866,99.11611908478322,205.65185581160264,185.08254397338172
2021-05-30,219.2175222943907,133.35917756364236,152.1026816263642,100.21974503948196,207.02161962462685,191.73869613455165
2021-06-06,220.56179916888462,134.26002394626474,151.04983114834903,100.46146776120288,206.10969516916845,193.9416701716721
2021-06-13,221.47690957880658,132.27077780171294,154.41874995309087,101.97179226599063,203.43913064641742,191.3341735516559
2021-06-20,217.25381074283402,130.19159952021627,161.85264616416478,99.19967418599006,194.2683480008692,185.0663131253164
2021-06-27,223.21121973941683,132.22182676350093,161.95004719313,100.69977318428087,204.9739860235782,191.5457097966583
2021-07-04,226.94677060255546,131.36447508634677,164.45302984269833,97.81967546780447,204.03670467342346,188.47330069899246
2021-07-11,227.84416032789377,131.63125022940386,166.2678377286813,96.32218569636629,202.80011487977433,182.88003699724626
2021-07-18,225.6338104551275,129.0919575169884,166.3917578543168,92.28640839764186,198.57696532791306,170.49556781108794
2021-07-25,230.0467192100241,129.25685594305395,170.36054962248787,92.21554615335438,202.14064148428733,173.82562284045036
2021-08-01,229.1847708538531,128.07658175321131,167.49066940815962,93.43944074277132,200.10910799976594,176.0653058041491
2021-08-08,231.33623000328316,129.24463473946085,167.4207551061292,93.44409557725055,204.3028574640795,179.32601392414142
2021-08-15,232.9777102558589,129.3709385100729,165.27572993050958,91.88171254062026,204.81932850891954,177.42448469345078
2021-08-22,231.60476457268518,125.31397613471118,167.02616989186615,90.1161836628153,200.9381462415587,167.74010360225188
2021-08-29,235.1348980748742,129.73950497527787,168.10097167258232,93.1961290751404,205.54900854883135,179.9052382205843
2021-09-05,236.49376396124518,127.33717594107812,170.95901423421867,93.22426377129985,208.62768746906912,176.45533092040188
2021-09-12,232.48652139524418,128.55544295986647,172.50495239232896,92.19632768510306,204.8056603773585,176.71299070065095
2021-09-19,231.15217421469808,129.05663683417686,172.3855555918421,93.03814570768432,201.900540630377,179.91161749963763
2021-09-26,232.32487106992582,131.16954185892993,173.10182798408078,93.0700755945864,206.17225097423594,184.72255667129122
2021-10-03,227.1918558177886,133.4072498276563,168.24706077591074,95.06752334408878,203.84564270152512,186.55135122767965
2021-10-10,228.98037192305202,134.4772074271335,166.33488257004353,93.96766328397493,210.57205509644302,185.1668154358817
2021-10-17,233.15344037798016,136.2909910371793,168.27345557507266,93.48142227394517,209.76694243576043,186.28688087160003
2021-10-24,236.9875498187385,135.7560342890423,168.07097278756086,93.04139979637246,214.50898494414767,185.80782164449028
2021-10-31,240.14119515578608,135.36608907427924,172.95144885818453,92.02292061631985,212.1703619419618,188.50630194238295
2021-11-07,244.94622497860342,138.0023708103801,174.3726450047636,95.81005609905937,214.1234533726836,196.09312620111496
2021-11-14,244.18077287900144,136.6741760397159,172.92538127992913,95.09924035251615,216.40303778790243,192.6962847053351
2021-11-21,244.9686559026238,137.34977778193831,179.4822553061963,92.07485565519424,215.64569308467014,189.85415661233603
2021-11-28,239.58014198698524,135.46778447126445,174.85817509369085,90.37261834892286,208.04049597671565,183.72556756776478
2021-12-05,236.65019483205262,134.261678870786,172.50532315840644,88.28836921053995,200.43828656462588,179.89914351815594
2021-12-12,245.7017983057651,134.12157622366723,174.89486939689226,87.14182490283615,215.7693389902145,182.09149158029433
2021-12-19,240.9369200915518,128.57236017406407,169.56917558314285,87.40110650529394,208.03384242607575,173.06404791660225
2021-12-26,246.4198170212013,130.22178577644442,172.5752671397333,88.05079758049263,216.19897222035195,178.7997797681834
2022-01-02,248.52590510751628,129.5517425698605,171.41955152284027,87.6168119597214,218.6879133207369,175.6461872425178
2022-01-09,243.87728069475267,133.80920550655853,159.99174932941625,87.06039725729295,223.5494592134706,177.92746981697988
2022-01-16,243.13790040695196,133.40436675270468,157.96485565654314,86.72714861453622,223.14333949096886,182.22733127760043
2022-01-23,229.32452493097907,128.05555450586323,153.08803018908247,84.63472753541635,208.06343375049318,169.79553531159894
2022-01-30,231.0927233547802,128.5722439460658,153.50765842776568,83.19097250944556,210.68281366444256,169.85933420755654
2022-02-06,234.67393112891583,130.16631099906684,154.44552647294222,83.17953403106027,220.24023863690863,175.537429464474
2022-02-13,230.4039081238518,130.16798444456418,150.97179345082654,85.90970622249372,217.3842009493671,180.30737218372968
2022-02-20,226.76584648667694,130.32356536392268,150.2206268509645,86.59978833770344,214.3404604569076,178.92791760772505
2022-02-27,228.6315341364419,127.58574981542814,150.4038394146552,87.19130615971703,218.22501411771512,180.25751753651465
2022-03-06,225.72297401462745,121.61985721212973,145.65622591669822,86.78819933879936,210.26614661324632,168.9026640766774
2022-03-13,219.2279612034127,123.07402598411265,143.5147725005542,88.5228072355144,212.4536355641415,168.1919434453142
2022-03-20,232.72325548325975,125.62011662188588,149.97699836385914,87.63446587265142,227.29606393010596,178.14046319936753
2022-03-27,236.89161369875114,126.52382632582182,150.16886904256305,85.76990204449143,240.07337430857817,175.599525729858
2022-04-03,237.0376056605366,123.80498255838108,152.80294256932788,86.14458469644435,233.44563866017026,170.88346495147806
2022-04-10,234.03517173978548,117.70261629934696,146.5439845230478,83.41847134737854,244.07363868186542,161.12226549430738
2022-04-17,229.04555145255506,118.29131859813617,143.43063160172628,85.73283630067353,247.3804302536232,159.81450524116838
2022-04-24,222.74607722984965,119.00410252140145,140.37991791148556,85.54341637906975,242.2657191918771,155.2125270765585
2022-05-01,215.45381183764647,116.48326163574822,139.9483583808075,84.99196928106608,235.34105971815262,156.96318891108638
2022-05-08,215.00588079758867,115.31832907394401,135.329515498591,84.2896518287849,246.91173233556202,157.72999970993726
2022-05-15,209.82019997639787,112.27338807244973,133.39999415623632,84.23136833605948,236.3344281700868,153.65871806911176
2022-05-22,203.43105297911825,111.34959341737203,131.07804123810052,86.05535956789315,224.32828343423904,155.56770632755098
2022-05-29,216.825713629918,114.89512377462903,132.55092910502105,85.94795444831227,237.9402515640746,160.1986045646542
2022-06-05,214.23416535257354,116.412879942277,133.68253733568056,86.73584909008201,241.419212254733,161.80826256346347
2022-06-12,203.404981167317,112.84643056837716,131.29238805341416,87.37165310827709,233.7764285034133,156.09206621319493
2022-06-19,191.6194783422554,111.66412101899556,133.40393716542275,85.72463299370281,222.72729904606828,151.58703076591325
2022-06-26,203.97229768153102,110.2813225239713,138.23996666910756,85.14951455991361,236.45921434494196,153.58181111899597
2022-07-03,199.4665717489768,106.4002372732623,132.7682769774476,85.34031526588909,224.59575472716287,143.1288013400595
2022-07-10,203.3277968924386,107.84467470836232,138.60359923700128,85.54335951152929,235.73015439814816,150.6606018032538
2022-07-17,201.43915637320222,107.49866391453706,137.39384428065614,85.22213163624957,226.26228604306587,149.44146088770202
2022-07-24,206.57373746169273,112.26688481789095,140.38082991602147,86.0753260749286,227.39511040524394,158.1875969010338
2022-07-31,215.36828916592734,114.23872865591295,142.90844790823286,86.19172817976012,239.38352436025716,160.3786096119468
2022-08-07,216.14522406545348,114.58645706703152,146.79447322970637,87.30732176381369,242.22366520527464,164.82382163464985
2022-08-14,223.18252546998326,117.42451360516229,145.8475881850701,88.75328401284878,252.20068648132124,166.042776565818
2022-08-21,220.48826851216396,115.29218553914976,142.8876111633375,87.3272544140574,254.8067917514449,157.87703233153053
2022-08-28,211.58109116388363,115.1862334277417,140.18368307019637,88.33350579615228,243.3992170080825,157.3858455532758
2022-09-04,204.62513686746416,113.81010119694885,138.23534857597815,87.08164860366536,242.81645610294564,154.12366904070268
2022-09-11,212.08689449712912,115.15447046843845,140.14378958337147,87.34297301406761,256.14475136952575,159.4222662392299
2022-09-18,201.96946568189566,113.29448213091342,136.6607638661157,87.63148553981175,245.70319942560945,156.425929039852
2022-09-25,192.57839397893912,109.67068302563948,136.64585270802885,85.8435667265251,237.52015211092714,148.47715705782
2022-10-02,186.96722577208783,110.11819209598993,136.15967400201296,87.5796930278577,237.8821269521718,151.39053821945384
2022-10-09,189.785056498049,110.47999058934856,135.0385515921659,88.25835200756175,245.11143816838305,158.73969965136334
2022-10-16,186.83425698582613,108.14033177287892,129.7182727092608,88.76459330888562,247.55735216724156,149.41624723146177
2022-10-23,195.6819834741886,110.3582799453432,131.59534011526463,87.63147918824671,274.1061447376659,154.70385233961767
2022-10-30,203.4154073459621,109.14819380310914,127.69649135600704,89.52640541010604,274.2099534047865,154.79100620983374
2022-11-06,196.61014252038802,108.0217191814371,120.56741993504336,90.51879474790813,272.5432705702081,151.83047180157047
2022-11-13,208.20583542652554,112.3449294287423,127.1164089107659,89.3347722481034,277.7714066277625,166.43510096108264
2022-11-20,206.76720099877443,109.0285238815941,124.95690701935828,88.45619554239829,271.19458252835204,159.17233037466866
2022-11-27,209.93649196897812,108.86212487878785,123.99325485664245,88.13448938394191,266.78025616496603,157.86701069653043
2022-12-04,212.31318967612265,108.11201103956843,125.50257884401536,88.20540319156535,259.2603405527282,159.0631274548036
2022-12-11,205.15282371852527,105.55657628854469,123.96913008933612,86.7223232530786,252.36707263550585,154.5152011490546
2022-12-18,200.87601542259694,103.96915833680637,122.57964506448793,86.95662881515042,244.1526543487225,152.76706583010207
2022-12-25,200.48285046377399,102.71772260986927,119.70799872313631,87.0940591653906,255.74224128613614,147.63940338891027
2023-01-01,200.20544282170331,103.07164322220584,119.30602110902804,87.20310808619209,262.09196584764635,148.8030966927407
2023-01-08,203.10358949524945,105.61725132955519,117.35504392462353,87.63781670247904,251.7530483456931,152.15169206378349
2023-01-15,208.527048295358,110.08703627753727,122.34230255248173,89.7504355114007,254.71063866120224,161.92192576005317
2023-01-22,207.14628616079457,110.81194568581934,125.97151783495151,89.3152859579183,254.34645421374765,166.99580613063853
2023-01-29,212.25375154658167,115.1799319114935,129.05693225507406,89.10876504276183,259.3971023490457,174.3752625367615
2023-02-05,215.69105514073624,116.92841604429427,132.846324633414,91.06221857453903,263.6866982485942,181.9939017299932
2023-02-12,213.2914045641202,115.6376059136909,130.1784485995344,88.99901164398678,269.2841838749718,177.058028710356
2023-02-19,212.698538183556,115.64451707128364,130.59481913461138,90.45608552673625,271.4208926507456,176.12972737837566
2023-02-26,207.01227348363068,115.13175675038548,129.11350132798714,90.31598596606048,267.85886226519426,172.22656011539115
2023-03-05,210.95432378975173,116.57137872593104,131.40136233329252,90.38845890724745,270.670325381539,178.59595614280374
2023-03-12,201.35730005001764,112.1545219919182,132.09925672181424,87.03949758089547,249.37326150479842,170.85227465342075
2023-03-19,204.22779634503243,108.10276003799673,140.6279415447765,83.23598554780122,249.03798135041336,167.80887822158078
2023-03-26,207.0618073799777,107.48317603926165,142.137139493591,82.56465673680502,252.71617507994074,168.0452987373628
2023-04-02,214.27431696117756,110.09708899414896,141.92987017307044,82.90375576755126,262.60604175480245,171.03339308341316
2023-04-09,214.05061877906263,105.71100051414328,139.88984743086098,80.77505434157173,257.2538312659326,161.97598194862755
2023-04-16,215.75154989155627,107.27950825081261,139.28163695442169,81.36975588333138,267.8233364856934,164.1633696255294
2023-04-23,215.53671205173322,107.45239188192805,139.20472660976907,81.96282276671926,269.3978538074712,161.93015894780197
2023-04-30,217.41179471961792,107.78042619255731,140.90400057799883,80.21570216451508,266.5756194130034,160.4006706769718
2023-05-07,215.6790631257378,105.99976708455723,143.1371484620683,80.36496890872863,268.419063771173,158.29793612693211
2023-05-14,215.0444793002163,105.85992771755717,145.6173413571226,79.64345199476455,269.3345598666123,156.97509071435198
2023-05-21,218.58502625067356,109.11858131790821,148.86610662141328,79.78930153838297,282.52407424579627,166.70395083665355
2023-05-28,219.28741206333058,111.38783495998237,153.78708540826386,79.37677469151552,283.49696691479534,175.71622475309073
2023-06-04,223.29829551711236,112.75864621023113,154.1282535430343,80.4349151778061,286.28041352093345,177.49249455044853
2023-06-11,224.15813063072525,114.3807704340569,152.20475919075815,81.69012369172408,287.8025734031593,179.53005510050883
2023-06-18,229.93199305379716,114.92910960800484,154.48515139009885,80.03029335221558,292.2527681327161,183.18780688861222
2023-06-25,226.73768689307133,113.4487441771723,156.70873788099803,78.79995234053118,286.0610223817704,179.9094838921602
2023-07-02,232.05893349740242,116.35813161551096,156.48178871334127,79.89657535312605,293.81950043714784,185.53396127485695
2023-07-09,229.37720323040952,118.13140823217663,156.76462264864495,79.78846132102963,302.00891298908294,185.8190706202821
2023-07-16,234.92892057734295,119.2448230423739,159.12070789132142,80.63156539145153,302.64754664823766,190.68296753129894
2023-07-23,236.5411973454109,117.07650631791144,154.00657702838194,81.31690361972382,303.2836148178184,186.98829608467585
2023-07-30,238.93407536153953,118.13087299443785,156.3319316042869,81.33037021148823,312.3580876582173,192.5709698425872
2023-08-06,233.50069959786012,119.84637758293921,153.70882377966137,82.24648129464302,315.82552083333337,188.4340655837514
2023-08-13,232.7717327583277,117.54303503085546,151.26307877283716,81.22162283234776,318.83704175186114,183.681141208106
2023-08-20,227.85251145511137,115.9247135333584,151.56622955114395,80.11844053155882,317.61936620187697,181.21372301266283
2023-08-27,229.7296819048005,116.53316139662128,154.77026586679568,79.17971085469961,315.26918938817124,182.02984343131993
2023-09-03,235.46861217377932,119.68253880933526,158.00782322739184,79.99927325741882,324.57029712484626,190.82008949342745
2023-09-10,232.4296929929587,119.3384196136168,157.38240555505703,78.00522175051083,322.1216333757197,185.60440886472895
2023-09-17,232.05580182469583,120.3154724133245,155.19650288247703,77.91839920368423,325.4294345350151,182.4837381114186
2023-09-24,225.26358563539918,116.92147501335151,153.3646363011311,77.26866763447694,321.21096797641184,176.23255378669458
2023-10-01,223.59445500429206,118.28170235418139,155.14496540071198,78.18932480194682,328.8726733096554,181.89897771661543
2023-10-08,224.66080229126413,118.36422047613149,160.52319445576302,75.9800205660322,345.65721009258164,181.55873487070582
2023-10-15,225.66612015158825,117.9382525902778,159.21067377889668,74.52205851373542,336.05763171536734,178.1149865949688
2023-10-22,220.26301722407257,115.07107795774958,157.0743732087588,74.63659119204725,345.2491537396885,172.85640999244484
2023-10-29,214.69459762270398,116.07479019007263,156.47004118506703,74.60597719802541,332.12544323614236,168.39553324817086
2023-11-05,227.2596323441703,120.09661582825197,158.7041634841702,75.7567885004363,338.4647776280004,173.24951415064737
2023-11-12,230.22662489575413,121.22535249648105,164.71586543330298,72.29354480839474,341.67065060660303,173.83388212921062
2023-11-19,235.377360832475,123.60333898811302,164.50305546837077,74.57888196113907,341.60595262059456,180.97034714925692
2023-11-26,237.74050068826784,122.6686315029411,164.91989153829795,74.2094715492712,345.94571559484046,179.74892957584802
2023-12-03,239.58065120205947,124.6494864106636,162.90920710534903,75.92075852487467,336.86639412392014,185.58795364653807
2023-12-10,240.08854231710933,125.15951038847919,164.4284607967735,76.49226417016637,332.1373062989211,188.36975701215425
2023-12-17,246.07566401327423,127.89435648314983,162.8641523572508,78.84515694397626,322.9774786203563,200.99938191072587
2023-12-24,247.92363097845552,127.52476791274134,164.34277670572007,80.19829139514326,328.18459766649744,202.49139432337958
2023-12-31,248.7162242415146,126.46602607189241,163.41217992040248,79.68594968586861,327.9858717110808,200.60997402294967
2024-01-07,244.93112675165213,122.93773702683563,158.29675823542834,77.94810132272102,331.5714010627618,191.78630450216846
2024-01-14,249.44623497194925,122.36549070908596,164.53771732602988,76.40608842488142,336.97389681758534,192.14448879901337
2024-01-21,252.36523400278568,124.22947156148369,168.53373432052118,75.20789692149627,349.8464576801466,194.73697596411355
2024-01-28,255.03290993372948,124.51752731724564,167.8915357613539,75.72546179076487,354.62622544119216,196.96058211686977
2024-02-04,258.5598863024582,124.22527981218816,169.97572371050074,74.01422597706535,351.10207048462934,196.68675167902333
2024-02-11,262.10565270742654,124.68015472768737,174.12182285504463,74.64091879419256,364.38746448233,201.59247065742377
2024-02-18,261.00854882997015,124.42661969126527,170.46773783368278,75.870089669942,367.4261734471575,200.20692784637566
2024-02-25,265.34846160397404,124.14630789047534,170.65514946253296,74.06493280909734,369.1435476478996,196.31650324266184
2024-03-03,267.8659700095236,126.41897131194663,172.14373998737585,75.58995796630732,370.410327848788,203.5843775110486
2024-03-10,267.1677597604754,125.36892205780626,168.65002144698568,76.14996073462972,364.72957036282605,202.28386945905638
2024-03-17,266.8236067525483,125.42531670788924,167.6823990731741,74.62536836000726,374.29098046006385,197.34970239735136
2024-03-24,272.9291209534747,127.02911087137669,169.59302178512394,74.06601165839744,378.41116488658935,201.99303528322403
2024-03-31,273.98085376781603,126.8933995282676,166.0845631317742,75.74978675484823,377.19290181559575,203.2009187167121
2024-04-07,271.37313791186426,128.08962739827993,167.7164747225038,74.21754930892888,387.05982003638246,200.71412965308838
2024-04-14,267.15317074859837,127.95215883176962,171.63422412188737,73.08536939766459,386.0471827467974,200.6196181689761
2024-04-21,259.00937044849246,125.28207124707575,162.47833353488178,73.4753043118321,378.97525121518044,191.38331697762683
2024-04-28,265.9303925908188,126.34259055521714,166.80201627717145,73.41400985425443,393.0131441948097,198.50758045887036
2024-05-05,267.3815537093963,125.87735820749015,168.85845927615284,74.25273355260204,388.31502793160064,196.93019680096484
2024-05-12,272.3294692820462,125.54123813909337,167.39705256039016,73.814116432205,394.3390537154165,194.2132982495824
2024-05-19,276.5317157607285,124.91143257141748,168.37045866979895,73.89208960472158,395.28735165453924,195.82751434301252
2024-05-26,276.60733419925356,124.109087911383,173.66108266586778,72.88615085469088,395.32314237251046,198.56321161841896
2024-06-02,275.1884827771368,124.38606802150251,170.97502636535685,73.38242459981839,397.82630165146486,194.50047406627175
2024-06-09,278.81144618736033,123.20639500170935,176.9371849553673,70.74526028719609,398.212545821949,194.38543832643143
2024-06-16,283.2233110513547,122.91751672629441,182.73582935462747,68.80620252617955,391.1993300191894,197.45380521884513
2024-06-23,284.9450945211386,124.25293220512717,181.19298539747865,68.94944067716864,395.41168089036114,195.77948384872764
2024-06-30,284.72921279041327,124.93254759039611,183.22494850468985,69.81696850499452,404.5880837101402,198.3518242391233
2024-07-07,290.29345682817313,126.97086488051097,189.85970968556109,67.62119317726028,408.85986792350906,199.82028877236684
2024-07-14,292.8047018883095,126.82107659360587,184.6598906545484,71.21797557283513,406.73950765337804,203.29433834417782
2024-07-21,287.0506479316257,126.8489221344684,176.68612457602902,73.96041790756382,403.1269895586705,197.29134624993233
2024-07-28,284.6572607004228,125.58860702902133,170.30327431794137,77.31142975057746,399.4849479782773,193.63841593074966
2024-08-04,278.78901526333993,120.48600190160113,169.78548920998512,73.74535649511951,369.970601109924,179.18005573637294
2024-08-11,278.66387565884474,120.7172766688953,170.73221270090258,72.76265134063432,377.7981668030162,181.1475602354379
2024-08-18,289.61872139404755,122.76083424943822,174.86750522774614,71.94864980010315,388.15222588900855,187.4523254124327
2024-08-25,293.8089758577314,123.30762638739823,174.1241092185434,73.51959737713443,389.82747574490975,189.49432717804714
2024-09-01,294.5280384640698,123.68193895986599,170.73840316985928,73.34620465547087,398.5996951324835,184.00552868627588
2024-09-08,282.01461269037804,121.38191490176695,167.20758957078766,72.31895703234603,370.3266340648855,173.50881143670313
2024-09-15,293.36107027842735,123.05211601876489,172.19851463816954,72.45860111620628,381.9035706208711,182.7916199239591
2024-09-22,297.35161058999313,125.9715499634775,172.32869073412206,72.9703984845182,392.11876796158646,188.41158791530844
2024-09-29,299.20897257329415,127.47860200068153,172.7171318063823,72.46783723304566,395.58090776225026,191.02493021580707
2024-10-06,299.8816202256154,127.99409177716521,172.526961579934,71.84368236948237,409.1621146214897,190.17185472081633
2024-10-13,303.2167243543694,127.71516388083757,173.28899119730326,71.65980474372027,422.0466354277837,192.62032855527036
2024-10-20,305.8051409590073,130.18440195182626,173.31560567836638,72.37111460166088,424.92394706997266,189.51564100694767
2024-10-27,302.8564292285888,131.26555896080865,177.62927082652575,70.82983390694035,428.7923223717531,191.08440826945932
2024-11-03,298.7203807095581,132.03923504654404,176.14719800047737,71.90583962573132,428.9197535960663,187.32472278165068
2024-11-10,312.6291830904441,137.43117898263657,179.42406348689127,74.49082299301578,441.29703746125716,192.17492029866477
2024-11-17,306.1154057037435,142.46471875522178,177.48937932673664,73.00085539850937,443.6807256397092,185.13885304417843
2024-11-24,311.26300996775774,141.97445270502817,176.31163159877505,74.97616138721389,449.52651674917945,191.24593859276112
2024-12-01,314.5501460365181,141.51097286652632,176.77998471644557,75.09922801017129,437.5125414028413,189.72603302225184
2024-12-08,317.5687475358764,145.0774153594113,186.54719249251946,73.38461270867988,439.3680753279831,198.27275045096465
2024-12-15,315.5257511972601,146.50769060284634,190.2062890058715,71.91846677091873,457.30802279765214,198.45686022679223
2024-12-22,309.25601513489045,145.47989165847684,192.79303181984278,70.07016478327706,456.74568370654515,195.2160642608862
2024-12-29,311.34122540316145,145.55039186394453,193.13731829840998,69.68196880018247,466.114649409204,195.87733314285208
2025-01-05,309.86193015173205,144.76135021411324,192.1233750249902,70.74270682574522,462.7081767074313,197.5063552044759
2025-01-12,303.84298251342705,141.8505322915225,190.8395936515703,69.66210668359729,463.46665868291217,198.74977418204506
2025-01-19,312.68759005945975,147.45641820538665,187.10655912434794,70.39611720001807,467.64470254138473,198.9190520093772
2025-01-26,318.1407742895272,145.95379408889428,187.98921344373227,70.14891645020269,475.611897655832,202.8150084344102
2025-02-02,314.97511147672753,145.42089969181677,186.05273420891353,70.27429287924863,467.9038778819129,195.25444898399607
2025-02-09,314.21696661344095,143.73842053807536,186.79030933211004,70.19481817817437,459.1867476592547,193.83578548451638
2025-02-16,318.8389590778217,144.3856453015309,189.41270373115216,69.12644063217012,466.63949161058144,197.0383014911629
2025-02-23,313.5463812821705,139.08320992740505,185.39422684588547,67.7666464491103,456.81250523100107,189.49038518868096
2025-03-02,310.48920674093824,138.6450989168499,178.99169718182375,67.54191663957862,438.62332136481655,177.83313137116247
2025-03-09,300.87914709530355,132.78906119102095,175.10057516071973,66.93682345342471,436.0896843672548,169.14761560533776
2025-03-16,294.03476182165076,133.0604319556569,173.55864480398287,67.47792157343063,425.8791498581383,170.5354176679119
2025-03-23,295.52711843973447,133.51078114173288,173.28610874891393,67.53621961967399,424.27071791161336,171.79795157937932
2025-03-30,291.01043165270715,133.62584061655116,170.40206117505937,67.5834547353377,420.60867296705123,162.5461035610402
2025-04-06,264.58092172256767,128.1248622465255,167.25212962149814,67.22232883187324,371.310168730928,148.45354995614076
2025-04-13,279.66501795556,131.0899600552464,174.91115487509703,64.49995036863257,419.2849777736219,156.09396509723928
2025-04-20,275.4591305890969,129.95815916688292,171.07126017947647,66.3064669561761,410.349440013424,153.62999861620744
2025-04-27,288.10446852777136,134.36301406104388,179.57642421526307,65.79312483165619,422.6700674054075,167.927741478953
2025-05-04,296.52357595776675,136.74322766797476,181.5049525850121,65.94782012816562,440.79606106804965,171.67767532423872
2025-05-11,295.1282248113263,140.93428547326542,181.3370772161439,66.34270489270968,442.34253362531115,174.82454480153447
2025-05-18,310.69151788993497,146.046053879508,188.5556383693074,65.72067597292327,469.7951127365779,187.51174366670608
2025-05-25,302.58005274704345,143.62817597903515,187.99389951341595,65.0935237829101,467.3412277621723,182.51476725019444
2025-06-01,308.2569351592258,143.53398570693813,189.42818553287898,64.65413463914405,466.1001786214457,182.51330763485097
2025-06-08,312.8805061903367,143.77157265533583,191.66317789691166,65.65395928941797,478.9734408562781,191.3216122150622
2025-06-15,311.66088516601747,141.35411848772696,189.60633556011518,64.94086214049337,471.84486490791153,191.51571068437698
2025-06-22,311.1847945323541,143.6235668063737,189.25114079908838,65.32177533208733,468.8261853489807,196.50414522843192
2025-06-29,321.8862293858599,146.89920527289968,194.11306444213142,64.94641210862919,480.1052546415494,205.11941035641973
2025-07-06,327.428067960353,148.20273921259886,193.35552248687736,66.11289302144313,490.60659506630645,209.12734259767296
2025-07-13,326.4060478455938,147.84149096793732,194.68724439879108,65.91251940577438,495.9866759189105,212.9242609883931
2025-07-20,328.3374497006898,150.2220882249104,198.3348780743408,65.57024873933605,502.3568129937042,214.72423167431205
2025-07-27,333.1268466207278,149.58035252147732,197.58166515522527,65.26931892078427,502.9557005428285,214.53162561868373
2025-08-03,325.27243324731415,146.75837598933524,199.26453663928726,64.00982258999255,483.04550856866325,212.67782777110384
2025-08-10,333.16908601113624,148.72147069436306,202.71335419767516,63.83346682950945,498.06300537957753,210.1545017459723
2025-08-17,336.3159333269427,148.02169208198248,201.44038097154447,65.24043649746262,508.1371600115741,213.96606565486786
2025-08-24,337.2081290585237,149.34082788254742,196.31809047827454,67.32474831260228,505.8086621075053,214.94922728535522
2025-08-31,336.8613535929643,151.22569805151872,196.70388798049245,67.47079357830722,508.2321452198807,217.66050349428644
2025-09-07,337.96889637944264,150.41946435612823,199.13913854249594,67.9426271101977,498.6713115872479,218.85705308345132
2025-09-14,343.3287414864013,151.54922302456217,200.36246735566374,66.92567801261733,498.679805042153,223.5130223973897
2025-09-21,347.5038722623802,153.97441847489355,203.32406524791656,67.42554293038393,508.7106976194488,233.52478239895675
2025-09-28,346.4266023120656,153.40530382885973,200.67354458077514,67.28225522730928,507.9544496391076,229.3087993765977
2025-10-05,350.1856279901268,146.97027905400645,201.74568269422312,67.68874114047854,510.8680169990491,233.95645400782482
2025-10-12,341.6716028702926,143.11783401787378,202.15971159519205,67.03786245228443,491.68738677536226,226.33100484046133
2025-10-19,347.48561690196857,142.78063144823722,202.44505401469738,67.51889502915657,497.0669542100695,233.1716514689952
2025-10-26,354.14332392940395,144.1077051868513,204.5191254678465,67.8781791552604,505.192596445556,241.44813422151384
2025-11-02,356.67282434995195,146.91120065647343,211.03311383641338,66.28341530687707,515.4298550734669,248.63559958350865
2025-11-09,350.8640043120332,145.45513523825602,204.51365772232992,66.27560210196923,511.12505611300287,240.2083894780933
2025-11-16,351.14089000865283,140.6298862568595,203.02870482009706,65.05596621488307,515.8880811977232,234.1124276911453
2025-11-23,344.30383743206914,136.42595416604388,199.1698554638606,65.9450175511595,502.4221668412477,224.35616352537284
2025-11-30,357.1363628320353,138.93560969545675,202.499240170637,67.02289169670199,516.8929150847098,235.98842697948874
2025-12-07,358.24754650629444,143.09165591816435,203.96854646100954,67.344385617763,530.6322211943783,251.22183710400924
2025-12-14,356.005905367216,144.81471062032853,198.09640445909872,68.70819161071007,532.6046723532554,251.81605208167332
2025-12-21,356.37559551111633,145.24112313902836,200.70696182017946,68.03092681054692,530.4153159504093,254.26630610872976
2025-12-28,361.35217989244615,145.97567798492182,201.80350013734136,67.2067348442908,536.825549623414,253.8841250744964
2026-01-04,357.6254893715993,143.93938126245484,198.1610217186973,67.24818376482192,535.6072489969935,254.99469678945178
2026-01-11,363.2470710267189,146.93192714763535,196.0521602635619,69.35871664673299,538.5832501113575,261.2099977092973
2026-01-18,361.8772570162517,144.05686970305186,192.16715540811322,71.12652092977983,537.5078202116553,255.81442684833618
2026-01-25,360.60495769250207,141.85942829221636,192.2933874780046,71.20676755364126,534.8275151991168,256.04190957744663
2026-02-01,361.8261572835514,142.23216276380543,189.4468690353442,69.48048979611033,541.8838340817362,250.93796274551678
2026-02-08,361.47523171513694,138.19275132340127,178.41739664690675,71.29553338854163,538.2936437390526,250.6518931763559
2026-02-15,356.2848533848863,134.19300780356252,176.72801679491513,70.92384400400906,520.9487674058613,246.28532052535346
