Date,US - SPX,Materials,Industrials,Consumer Discretionary,Consumer Staples,Health Care,Financials,Technology,Communication Services,Utilities,Real Estate,Energy
2000-02-29,100.0,100.0,100.0,100.0,100.0,100.0,100.0,100.0,,100.0,,100.0
2000-03-31,109.67198283536482,109.8287439651512,113.68611192214111,113.9294209245742,103.42729101045936,108.99500437445941,117.83002046479045,108.38926174496643,,110.1029395109395,,112.06690561529271
2000-04-30,106.29455123603759,106.18021889625469,115.32846715328466,111.55717761557177,108.9109176325161,107.71795362006951,118.96813220149373,98.43400447427292,,117.3101467181467,,110.3942652329749
2000-05-31,103.96510076683224,102.82948689905868,114.84184914841849,105.53526034063259,116.67938868042984,104.83066826530477,121.62364451266572,88.19910514541387,,117.05274646074646,,123.3572090800478
2000-06-30,106.45335466435488,93.59642438634089,110.09732360097324,99.63503649635037,123.00076722029361,105.05276713874818,115.32624761295946,96.97986577181209,,112.22651222651223,,116.00955794504182
2000-07-31,104.71377102486012,94.41551021069492,111.80048661800485,101.21654501216545,118.50726422111543,103.4980750246441,126.17599576253953,92.11409395973155,,113.96394337194336,,111.58900836320191
2000-08-31,111.06980320113622,96.57483164850791,122.87104622871045,97.01944525547445,117.06017171306546,107.16270643646088,138.23975528378688,101.14652348993289,,118.40411840411839,,123.77538829151733
2000-09-30,105.12945972440065,86.52273096595229,118.97810218978103,96.89779075425791,121.78218352650323,103.27597615120065,140.81942178952318,82.99776286353467,,132.94723294723295,,125.26879808841099
2000-10-31,104.6091229960961,94.19210583877428,121.65450121654501,95.68124574209244,130.23613227384794,104.83066826530477,139.60546424738425,78.24384787472036,,140.66924066924068,,121.86379928315412
2000-11-30,96.23321591325417,91.80938002904067,117.51824817518248,93.30900243309003,134.72963527302613,95.28041670723674,132.47344051071542,62.19239373601789,,140.60487001287,,115.47190442054958
2000-12-31,96.6232920211551,102.08488508351692,121.65450121654501,99.63503649635037,139.22318701555204,96.83510882134084,143.2473428548598,56.04026845637584,,136.67953667953668,,126.88172043010752
2001-01-31,99.96999208394926,99.35971392040838,122.12165450121655,111.2214501216545,129.0723848462781,103.83566531227812,142.90738545913715,66.75615212527963,,128.98845817245817,,122.83870967741936
2001-02-28,90.74368799700332,100.64633820314836,114.80295863746959,103.27980535279806,129.85227841030397,101.8456594062249,133.29286349645037,50.12973601789709,,131.66537966537965,,121.34770848267623
2001-03-31,84.91751575192254,95.16606884076101,103.51338199513383,101.5669099756691,120.49355564199375,95.3071041078697,128.87400349580918,44.384787472035796,,128.8648236808237,,117.3715651135006
2001-04-30,91.44040051768346,105.31652844474246,115.34793187347931,106.27737226277372,122.8332363340713,102.3431608827382,133.53565859351338,51.56152125279642,,135.08365508365506,,129.4910394265233
2001-05-31,91.90584929236617,109.36711466677342,120.17518248175183,108.80778588807785,124.63678894422885,106.25206551952301,139.4112772144152,49.4496644295302,,136.03088803088804,,128.26762246117082
2001-06-30,89.60495056466071,105.12586272544758,112.50604379562044,107.71776155717762,118.49507838417752,105.0083473640595,137.90586866264962,50.41610738255034,,128.28824710424712,,116.03349103942652
2001-07-31,88.64257999110751,104.83993562827953,112.27250608272506,112.50604379562044,122.10208611779709,102.91176953457317,136.59483853773165,46.92617449664429,,127.13513513513514,,114.6953405017921
2001-08-31,82.9598454060775,104.41104498252749,108.4185304136253,102.65693430656935,122.68700629081648,97.68800403118341,127.5629733708912,41.19910514541387,,122.6048906048906,,109.83990442054959
2001-09-30,76.18008430267955,91.49667109377123,92.14598540145987,89.42092457420924,122.1508294655487,83.50917641473428,119.84213234791005,34.45190156599553,,120.50446332046332,,98.71449462365591
2001-10-31,77.55887612984182,93.97470593589419,93.78102189781022,94.13134793187348,121.3708871581751,83.93560625174571,118.14263844117343,38.21030872483222,,114.16216216216215,,102.6905615292712
2001-11-30,83.38943476574752,105.88833498456232,103.16301703163018,106.66662773722628,126.73270415420058,93.67242086350622,125.81487140006058,43.919445190156594,,112.72072072072072,,96.9557945041816
2001-12-31,84.02101250943275,102.07597368898853,107.83454987834548,111.33823844282237,123.80805454575588,95.7690342288123,127.70864803670551,42.95302013422819,,115.43886743886745,,102.07885304659499
2002-01-31,82.71248333774504,104.45869949872215,101.02189781021897,114.99752798053528,122.97946637732618,95.0583178337933,126.25189539750355,42.48771364653244,,111.27927927927928,,98.4468339307049
2002-02-28,80.99485845313346,109.98662337730416,103.5523503649635,115.62043795620438,125.56281506481403,99.42922366316024,124.06676942922996,36.968250559284115,,111.07335907335907,,101.81123058542414
2002-03-31,83.97051988022206,112.98890555208474,106.04383454987835,116.944,127.22018637506447,105.15049064306329,131.83606300877878,38.78299776286354,,116.05658687258686,,110.45161290322581
2002-04-30,78.81324990197622,107.6515520837652,98.72506082725062,113.67396593673966,122.49203289981001,104.5108458875462,128.48562942987115,34.09395973154363,,109.01415701415702,,106.47554599761051
2002-05-31,78.09750884268696,112.98890555208474,99.15328467153284,113.09002433090025,121.12726790611252,105.96785003315492,128.09711779958286,32.680071588366886,,108.10810810810811,,104.6021505376344
2002-06-30,72.43892620795262,110.51082305544557,92.84675425790755,106.93917274939173,108.45394874734471,98.36311353481196,122.07587236133635,28.313199105145415,,99.87129987129987,,100.16726403823178
2002-07-31,66.71594135029191,97.97768529624669,87.59124087591242,94.17031630170317,103.82333071094124,95.52028349055564,111.92715812148822,25.628635346756152,,85.16855598455598,,86.28916606929509
2002-08-31,67.04161076847333,97.45348561810529,86.22867153284672,97.01216545012166,104.65196762271869,96.44421480408037,114.01517562063054,25.413870246085008,,88.54568854568855,,87.58900836320191
2002-09-30,59.665403249127436,84.30083914837569,75.99026763990267,88.25304136253041,96.46303645709952,90.18991052791303,100.3702574391212,21.172259507829978,,76.89060489060489,,80.8984468339307
2002-10-31,64.82340578144178,89.1139452840376,79.72749391727494,94.20924574209245,100.21632297732168,95.44921185105375,109.54779727177598,26.416107382550337,,75.1197323037323,,82.389486260454
2002-11-30,68.52285296219405,99.83621142783892,83.89294403892944,98.56938199513382,97.43800089882735,98.39868489038267,113.62665800928356,30.604044742729307,,77.3024453024453,,85.7921146953405
2002-12-31,64.38869301008522,94.54656013023028,80.15571776155717,89.96593673965937,97.19423541672153,94.34760143877428,106.8285268748107,26.487695749440714,,78.86739768339768,,85.3715651135006
2003-01-31,62.62349677895082,89.8288106814739,75.8345498783455,86.9683698296837,93.87963902626389,94.02781459683547,105.46888868579872,25.861297539149884,,77.014157014157,,83.2305854241338
2003-02-28,61.55867137204608,87.44608487174025,74.66662773722628,86.57911435523114,91.00383025226634,91.93116569570962,102.21547984120049,25.986577181208055,,72.89575289575289,,85.67741935483872
2003-03-31,62.07315213459555,87.58900076580808,75.17274939172749,88.48661800486617,90.51644551809792,94.95171037454043,100.80723358809453,25.592841163310965,,75.7785945945946,,85.33337156511351
2003-04-30,67.10381532919416,95.49960279960752,83.30896350364964,98.84184914841849,93.19728090108904,98.07889804844386,113.48103119193887,27.937360178970916,,82.32693951093952,,84.60692951015531
2003-05-31,70.51931293932586,98.45423045819342,85.5669099756691,104.09736253041363,97.7791555897409,100.1044042384283,119.25948153312238,30.335570469798657,,90.64603346203346,,93.59139784946237
2003-06-30,71.317747739289,98.78781207155612,87.16301703163018,105.45985401459855,98.26658906725706,104.22655932953857,119.21092729855674,30.55035346756152,,91.0990990990991,,91.94743130227
2003-07-31,72.47478562296533,106.55549821128774,90.04379562043795,107.40632603406326,98.1203590240022,102.66298326049676,124.40667299542424,31.498899328859064,,85.003861003861,,88.69772998805257
2003-08-31,73.77014222179898,109.51007821535742,93.54744525547446,112.89537712895377,99.77763284755713,98.86068608296478,122.94997418575065,33.002237136465325,,86.69240669240669,,94.35599522102748
2003-09-30,72.88900474757571,104.02980885297009,90.66662773722628,107.36739659367396,99.04653137463065,98.82511472739407,123.38695033472398,32.71588366890381,,90.193009009009,,91.94743130227
2003-10-31,76.89509280790028,113.94194822146197,96.27250608272506,117.13868613138688,103.53091936777929,99.50029530266214,131.93323128849707,35.11409395973155,,90.81081081081082,,92.82676224611708
2003-11-30,77.44323979005,116.51529209597429,98.18004866180048,118.18978102189782,104.7495030615697,101.63248002353893,131.4476949238994,35.61519463087248,,91.0167722007722,,93.5531660692951
2003-12-31,81.3746877376613,127.18990372358094,104.17514355231144,122.58884671532849,106.16301140301879,107.1404610132968,136.59483853773165,36.474272930648766,,96.08236808236808,,105.32855436081243
2004-01-31,82.78054833101403,121.56662315809339,105.22627737226277,121.88807785888078,106.16301140301879,110.08996958844546,141.0622168865862,38.03131991051455,,98.05920205920205,,107.69892473118281
2004-02-29,83.79121387157237,127.90472146650103,104.44768856447688,124.5353187347932,112.20718652421911,111.26265164022684,145.0925652569391,37.06489485458613,,99.91244272844271,,113.35718996415771
2004-03-31,82.42048013916383,124.52125081667928,102.81265206812652,123.60097323600974,111.52477965569649,106.35867297877589,142.76171079332286,36.080536912751676,,100.15962934362935,,112.1720430107527
2004-04-30,81.03657830069433,118.75505435712392,102.77368369829682,122.19951338199513,112.9870313448972,109.66353975143406,136.5462783221073,34.70246085011186,,95.87644787644788,,114.08363201911588
2004-05-31,82.01577975065109,122.09087049075097,105.30413625304136,122.97810218978103,112.35341656747397,109.3081460181048,138.87713278572355,36.06262192393736,,97.02960102960103,,113.73954599761052
2004-06-30,83.49116151182365,127.61879436933299,111.57177615571776,123.13381995133818,112.54838995848043,108.59746515890554,138.7799704870639,37.04697986577181,,97.85324066924066,,120.3536439665472
2004-07-31,80.62820620825279,124.71186888145797,108.4574209245742,118.46224817518247,106.99164831479624,102.7695907197496,135.81790499303565,34.79194630872484,,99.33590733590734,,124.0621266427718
2004-08-31,80.8126311617959,126.80866759402356,108.5352798053528,118.22871046228711,108.89263887710925,104.43977424804429,140.2367231262659,33.25279642058165,,103.37198455598455,,122.1505376344086
2004-09-30,81.56935058099131,131.2881921163228,110.48175182481752,121.45985401459853,105.57809122999939,102.3075895271675,138.19731369121754,34.21923937360179,,103.16602316602317,,133.5435698924731
2004-10-31,82.71248333774504,130.0491270407451,111.61070559610707,126.36500243309001,106.260498098522,100.03329706310664,138.92564515287827,35.7226129753915,,108.19047619047619,,134.34647550776583
2004-11-30,85.90476636304683,140.6284296359624,118.61800486618004,131.6594063260341,108.89263887710925,101.98780268522869,143.2473428548598,37.54809843400447,,113.009009009009,,143.40736917562725
2004-12-31,88.6930815539044,141.67687664676137,120.9538102189781,137.38195620437958,112.4996466107288,107.28263982812037,148.24885965134735,37.780760626398205,,114.69759588159589,,138.85786379928317
2005-01-31,86.44999206250866,137.3403633275624,117.56690997566909,131.50364963503648,113.81576574337018,103.94227277153098,145.04400504131476,35.6510067114094,,117.12741312741312,,143.56033452807645
2005-02-28,88.08418618558471,148.15789084923685,118.9294403892944,130.80295863746957,113.66953570011533,107.06942490961464,144.07283661518014,35.70469798657718,,119.63963963963964,,167.64639426523297
2005-03-31,86.40022305378028,143.72602084313232,118.46224817518247,129.09002433090023,112.20718652421911,106.10995777633899,137.85735629549492,35.00671140939597,,120.05143886743885,,163.89964157706092
2005-04-30,84.66283707649106,133.48025220676152,114.14115815085157,120.87591240875912,111.03734617818036,109.8056474946181,138.10015139255793,33.77181208053692,,123.75804375804375,,155.02986857825567
2005-05-31,87.19866232053654,132.6225185697736,117.76155717761556,128.35036496350364,113.62074360901597,111.19154446490518,142.17905997853518,36.11631319910514,,123.67567567567568,,159.35002150537633
2005-06-30,87.18621783495789,129.3343569523412,114.37469586374695,127.61070559610705,110.89111613492551,110.26764868720022,143.10166818904548,35.6510067114094,,129.97683397683397,,169.94026284348865
2005-07-31,90.32215673208702,136.48253438154208,118.73479318734795,134.8515815085158,114.44938052079343,112.75515606976678,145.33530652447376,37.67337807606264,,132.90090090090092,,181.98331182795698
2005-08-31,89.30855204166839,130.7639924381814,115.93187347931875,130.41362530413625,112.45095200632495,112.36426205250632,142.95599352323117,37.315454138702464,,133.76576576576576,,193.6057347670251
2005-09-30,89.9291593414982,131.0499195353494,117.41119221411192,126.4817907542579,113.47451356576113,111.40483045505039,143.34445730504976,37.40490380313199,,138.37841956241954,,205.1899641577061
2005-10-31,88.33374591612274,131.33584663251744,115.73722627737226,123.91240875912408,112.93833674049336,107.99335622313937,147.71471522265568,36.54586129753915,,129.52380952380952,,186.6475890083632
2005-11-30,91.4418656258205,141.39094954959336,122.47205839416057,128.85648661800485,113.96194704327726,109.3081460181048,154.75568930266118,38.85460402684564,,129.31784813384812,,189.4384707287933
2005-12-31,91.35478102752857,144.29787503746837,122.31630170316303,127.10458394160584,113.52320817016499,112.71962025001581,153.78452087652653,37.40490380313199,,129.2767052767053,,192.34408602150538
2006-01-31,93.68129234687365,151.25548205640675,122.66662773722628,129.36253041362528,113.7182303045192,114.17658885980482,155.14415308447983,38.65773601789709,,132.40665122265122,,220.44444444444446
2006-02-28,93.72374474850302,148.01492730065283,126.4817907542579,130.29683698296836,114.69309725955152,115.49141419058996,158.44612812576108,38.74718568232662,,134.13646332046335,,200.10513739546002
2006-03-31,94.76368565104359,154.16240754428176,131.58150851581507,131.03649635036493,115.03434943716057,113.64355156354054,158.05765836288376,39.624161073825505,,126.97039897039897,,207.98084587813622
2006-04-30,95.91560012303336,159.64262925215294,134.42335766423358,132.71046228710463,116.15539769209997,110.12554094401617,164.90444540992024,39.10516331096197,,128.98845817245817,,218.45639187574673
2006-05-31,92.95018551931786,153.20922191135594,132.1265206812652,130.49148418491484,116.39911443085806,107.81567712438462,158.68886939329576,36.56374049217002,,131.08880308880308,,212.37753882915175
2006-06-30,92.95823468048538,152.97104463941494,131.6204379562044,129.98540145985402,117.91015821115816,107.46035446269487,157.03793570218346,36.38478747203579,,132.98322779922782,,216.96535244922345
2006-07-31,93.43100899585329,147.2524073870219,124.14598540145985,125.66423357664233,119.76245416906728,113.32372918578197,160.6312600750934,35.43624161073826,,139.36679536679537,,224.22935244922343
2006-08-31,95.41867832416285,151.6843250476426,125.54744525547446,128.15571776155718,124.39302346212303,116.55748878311849,162.52503671173832,37.923937360178975,,143.1969111969112,,212.8363201911589
2006-09-30,97.76276200756621,150.77888923994385,129.79075425790757,136.05839416058396,123.71061659360039,117.94338575340558,168.10925217148318,39.37360178970917,,139.98459716859716,,204.3488649940263
2006-10-31,100.8430714634188,159.83319966241544,133.45012165450123,144.85648661800485,125.9040672424231,118.33427977066604,172.04243824317643,40.966442953020135,,147.39764221364223,,213.06571087216247
2006-11-30,102.50361966578919,166.79080668135379,136.72019464720194,146.6860924574209,124.83171359188756,118.19210095584249,173.2563957853154,42.09395973154362,,151.3102084942085,,231.34046356033454
2006-12-31,103.79678306921036,165.88537087365503,136.2919318734793,149.33333333333334,127.31762432721996,119.00949588175385,178.40368892561526,41.62861744966443,,151.22779922779924,,224.15292712066906
2007-01-31,105.25606650804787,172.74762120568786,139.13385888077858,153.61561070559608,129.90097301470783,122.63407842471135,180.05462859778623,42.46979865771812,,150.6924066924067,,222.08841099163683
2007-02-28,102.95662395489325,178.46616314904858,137.88807785888076,148.8272506082725,128.19500458674904,119.68460538538241,174.5675275882314,41.25279642058165,,158.35263835263837,,217.53879091995222
2007-03-31,103.98412930544137,181.32543412072891,138.3941605839416,148.04866180048663,129.90097301470783,119.57799792612957,173.01365451778074,41.736035794183444,,163.5006435006435,,230.4611708482676
2007-04-30,108.4856740564994,184.04174154382525,144.8175182481752,151.55227250608272,133.556724096079,128.3198451206832,179.7146712020636,43.70469798657719,,171.53149034749035,,242.2747909199522
2007-05-31,112.01679907283668,194.9069235816944,152.33090024330903,156.10709489051092,135.3602767062365,130.52306594524214,184.03636890404516,45.90602237136465,,172.31402831402832,,261.12305854241333
2007-06-30,110.02107164977339,193.00079058842368,151.98049635036497,153.1094890510949,131.8507556681202,125.47697954060715,175.684316850652,45.816572706935126,,163.006435006435,,263.76108960573475
2007-07-31,106.50239111901476,187.85410283939905,153.42092457420924,144.0389294403893,128.09751789124581,119.50696182244742,159.75715825067908,45.727069351230426,,156.49935649935648,,263.7992831541219
2007-08-31,107.87239229735476,186.5673832476267,153.45985401459853,144.93430656934305,131.1195567084982,122.24318440745088,163.8846689196916,46.60400894854586,,158.97044015444015,,266.97252090800475
2007-09-30,111.73357758949155,200.67316769576595,159.9221411192214,143.3771289537713,136.38388700902047,125.6191583554307,166.65255336180957,48.26845637583892,,163.9124839124839,,285.973715651135
2007-10-31,113.3897304674508,209.01270802983362,157.8588807785888,142.6763600973236,138.47985096233992,127.96445138735395,163.78755446950163,50.82772259507829,,174.82625482625485,,293.2377538829152
2007-11-30,108.3956592419334,198.48101229629484,153.38195620437958,134.89047201946474,142.28183208696595,129.59913463171745,150.53110605086962,46.99774496644295,,175.97940797940797,,280.88888888888886
2007-12-31,107.46036636815684,198.7193325317844,152.4476885644769,127.29927007299271,140.38084152465294,125.47697954060715,140.47946439380055,47.71364653243848,,174.33204633204633,,303.3692138590203
2008-01-31,100.88772152725373,190.3797921977167,144.0389294403893,126.83211678832116,132.58190588439442,119.75571256070407,141.49924088402918,41.61073825503356,,161.52380952380952,,266.09322819593785
2008-02-29,97.380743994419,194.76400768762656,141.11922141119223,121.92704622871047,132.24070245013314,116.55748878311849,125.42640163718323,39.64204026845638,,154.89317889317888,,290.752688172043
2008-03-31,96.800391434013,191.4281915539995,145.5960681265207,119.59124087591239,135.79896683600106,110.76515016371353,120.7647943879487,40.08946756152125,,156.25225225225222,,283.1445639187575
2008-04-30,101.40293037707863,201.62625801965942,149.87834549878346,122.4330900243309,134.7753077898694,111.86676057599301,129.2139608915318,42.59507829977629,,164.24195624195625,,312.5448028673835
2008-05-31,102.48532368124856,212.11020392797118,151.20194647201947,125.78102189781022,138.8698464877006,113.99890976105004,120.2306021107874,45.36914541387025,,170.13127413127413,,328.7933094384707
2008-06-30,93.67544084791169,198.8622960803684,132.3989878345499,110.87104622871047,130.38845523557174,108.66853679840742,98.37931252275793,41.002237136465325,,167.61904761904762,,338.2747909199522
2008-07-31,92.75185990564525,192.42893639408763,133.45012165450123,111.06569343065694,133.556724096079,113.5369441042877,105.03186468835575,40.00001789709172,,156.82882882882882,,284.44440621266426
2008-08-31,93.88254817682032,189.42670187382325,137.10948905109487,118.73479318734795,137.1637805730463,115.88230820785044,104.01213604659677,40.7158836689038,,155.09909909909908,,285.4002007168459
2008-09-30,85.35881704310268,159.16603643569002,119.90267639902676,108.613099756691,134.53168853780682,106.78513835160703,96.58269818477261,35.52574496644296,,136.85456885456884,,242.00716845878136
2008-10-31,70.89694009485503,123.52050597659117,98.02429197080292,89.45985401459853,117.56895477689685,94.52531607334879,75.41122769124914,29.798639821029084,,119.06306306306307,,196.511311827957
2008-11-30,65.59037202401026,110.32015733615069,89.96593673965937,79.76646228710463,117.32528678148651,88.5552628193693,61.47496017811114,27.293064876957494,,124.04633204633204,,192.2293906810036
2008-12-31,66.1033921452158,108.36641748120151,91.1727493917275,83.97084184914841,116.35037108310644,94.34760143877428,60.79514108360515,27.579418344519013,,119.55727155727156,,182.63321385902032
2009-01-31,60.44115120693196,100.3604111059803,80.23357664233576,75.05596107055962,107.96646652648081,93.21045520674384,44.86798248363223,26.272930648769577,,119.35135135135135,,179.38351254480287
2009-02-28,53.79678306921036,92.30679786908067,66.56938199513382,68.2433090024331,99.24145602228937,81.66131378768485,36.90440019311643,25.27069351230425,,104.4015855855856,,157.2626045400239
2009-03-31,58.391268384315374,105.84072812288386,71.7469197080292,76.49631143552311,102.84851249925669,86.03225515287156,42.77997096554862,27.95525727069351,,105.22522522522524,,162.33217682198327
2009-04-30,63.87567288887968,122.32914307172436,84.71042335766423,90.66662773722628,107.23536505355433,85.92557662197919,52.10318546401772,30.87248322147651,,106.46078764478766,,175.02508960573476
2009-05-31,67.26628599464718,129.47732050092523,87.5523503649635,90.00486618004867,112.69462000173527,91.78902241670582,59.38694866002753,31.58834899328859,,110.24967824967824,,197.58180167264038
2009-06-30,67.27945856750124,122.9486517822551,85.4890900243309,89.84914841849148,112.06100522431204,93.49474176475145,58.02731047101555,32.59062192393736,,114.86229086229088,,183.7037037037037
2009-07-31,72.26767382726356,138.76995115888639,92.96350364963504,98.37469586374695,119.51868868696145,99.03832964589978,63.17450791437612,35.257270693512304,,119.1866151866152,,193.52927120669054
2009-08-31,74.69299060999688,142.05811277631878,97.40145985401459,101.83941605839418,120.98103786285768,101.70351612722108,71.38087932089624,35.82997762863535,,120.3809523809524,,195.6320191158901
2009-09-30,77.36127413665153,147.44307310631677,102.54014598540147,106.93917274939173,124.10061211896108,101.88119522597586,72.54628262846956,37.35123042505593,,120.79279279279278,,206.1457586618877
2009-10-31,75.832460596408,139.81835051516916,98.45251581508515,104.40879805352799,125.9040672424231,99.74908157673855,68.224584926488,36.88590604026846,,116.92149292149293,,211.23058542413384
2009-11-30,80.18251852624772,154.87717763268566,107.09485158150851,111.41605839416057,130.5346852788266,109.02385946009719,71.18664443945757,38.92617449664429,,122.56366537966537,,217.23301314217443
2009-12-31,81.60740765820957,157.2122965807408,108.18487591240876,115.89294403892944,129.0236414985265,110.40982750202377,69.92412668169428,41.03801342281879,,127.75289575289574,,217.9593405017921
2010-01-31,78.59003531714633,143.63071181074295,106.58880778588808,112.54501216545012,127.70757110923287,111.156044180974,68.85584380536964,37.510514541387025,,121.61647361647363,,208.363201911589
2010-02-28,80.83092714633652,150.11172601321843,112.27250608272506,118.81265206812652,131.75326897261698,111.58243848216564,71.28376487070626,38.81879194630873,,120.010296010296,,214.6332138590203
2010-03-31,85.5834967360696,161.64411893232918,121.61561070559613,127.84428223844284,136.1401215269146,114.17658885980482,77.4506789937084,41.34229977628635,,122.15186615186614,,219.90919952210274
2010-04-30,86.84664328985386,161.97774820020808,126.79322627737228,135.5523503649635,134.6778698377139,109.73461139093594,78.46555101579908,41.859525727069354,,125.36422136422136,,229.04659498207883
2010-05-31,79.72731657493809,146.53763729861797,115.23118248175183,126.01459854014598,128.43877006885486,102.59191162099486,71.28376487070626,38.72930648769575,,118.44526126126125,,202.8195937873357
2010-06-30,75.43141404465167,135.19586244428592,106.78341605839417,113.4014598540146,124.29553676661978,100.21101169768114,67.05918161891469,36.51004921700223,,116.3860592020592,,189.93544563918755
2010-07-31,80.61942449301675,152.54205868463055,117.91723600973236,122.39416058394161,131.5095522338589,101.52587256428609,71.42943953652058,39.230425055928414,,125.07593307593308,,205.83990442054957
2010-08-31,76.7940986158927,147.9195706137473,109.74209245742092,117.52798053527982,129.0723848462781,99.8556890359914,65.81851266860006,37.02908277404922,,126.88803088803088,,195.74671445639189
2010-09-30,83.51750665753178,156.2115040861365,121.7712895377129,130.06326034063258,135.8964535315043,108.34874995646864,69.65462615751429,41.19910514541387,,129.23552123552122,,214.3273596176822
2010-10-31,86.59562738476501,165.83771635746035,125.27490024330899,137.2651678832117,140.23461148139808,110.76515016371353,70.69620360672194,43.57943624161074,,130.63577863577862,,226.4851039426523
2010-11-30,86.3973017710924,167.69624248905257,126.94890510948905,140.7298880778589,138.04120957592315,107.56692638612795,70.21547601332293,42.86353467561521,,126.68206949806948,,239.75153166069293
2010-12-31,92.03904906263006,183.0409967037371,135.74695863746956,145.63503649635035,142.86675225998533,111.9378322154949,77.4506789937084,45.08277404921701,,129.07078507078506,,260.9318996415771
2011-01-31,94.12332619212232,183.18396025232113,141.0803309002433,144.73962043795618,140.77078830666585,112.57744143519226,79.63576309457106,46.51455928411634,,130.63577863577862,,279.6654336917563
2011-02-28,97.13118426388098,188.04476855869393,144.07781995133823,153.42092457420924,144.86522951780157,116.09200508020079,81.82099074084265,47.53467561521252,,132.24195624195625,,300.2723632019116
2011-03-31,97.02945751780486,190.71337381107944,146.627698296837,152.01946472019463,145.8400964728339,117.65909919539797,79.58725072741636,46.644295302013425,,131.25353925353926,,304.89844683393073
2011-04-30,99.79434884564219,194.76400768762656,150.65693430656935,157.8588807785888,153.63903211309238,125.22826433817022,79.53869649285072,47.85684116331097,,136.56628056628054,,307.68554360812425
2011-05-31,98.4470300426677,189.42670187382325,146.49148418491484,157.43065693430657,157.48975658547002,128.3198451206832,76.91654054607544,47.355722595078305,,139.4903474903475,,294.805256869773
2011-06-30,96.64963716686323,187.6158302584257,144.97327493917274,156.53531873479318,152.22547502829553,126.25876757512806,74.53717371530448,45.99552572706935,,137.88416988416986,,288.0765017921147
2011-07-31,94.57414175260702,181.13476840143403,135.0072603406326,154.35519221411192,150.2757411182309,121.24821699024399,71.84218641668075,46.1923937360179,,136.60746460746464,,292.2819593787336
2011-08-31,89.20317145883587,168.41106023197267,126.13134793187348,146.25794647201948,150.5682012047406,118.6896024323558,64.97117010083107,43.74049217002237,,139.57271557271557,,262.4229390681004
2011-09-30,82.80177453182873,139.88983228946117,113.75182481751824,135.7080291970803,144.57276943129187,112.75515606976678,57.34749735756826,42.237154362416106,,138.46074646074644,,223.69410752688174
2011-10-31,91.72143327240926,164.1698082906468,130.1021897810219,151.90267639902677,151.29930267766707,119.25821108419076,65.52959164680557,46.550317673378075,,143.5264247104247,,266.51377777777776
2011-11-30,91.25744067227738,164.50338990400954,131.93187347931874,150.8126909975669,155.491230584306,120.3953573162212,62.20333948824148,45.852348993288594,,145.00905019305017,,270.94862604540026
2011-12-31,92.03611884635599,159.64262925215294,131.38686131386862,151.90267639902677,158.36718558834684,123.27375871604819,63.12594769875177,45.54809843400447,,148.18018018018017,,264.2962962962963
2012-01-31,96.04733478516022,177.1794435572762,141.00243309002434,160.85648661800488,156.12494284842478,127.21823470840373,68.24886204377083,48.375838926174495,,142.82621364221362,,270.2604540023895
2012-02-29,99.9458446004467,176.17874637170428,144.93430656934305,168.13625304136252,161.97414457861862,128.5685603231201,71.67222865252488,51.803149888143174,,143.6911196911197,,286.2795698924731
2012-03-31,103.07737923957849,176.17874637170428,145.65446228710465,175.53284671532847,166.11732913750598,133.65021808332583,76.69802854735396,53.977628635346754,,144.32947232947234,,274.31302270011946
2012-04-30,102.30456149804806,174.7491108858641,144.07781995133823,177.55717761557176,166.60471387167436,133.2948243499966,74.92564347818181,53.36914541387024,,146.86229086229085,,272.3632401433692
2012-05-31,95.89510647628718,161.16762142489867,134.9683698296837,167.78592700729925,164.65502870495752,128.46195286386725,68.03035004504933,49.98655928411633,,147.68597168597168,,243.26881720430106
2012-06-30,99.68823570874115,168.17273999648313,138.86131386861314,170.4330900243309,169.48062013236748,135.0538829634884,71.06524689092608,51.40941387024609,,152.33980952380952,,253.74432497013143
2012-07-31,100.9440656554264,166.02833442223906,139.40632603406326,169.49874452554747,173.67254803900641,136.42201202389998,71.18664443945757,52.36687248322147,,156.16988416988417,,266.28431063321386
2012-08-31,102.93906052442117,169.88830257949132,141.54744525547446,177.323600973236,172.84395987057667,138.02112391269276,73.61456550479419,54.56825055928412,,149.70403088803087,,273.47192353643965
2012-09-30,105.43390740856051,175.36861959639484,142.20924574209246,182.15081265206814,174.6230433201629,142.56970884081446,75.70257702287778,55.16778523489933,,149.86872586872585,,280.7550776583035
2012-10-31,103.3474326168627,171.70017493972898,142.05119221411192,179.3545498783455,172.50270769296762,142.2459775228833,77.20449263635977,51.669798657718125,,151.94934362934364,,275.03977060931896
2012-11-30,103.64163347764945,174.89207443444815,144.54501216545012,185.0316301703163,175.6709765534749,142.99617421364562,76.5280707831981,52.13422818791946,,145.46207464607465,,271.67502986857824
2012-12-31,104.3741964797561,178.89500614028444,147.5425401459854,184.67776155717763,170.11423490979072,141.71859042195945,79.58725072741636,51.63312751677852,,143.816731016731,,273.05137395459974
2013-01-31,109.63758852848918,185.94792219161215,156.02919708029196,195.15328467153284,179.7167231602067,152.4842025513297,84.39453862352393,52.617431767337806,,150.65122265122264,,295.72285782556753
2013-02-28,110.85025138664892,183.4222804878107,159.49391727493918,198.267600973236,185.66341158590384,154.40313681788106,85.41426128422421,53.02908277404922,,154.15182496782495,,297.0227001194743
2013-03-31,114.83949963698372,186.7103467962107,162.56930413625307,206.32603406326035,193.85229400817528,163.49675309214936,88.42003037420852,54.1744966442953,,161.0296422136422,,303.2162485065711
2013-04-30,116.91646015937695,188.47361154992979,161.3625304136253,212.59367396593674,199.55526569511426,168.19103488124995,90.80424784358911,55.12304250559284,,170.62544144144144,,299.2401433691756
2013-05-31,119.34397460431583,192.04770026453022,169.45985401459856,218.47201946472018,195.2171077452205,170.96282882182413,96.3403935345234,56.66219239373602,,155.181425997426,,307.7658303464755
2013-06-30,117.55389833561037,182.73124234847177,165.99513381995135,219.56200486618008,193.36486053065912,169.18603783427656,94.42189718225148,54.73827293064877,,154.975546975547,,299.35483870967744
2013-07-31,123.368358649181,192.90548155603432,175.80535279805352,231.12408759124085,201.74871634393696,181.3037523693508,99.49625131164618,56.78747203579418,,161.68850450450452,,315.10633213859023
2013-08-31,119.50717335704427,192.66716132054475,171.44521654501216,224.54497323600972,192.58491822328548,174.90730481417964,94.39757221649901,56.19685011185682,,153.61647361647363,,311.8566690561529
2013-09-30,123.06245479047033,200.19657487930306,180.65206812652067,236.029197080292,193.99852405143008,179.77571212005992,96.65553551767977,57.342263982102914,,153.9006435006435,,316.97586618876943
2013-10-31,128.55051759858412,208.5838173840816,189.27493917274938,246.8515815085158,206.4037060542163,187.5225208257672,99.86039610877107,60.22371364653244,,159.71171171171173,,330.284348864994
2013-11-30,132.1562916612209,211.30012480717792,196.20437956204378,255.37712895377126,209.6451386796987,196.3709399437539,104.3034913592841,62.085011185682326,,156.62290862290862,,330.47550776583034
2013-12-31,135.2702628698806,220.25917385177632,203.44525547445252,260.1654501216545,209.49890863644382,197.01058469927102,106.14870778030472,63.96420581655481,,156.37580437580436,,338.389486260454
2014-01-31,130.45695382756375,209.87048932133777,194.7639902676399,244.55474452554745,198.67788543558518,198.8584473263205,102.26403407576612,62.317673378076066,,161.02960102960105,,318.77658303464756
2014-02-28,136.08187024269785,224.3574622445182,202.66666666666669,260.2043795620438,206.42807772809206,211.2249125996513,105.37177423560873,65.05592841163312,,166.58944658944662,,335.1015531660693
2014-03-31,137.02521227764194,225.31055256841165,203.7177615571776,251.95133819951337,209.8888554184568,207.84900972331104,108.47951439545133,65.05592841163312,,170.74903474903476,,340.49223416965356
2014-04-30,137.8748767276774,227.1690787000039,206.4428223844282,248.5255474452555,215.64057045314743,206.53418439252582,106.63429199337205,65.23489932885906,,177.95624195624197,,358.38470728793305
2014-05-31,140.77442400032947,233.8883654834527,210.41362530413625,255.6885644768857,219.54003827327665,212.4686662909346,108.23671929838834,67.68680089485458,,176.02059202059203,,364.38709677419354
2014-06-30,143.45734967476832,236.55701839035436,210.45255474452554,259.81508515815085,217.4928176677088,216.16439154503348,110.42185124772061,68.63534675615213,,182.2805662805663,,382.700119474313
2014-07-31,141.29403710815168,231.83922128708176,201.77128953771287,256.5060827250608,210.27831476699217,216.44867810304106,108.81942394270432,69.79865771812081,,169.88416988416986,,369.43369175627237
2014-08-31,146.61450583912594,240.79827033168021,210.2968369829684,267.9124087591241,219.97872840304123,226.93174492957158,113.43247097631452,72.08948545861298,,178.24453024453024,,377.5005973715651
2014-09-30,144.3399522571286,236.31874580938103,206.90997566909974,259.6204379562044,219.88124170753798,227.10942402832632,112.50986276580423,71.40939597315436,,173.34362934362937,,346.45639187574676
2014-10-31,147.68884998212837,230.64785838221496,214.92944038929443,265.10948905109484,227.68017734779647,239.04945946464576,115.76327759146115,72.55480984340045,,187.26383526383526,,334.22222222222223
2014-11-30,151.31218747523724,234.26960161301005,221.54744525547443,279.5523114355231,240.30470441546493,247.36484128636826,118.48254798842642,76.04474272930649,,189.44658944658946,,305.1660692951015
2014-12-31,150.67840313576022,231.5056396737191,220.26277372262774,280.8759124087592,236.35649324758407,242.9939354570013,120.08497529344271,74.00447427293065,,194.47104247104247,,302.64277180406214
2015-01-31,146.00122407998134,227.2643877323932,212.4379562043796,272.4671532846715,234.06555590325814,246.15662341483593,111.73292922110825,71.40939597315436,,199.001287001287,,288.8410991636798
2015-02-28,154.01559786283605,245.37310388636877,223.80535279805352,295.7469586374696,243.76548210582962,256.7107618808683,118.2397588724221,77.1185682326622,,186.27541827541828,,302.10752688172045
2015-03-31,151.3363260251536,232.45872999761255,217.1094890510949,293.3333333333333,237.57507694137448,257.63469319439304,117.0743555648488,74.165548098434,,182.98069498069498,,296.6021505376344
2015-04-30,152.62583559181837,240.27407065353881,216.56447688564478,293.17761557177613,235.77157307456466,254.82380985209284,117.17147001503878,76.20581655480983,,182.1158301158301,,316.1003584229391
2015-05-31,154.22709158256959,241.1795064612376,217.26520681265208,297.0316301703163,237.8187936801325,266.305433213625,119.45371641456106,77.61968680089485,,183.26898326898328,,299.6989247311828
2015-06-30,150.98652252384886,230.60020386602028,210.45255474452554,297.73236009732364,232.0183352976903,264.35096312732276,118.38543353823643,74.09395973154362,,170.74903474903476,,287.3500597371565
2015-07-31,153.9673028958309,218.9725019145202,211.07542579075425,312.2919708029197,245.22778253837808,272.16884347253193,122.41578190858932,76.20581655480983,,181.16859716859716,,265.2520908004779
2015-08-31,144.33190309596108,206.6299822201,199.669099756691,291.89294403892944,230.60477821289345,250.49199342445192,113.7723805235675,72.0,,174.86743886743886,,253.97371565113502
2015-09-30,140.51535893407308,190.2368286491327,194.21897810218977,289.09002433090023,230.019858039874,235.35373421054692,110.03338148484328,70.69351230425056,,178.28571428571428,,233.97849462365593
2015-10-31,152.17576151898837,215.77964932947714,211.27007299270076,315.2116788321168,243.13181858505865,253.51253810328274,116.92868089903448,78.12080536912751,,180.18018018018017,,260.0908004778973
2015-11-30,152.25259036032102,217.92410255823737,213.09975669099757,314.4720194647202,240.8896245884843,252.69521424901086,119.25948153312238,78.67561521252796,,176.35006435006434,,260.05256869772995
2015-12-31,149.58357427959785,206.91590931726807,206.36496350364962,304.2756204379562,246.10516279790718,255.96450966609834,115.71471737583683,76.65324384787472,,178.24453024453024,,230.61409796893665
2016-01-31,141.99440346558822,184.75655928674536,194.60827250608273,288.5060827250608,247.42123318720078,236.2065938845697,105.46888868579872,73.80760626398211,,187.05791505791507,,222.54719235364396
2016-02-29,141.40819940622026,199.1958776937311,202.9002433090024,289.79075425790757,248.20112675122664,235.35089134496684,102.40970874158046,73.32438478747203,,190.68211068211068,,216.31541218637992
2016-03-31,150.73988407599873,213.53988706832757,215.94160583941604,307.9318734793187,258.6322031700724,240.86178627194425,109.25644794014731,79.39149888143177,,204.35521235521233,,236.61648745519713
2016-04-30,151.14679106030323,224.45277127690755,218.62773722627736,308.32116788321173,254.92770874094956,248.00732890746548,113.18968186031022,75.40044742729307,,199.41312741312743,,258.06451612903226
2016-05-31,153.4630555562752,223.69029901779277,217.69343065693428,308.4768856447688,256.68246926000774,253.54807392303366,115.32624761295946,79.08724832214766,,202.41956241956242,,255.65591397849462
2016-06-30,153.6028483131558,220.83102804611246,218.04379562043798,303.88321167883214,268.81956285016,254.80959552419242,110.9802727936951,77.61968680089485,,216.0926640926641,,260.89366786140977
2016-07-31,159.07261513672898,232.02983935186046,225.9464720194647,317.74209245742094,266.6261122013374,267.22936452714976,114.84066339989214,83.13199105145415,,214.65122265122264,,257.60573476702507
2016-08-31,158.8786669802951,231.41033064132972,228.08759124087592,313.6155717761557,265.06632507328567,258.5586245079178,119.25948153312238,84.09843400447427,,202.74903474903473,,261.9259259259259
2016-09-30,158.68253902882805,227.55031482956127,227.27007299270073,311.59124087591243,259.36335338634666,256.24879622410594,115.43443300281207,85.5123042505593,,201.76061776061775,,269.9545997610514
2016-10-31,155.60002297718373,222.784863210094,222.71532846715328,304.03892944038927,257.36487612853034,239.36928184240435,118.06609883292798,84.86800894854586,,203.57271557271557,,262.34647550776583
2016-11-30,160.91757935905628,237.9866538761945,242.95863746958636,318.63746958637466,246.54385292767168,244.30876078778653,134.63363144524868,85.01118568232661,,192.53539253539253,,284.55913978494624
2016-12-31,163.84640199369056,236.8429454875224,242.21897810218977,316.8856447688565,252.0518512236043,244.98394136305456,139.05961488680728,86.5503355704698,,200.03088803088804,,287.9617682198327
2017-01-31,166.7766897364619,247.61286614751842,246.73479318734795,330.23844282238446,256.34126582574646,250.59860088370476,139.4184784090958,89.62863534675614,,202.54311454311454,,278.7096774193548
2017-02-28,172.98047573669254,248.9948471171639,256.3892944038929,336.2335766423358,268.575846111402,266.4831123123797,146.77518061601077,93.69127516778524,,213.2097812097812,,272.8984468339307
2017-03-31,172.91315223107827,249.75731937627864,253.27493917274938,342.3844282238443,266.04119202831794,264.24435566806983,141.93052306511555,95.40939597315436,,211.31531531531533,,267.24014336917566
2017-04-30,174.4851417934335,252.90251744512702,258.2579075425791,350.5985401459854,268.9657928934149,268.29543911967824,140.73431132415377,97.32438478747204,,212.92149292149293,,259.36439665471926
2017-05-31,176.50502563358557,252.95017196132167,262.85158150851584,354.45255474452557,276.08232166515074,270.3565166652334,139.05961488680728,101.17225950782998,,221.73487773487776,,250.18876941457586
2017-06-30,177.35468115003485,256.42895164353286,265.14841849148416,348.92457420924575,267.7959525473761,281.5858357065338,147.55271824763594,97.93288590604027,,213.992277992278,,248.20071684587813
2017-07-31,180.7862860160878,260.3842764876906,265.9270072992701,355.65936739659367,269.6481997619375,283.89566399034567,150.06476290365566,102.29977628635348,,219.18146718146718,,254.70011947431303
2017-08-31,180.88507361230361,262.43342068406156,266.51094890510944,349.0413625304136,266.674855549089,288.87067875547876,147.7321500087802,105.28859060402684,,226.38867438867442,,240.74551971326167
2017-09-30,184.37669431045802,270.67765198573983,276.39902676399026,350.676399026764,263.116591163221,290.43425482452056,154.67017810635852,105.77181208053692,,218.48133848133847,,261.81123058542414
2017-10-31,188.46766930686897,281.16164554856783,278.4622871046229,358.11192214111924,258.7784332133273,288.23103399996165,159.09616154791715,112.66219239373602,,227.006435006435,,259.63201911589005
2017-11-30,193.76033671758424,283.8302984554695,290.0632603406326,376.25304136253044,273.20646414780543,296.61748746118604,164.59873555634132,114.25503355704699,,233.1016731016731,,264.1816009557945
2017-12-31,195.665316772013,288.4527865263527,294.5790754257908,384.19464720194645,277.3009053589412,293.81015770086094,166.93134845121682,114.45190156599554,,216.95752895752895,,276.26284348864993
2018-01-31,206.65754071057566,299.9851794454635,310.3844282238443,419.698296836983,281.8340366998414,313.07057200587616,177.87668588101712,122.50559284116332,,210.20334620334623,,286.1648745519713
2018-02-28,198.6087726208453,284.1638800688322,298.39416058394164,405.1386861313868,260.33822034137893,298.9983873844997,172.67316480783336,122.00447427293064,,202.04890604890605,,255.15890083632016
2018-03-31,193.2692753512619,271.3448152124653,289.20681265206815,394.31630170316305,256.53623921675296,289.2615727727392,164.8977884915818,117.08277404921701,,208.1029601029601,,257.72043010752685
2018-04-30,193.7947310244599,271.67839682582803,281.14841849148416,403.698296836983,245.9101894069007,292.317653271321,164.1800614470047,117.15436241610738,,212.34491634491636,,282.1887694145759
2018-05-31,197.98231382205353,277.2539752206047,289.79075425790757,411.71776155717765,242.05946493452308,292.8506905675852,162.56517559670633,125.10067114093961,,209.99742599742598,,290.63799283154117
2018-06-30,198.94103055885031,276.7297755424633,278.8515815085158,425.4987834549878,251.17447096407523,296.58195164143507,159.03635096086904,124.331096196868,,213.992277992278,,290.3321385902031
2018-07-31,206.10719606622035,284.64042523077893,299.44525547445255,433.1678832116788,261.1181139054048,316.02004504520517,167.17059079940918,126.9261744966443,,217.4105534105534,,294.8434886499403
2018-08-31,212.34466168643058,282.448317485824,300.1459854014598,455.27980535279806,262.1417242081887,329.7013356493212,169.44339310723655,135.3020134228188,,220.2110682110682,,284.5973715651135
2018-09-30,213.2565306971869,276.06261231573785,305.20681265206815,456.330900243309,262.8728744244629,338.1233249302965,164.95759907862987,134.81879194630872,,216.83397683397683,,289.5675029868578
2018-10-31,198.45581175790375,250.71040970017208,272.03892944038927,410.2384428223844,268.1371559816374,315.2027211909333,157.1822227623783,124.02684563758388,,221.11711711711712,,256.76463560334525
2018-11-30,202.000104880302,260.2413129391066,282.39416058394164,420.39902676399026,274.23007445058937,340.68190395236496,161.3091532686964,121.59284116331095,,228.94208494208493,,252.75029868578252
2018-12-31,183.46116252935911,240.75061581548556,250.74452554744525,385.44038929440393,247.51871988270403,307.42037666547503,142.46881834854835,110.92617449664428,,217.94594594594594,,219.25925925925927
2019-01-31,197.89669433189863,254.23684389857786,279.3965936739659,423.4744525547446,260.2407336458757,322.2032776818706,155.14866280274327,118.62192393736018,,225.52380952380952,,243.84229390681003
2019-02-28,203.77994325922063,262.3381116516722,297.1873479318735,429.04136253041355,264.8713516822792,325.6857880174638,158.6176768515324,126.81879194630872,,234.7902187902188,,249.46236559139786
2019-03-31,207.43254718072546,264.48256488043245,292.08759124087595,443.21167883211683,273.49892423431515,326.04114621497325,153.7730193006372,132.4384787472036,,239.56756756756755,,252.78853046594983
2019-04-30,215.5874462745293,273.77519553839363,303.6885644768857,467.4257907542579,281.29785987457365,317.1927270969865,167.5892649087458,140.86800894854585,,241.79150579150578,,252.75029868578252
2019-05-31,201.40659314742123,251.37757292689753,280.48661800486616,431.8832116788321,271.06175684673434,310.15663478629824,155.5673369120799,128.662192393736,,239.8970398970399,,224.68817204301078
2019-06-30,215.2895826433999,278.77891973883425,301.3917274939173,464.0389294403893,283.0526203936318,329.20383417280783,165.07722025272608,139.668903803132,,245.58043758043758,,243.57467144563918
2019-07-31,218.11593704430337,278.01644747971943,302.94890510948903,469.95620437956205,289.6817156878515,323.87346121016526,168.96490841085182,144.55480984340042,,245.25096525096527,,239.71326164874554
2019-08-31,214.16986481608023,270.1534523075985,294.9294403892944,465.5182481751825,295.9696075478099,321.95452694361387,161.010100333456,142.33557046979865,,257.72972972972974,,219.7562724014337
2019-09-30,217.84955537094794,277.34928425299404,302.20924574209243,469.87834549878346,299.381641890423,320.2843434153192,167.46964373464962,144.12527964205816,,266.6254826254826,,226.3321385902031
2019-10-31,222.3006074927953,277.3016297367993,305.6350364963504,470.4622871046229,298.114314848881,336.70189214025845,171.65638482801583,149.74496644295303,,264.60746460746464,,221.59139784946237
2019-11-30,229.86928466005872,286.1177152328138,319.3771289537713,476.69099756691,302.2087560600167,353.54587070220913,180.32891994998877,157.7807606263982,,259.66537966537965,,225.14695340501794
2019-12-31,236.4412058804795,292.6940384676786,317.1581508515815,488.2530413625304,306.98560413967505,361.96785998318444,184.09698693401842,164.06263982102908,,266.13127413127415,,229.54360812425327
2020-01-31,236.05625765105822,274.6329768298977,315.7566909975669,487.8637469586375,307.9604710947074,352.3021170109259,179.1925187960751,170.61297539149888,,284.0875160875161,,204.31063321385903
2020-02-29,216.20145165415622,251.2346093783135,284.49635036496346,450.91970802919707,282.6626736116189,329.097226713555,159.03635096086904,158.15659955257271,,256.0823680823681,,173.07526881720432
2020-03-31,189.15048116741963,214.635940940805,229.72262773722628,381.81995133819953,265.50501520305016,314.77629135392186,124.52564223412162,143.83892617449666,,228.20077220077218,,111.1015531660693
2020-04-30,213.14309201960066,247.23163001796104,249.96593673965936,453.9172749391727,283.9787440009125,354.398730376232,136.30832788259517,163.59731543624162,,235.8198198198198,,145.28076463560336
2020-05-31,222.7945990753917,264.2442922994591,263.43552311435525,483.4647201946472,288.7068487328192,366.0544792545438,140.0165842795767,175.337807606264,,245.82754182754184,,148.1863799283154
2020-06-30,226.8914345043508,268.53319875697963,267.44525547445255,497.16788321167877,285.8309912154739,355.60694824776425,138.4016984292783,187.00671140939596,,232.4015444015444,,144.7072879330944
2020-07-31,239.39345237813404,287.6426597510433,279.24087591240874,533.3333333333333,305.62079040262984,375.00950583178343,143.72484067655822,197.63758389261744,,250.5225225225225,,137.74910394265234
2020-08-31,256.16647487746025,300.1757975102422,302.90997566909977,584.2919708029198,319.6588745550951,384.71078462379296,149.8853311425114,221.11856823266217,,244.01544401544402,,136.2962962962963
2020-09-30,246.11758404025545,303.2733410628959,299.6788321167883,572.1849148418491,312.444859087856,374.83182673302866,143.96408302475058,208.85906040268458,,244.55083655083655,,114.50418160095579
2020-10-31,239.3085475748753,301.0812333179409,295.35766423357666,556.574209245742,303.47608310155874,361.25714358816543,142.70806069674072,198.40715883668904,,256.9060489060489,,109.80167264038232
2020-11-30,265.0451373909622,338.2994104659802,342.69586374695865,612.2043795620438,326.14173980606,389.9700859469337,166.75191669007253,220.99328859060404,,258.8005148005148,,140.5400238948626
2020-12-31,274.88399961657046,344.97104273323436,344.72019464720194,625.9075425790754,328.77388058464726,403.11833925478544,176.32161061776682,232.6979865771812,,258.2239382239382,,144.8984468339307
2021-01-31,271.8227097657408,336.63150239916666,330.0048661800486,630.6958637469586,312.3961157401044,408.7685345951867,173.15164950421808,230.74720357941834,,255.95881595881593,,150.3273596176822
2021-02-28,278.91495878087994,350.49896661181634,352.7396593673966,627.3479318734793,308.54539126772676,400.16886621545655,193.24800675237606,233.8970917225951,,240.35006435006437,,184.08602150537635
2021-03-31,290.75172822458467,375.5175876140194,383.26034063260346,654.2871046228711,332.96580849128617,414.8451597725992,203.65504889874356,237.69127516778522,,263.7425997425998,,187.5651135005974
2021-04-30,305.99448100911644,395.72310248056056,396.8077858880779,696.5255474452555,339.15621365574134,431.15610103828556,216.87318863637125,250.02237136465322,,274.77992277992274,,188.82676224611708
2021-05-31,307.67331626244123,415.8333083147124,409.2262773722628,672.8564476885646,345.15164542919007,439.2227321217514,227.22042019569068,247.69574944071587,,268.35521235521236,,199.60812425328555
2021-06-30,314.5079742530472,392.24432279834946,398.6374695863747,695.0851581508516,341.0572042180544,447.57364976322486,219.44504387943908,264.2684563758389,,260.4066924066924,,205.95459976105138
2021-07-31,321.66241889532097,400.3932450676385,402.374695863747,702.403892944039,348.5636797718032,469.6058580088144,218.4282638996216,274.5413870246085,,271.6911196911197,,188.82676224611708
2021-08-31,330.9875463128276,407.9703131425914,406.85158150851584,714.9391727493917,352.21943085317434,480.4798188526053,229.67265426466233,284.31319910514543,,282.2754182754183,,185.04181600955795
2021-09-30,315.2427438509456,376.9948776160543,380.8856447688564,698.588807785888,335.5492059221218,452.37098542960325,224.4691331914786,267.2393736017897,,263.0836550836551,,199.1493428912784
2021-10-31,337.03983655825374,405.6352418490524,406.7737226277372,783.0656934306569,347.29635273026116,475.5403399072231,240.79742345560692,289.0917225950783,,275.56241956241956,,219.71804062126643
2021-11-30,334.2310455878224,403.3954795879029,392.2919708029197,795.8734793187348,342.6169913461061,461.00618962908425,227.04098843454642,301.9597315436242,,270.86743886743886,,208.70728793309442
2021-12-31,348.80783525537953,431.7975712399276,411.9124087591241,795.8734793187348,375.8599545127079,500.6641644711452,233.56034242278812,311.1767337807606,,294.7953667953668,,212.1863799283154
2022-01-31,330.4657176756274,402.4423892640094,392.1751824817518,719.9999999999999,370.3032128690237,466.3365625917268,233.6201530098362,289.87919463087246,,285.1994851994852,,252.02389486260452
2022-02-28,320.1021501980621,397.3433560311794,388.8661800486618,690.7250608272507,365.0876746596009,461.8235134833561,230.39038130923944,275.7404921700223,,279.7631917631918,,269.8399044205496
2022-03-31,331.5532567254494,420.07456025603824,400.8953771289538,720.1946472019465,369.9132660870108,486.80519476827453,229.19416956827763,284.4384787472036,,306.6563706563706,,292.2437275985663
2022-04-30,302.3909224758576,405.2063512033004,370.374695863747,634.0827250608272,378.4433519435436,462.9961955351375,206.40633590295562,253.1006711409396,,293.4774774774775,,287.3118279569893
2022-05-31,302.4070029310203,409.97180282276764,368.661800486618,601.6155717761558,362.9917107062814,469.8901445668219,212.14815225957219,251.36465324384787,,306.1209781209781,,333.3811230585424
2022-06-30,277.0290072650603,350.7372391927897,340.0097323600973,535.2019464720195,351.82948407116146,455.71135248619265,188.10429626624037,227.50782997762866,,288.82368082368083,,273.39545997610514
2022-07-31,302.2708908116547,372.3247350289763,372.3211678832117,633.8880778588808,363.0891974017846,470.49425350258815,201.62148893910853,258.11185682326624,,304.55598455598454,,299.81362007168457
2022-08-31,289.4424754324146,359.3627066240254,361.77128953771296,605.3917274939172,356.36261541206164,443.34488721286175,197.6739901939346,242.07606263982103,,306.1621621621622,,307.7658303464755
2022-09-30,262.40980093021864,324.0983646399678,322.49148418491484,554.5498783454988,325.26435954653095,430.3743130037647,181.58494227799864,212.58165548098432,,269.7966537966538,,275.34528076463556
2022-10-31,283.3667434567958,353.024655970134,367.29927007299267,560.7007299270073,354.5591115452519,471.7380071938714,203.2363747894069,228.85011185682328,,275.02702702702703,,344.0860215053763
2022-11-30,298.5985257974722,394.34112151091506,395.99026763990264,569.0316301703162,376.2499012947208,494.0189661777175,217.1722415716117,243.32885906040272,,294.1776061776062,,348.48267622461174
2022-12-31,280.98973057465383,370.18028180021616,382.32603406326035,502.81265206812645,363.3816574882943,482.7541113166661,204.5522077044649,222.71140939597313,,290.34749034749035,,334.4133811230585
2023-01-31,298.34164945983514,403.3954795879029,396.4963503649635,578.8807785888077,359.4334463204134,473.9056921986794,218.66750624781392,243.32885906040272,,284.5405405405406,,343.8183990442055
2023-02-28,290.55120494870647,389.9569060210052,393.0705596107056,566.5790754257907,351.0983338548872,451.9090197728408,213.6434169357744,244.331096196868,,267.6962676962677,,319.9617682198327
2023-03-31,300.73549321838067,384.3813276262285,393.8880778588808,582.1508515815085,364.16155105232014,460.0467224958086,192.2910373596066,270.26398210290824,,278.77477477477476,,316.673835125448
2023-04-30,305.138965060119,383.8571279480871,389.29440389294405,575.6107055961071,377.46848498851125,474.5098011344456,198.39171723851172,269.9418344519016,,284.0875160875161,,325.46714456391874
2023-05-31,305.89642596696916,357.5041804924332,377.03163017031625,590.2092457420924,354.2179081109906,454.2543838764036,189.95842446473114,294.013422818792,,267.40797940797944,,292.81720430107526
2023-06-30,325.69632614307693,394.91297570525114,417.7907542579075,661.0608272506082,361.52941027373294,471.66693555436945,201.62148893910853,311.158836689038,,269.5083655083655,,310.3273596176822
2023-07-31,335.8381620111218,408.4945128207328,429.85888077858885,676.360097323601,369.23085921848815,476.7130219590045,211.31080404089894,319.19463087248323,,276.2213642213642,,334.45161290322585
2023-08-31,329.8883221322541,395.00828473764045,421.33333333333337,664.5644768856448,354.65659824075516,473.37265490241515,205.6287982713305,314.38031319910516,,259.2947232947233,,339.9569892473118
2023-09-30,313.8163717436743,374.3262247091526,394.66666666666663,626.6861313868612,335.402975878867,457.48814347374014,198.39171723851172,293.3870246085011,,242.69755469755472,,345.5770609318996
2023-10-31,306.9187855718652,362.46025017667915,382.90997566909977,592.1167883211679,330.77235784246346,442.56309917834085,193.54705968761647,293.5302013422818,,245.82754182754184,,325.6965352449223
2023-11-30,334.2895784446144,392.7208679602962,416.7396593673966,657.051094890511,344.4204952129158,466.6208491497345,214.72000750264004,331.38255033557044,,258.47104247104244,,323.36439665471926
2023-12-31,349.07494948280345,407.63673152922865,443.75669099756686,696.0973236009733,351.0983338548872,484.6375097634665,224.88780730081518,344.4832214765101,,260.8185328185328,,320.5352449223417
2024-01-31,354.6237428099148,391.76777763640274,439.4744525547445,665.3819951338198,355.436491804781,498.8518376638468,231.8258353983935,353.78970917225956,,253.07593307593308,,318.89127837514934
2024-02-29,372.965109968426,417.2629438005526,471.04622871046223,717.8978102189781,362.89422401077815,514.6297416332688,241.27590815199164,370.4340044742729,,255.75289575289574,,329.3285543608124
2024-03-31,384.5340326306383,442.66280093231296,490.3552311435523,715.8734793187348,372.20420343133674,524.9706651807955,251.92219264655148,372.7427293064877,,270.3732303732304,,360.9462365591398
2024-04-30,368.53162127705076,422.36197703338246,473.0705596107056,683.6788321167884,368.01227552469777,498.6741585650921,241.3955293260878,351.26621923937364,,274.8622908622909,,357.54360812425324
2024-05-31,386.22894833912574,436.18178672983754,480.8175182481752,685.0413625304136,376.9810515109951,510.64972982116245,249.05128446824324,376.12527964205816,,299.49034749034746,,356.32019115890085
2024-06-30,399.6194292278175,420.837032515153,474.4330900243309,710.07299270073,373.2765570818723,517.9345728701073,245.8813233546945,404.8859060402684,,280.6280566280566,,348.48267622461174
2024-07-31,404.14364742065476,439.08871221771255,497.75182481751824,729.8880778588808,379.46696224632745,531.7224709334763,261.6115077483419,391.58836689038037,,299.7786357786358,,356.3584229390681
2024-08-31,413.37214916980633,449.28677868337246,511.7664233576643,728.4476885644768,402.1813622985803,558.6230864849459,273.5736251579598,394.32662192393735,,314.1930501930502,,348.97968936678615
2024-09-30,421.72097855287166,459.2942270842537,527.2603406326034,780.029197080292,404.5697863384095,547.3226958041437,271.06158050194,404.04474272930645,,332.6846846846847,,335.67502986857824
2024-10-31,417.54731428257986,445.0455267420466,520.992700729927,766.4817518248175,390.53170218594425,521.9145846822139,277.99960859951835,397.74496644295306,,329.1016731016731,,338.6953405017921
2024-11-30,441.47331631604277,451.6695044931061,560.5450121654502,865.4014598540145,405.6421399889451,523.8335189487651,307.06755390488973,418.30872483221475,,341.5392535392536,,365.22819593787335
2024-12-31,430.4408376380563,400.9650992619745,512.9343065693431,873.3819951338199,383.1714566754502,488.8662723138296,289.06456720341487,416.14317673378076,,311.72200772200773,,327.4934289127837
2025-01-31,442.0697582651976,423.12444929249733,538.5888077858881,903.8248175182481,384.9749605422601,521.9145846822139,307.8450915365148,413.082774049217,,320.7413127413127,,335.06332138590204
2025-02-28,435.7737597881954,422.98148574391325,530.7250608272507,840.720194647202,404.9597331204224,529.2349635509097,312.0916432169292,403.6331096196868,,326.25997425997423,,347.9091995221027
2025-03-31,410.69729052370735,409.7335302417943,510.24817518248176,768.7007299270073,398.08692108744464,518.8585041836321,297.91653408653207,369.5391498881432,,324.7361647361647,,357.27598566308245
2025-04-30,407.56574695098936,399.77373635710774,510.8321167883212,767.9221411192214,398.86681465147046,499.1716600416054,291.6364224464827,375.7852348993289,,324.942084942085,,307.7658303464755
2025-05-31,432.64075110734035,411.4490928248025,555.9902676399026,832.3114355231145,403.741149426632,471.34711317661083,304.79475159706226,413.26174496644296,,337.37966537966537,,311.70370370370375
2025-06-30,454.10269139471416,418.4543067054194,574.2871046228711,846.0535279805354,394.67488674483155,478.9873144230653,313.22804437084284,453.20805369127515,,336.3088803088803,,324.2437275985663
2025-07-31,463.94153575315,418.073070575862,591.7664233576642,862.014598540146,388.87442836238927,463.49369701165085,313.22804437084284,470.2281879194631,,352.82368082368083,,333.41935483870964
2025-08-31,472.78725120074097,439.755875444438,591.7664233576642,902.1508515815085,393.74876313755084,488.3687708373164,322.91735947263334,469.70917225950785,,347.26383526383523,,345.5770609318996
2025-09-30,489.48784018314564,427.07977413665515,600.4087591240875,932.9051094890511,382.0016163294115,494.55200347398176,322.19963242805625,504.4474272930649,,359.16602316602314,,341.56272401433694
2025-10-31,500.5927881123984,408.25624023975945,603.6399026763991,934.0340632603408,371.81425664932385,512.6041999074648,313.22804437084284,538.1297539149888,,366.94980694980694,,336.93667861409796
2025-11-30,501.24336759393424,426.0313747803723,598.3065693430657,920.5255474452555,386.87595110457306,560.2221983737388,318.96986072745943,512.2505592841164,,373.25096525096524,,345.80645161290323
2025-12-31,500.98064869092144,432.2264618856797,603.8734793187349,929.7128953771288,378.63832533455,550.0944897447179,327.58258526238427,515.3288590604027,,351.6293436293436,,341.86857825567506
2026-01-31,507.82552670414185,469.587602582303,644.0486618004866,943.4160583941607,407.0556970737419,549.8812748262121,319.62777718498836,515.006711409396,,356.24195624195625,,390.34647550776583
2026-02-28,503.7045705924388,494.5585690683114,659.4257907542578,935.0851581508515,424.0183820913041,554.3943239345828,322.678117124441,494.28187919463085,,354.8416988416988,,403.95698924731175
